ISO-10303-21;
HEADER;
/* Generated by software containing ST-Developer
 * from STEP Tools, Inc. (www.steptools.com) 
 */
/* OPTION: using custom renumber hook */

FILE_DESCRIPTION(
/* description */ ('STEP AP242',
'CAx-IF Rec.Pracs.---Representation and Presentation of Product Manufa
cturing Information (PMI)---4.0---2014-10-13',
'CAx-IF Rec.Pracs.---3D Tessellated Geometry---0.4---2014-09-14','2;1'),

/* implementation_level */ '2;1');

FILE_NAME(
/* name */ '680ab08f2222ab037973fe9c',
/* time_stamp */ '2025-04-24T21:43:44Z',
/* author */ (''),
/* organization */ (''),
/* preprocessor_version */ 'ST-DEVELOPER v20',
/* originating_system */ 'ONSHAPE BY PTC INC, 1.196',
/* authorisation */ '  ');

FILE_SCHEMA (('AP242_MANAGED_MODEL_BASED_3D_ENGINEERING_MIM_LF { 1 0 10303 442 1 1 4 }'));
ENDSEC;

DATA;
#10=SHAPE_REPRESENTATION_RELATIONSHIP('','',#671,#13);
#11=SHAPE_REPRESENTATION_RELATIONSHIP('','',#672,#14);
#12=SHAPE_REPRESENTATION_RELATIONSHIP('','',#673,#15);
#13=ADVANCED_BREP_SHAPE_REPRESENTATION('',(#665),#2606);
#14=ADVANCED_BREP_SHAPE_REPRESENTATION('',(#666),#2607);
#15=ADVANCED_BREP_SHAPE_REPRESENTATION('',(#667),#2608);
#16=CYLINDRICAL_SURFACE('',#681,0.0180392133624925);
#17=ELLIPSE('',#677,0.03393,0.02443);
#18=ELLIPSE('',#679,0.0375,0.026);
#19=ELLIPSE('',#680,0.0180392137943787,0.0180392133624925);
#20=ELLIPSE('',#685,0.0526798231144412,0.0381519101974892);
#21=ELLIPSE('',#687,0.0526798231144412,0.0381519101974892);
#22=ELLIPSE('',#689,0.0526798231144412,0.0381519101974892);
#23=ELLIPSE('',#690,0.0526798231144412,0.0381519101974892);
#24=ELLIPSE('',#694,0.0407605784032652,0.0299633074516015);
#25=ELLIPSE('',#695,0.0407605784032652,0.0299633074516015);
#26=PLANE('',#676);
#27=PLANE('',#678);
#28=PLANE('',#683);
#29=PLANE('',#684);
#30=PLANE('',#686);
#31=PLANE('',#688);
#32=PLANE('',#691);
#33=PLANE('',#692);
#34=PLANE('',#696);
#35=PLANE('',#697);
#36=(
BOUNDED_SURFACE()
B_SPLINE_SURFACE(3,1,((#1430,#1431,#1432),(#1433,#1434,#1435),(#1436,#1437,
#1438),(#1439,#1440,#1441)),.RULED_SURF.,.F.,.F.,.F.)
B_SPLINE_SURFACE_WITH_KNOTS((4,4),(2,1,2),(0.514551411630264,0.594416091930018),
(-0.000922983855631444,0.,0.154744539241718),.PIECEWISE_BEZIER_KNOTS.)
GEOMETRIC_REPRESENTATION_ITEM()
RATIONAL_B_SPLINE_SURFACE(((0.94348830212241,0.94348830212241,0.94348830212241),
(0.843200162190798,0.843200162190798,0.843200162190798),(0.759921001350871,
0.759921001350871,0.759921001350871),(0.69365081960263,0.69365081960263,
0.69365081960263)))
REPRESENTATION_ITEM('')
SURFACE()
);
#37=(
BOUNDED_SURFACE()
B_SPLINE_SURFACE(3,1,((#1456,#1457),(#1458,#1459),(#1460,#1461),(#1462,
#1463)),.RULED_SURF.,.F.,.F.,.F.)
B_SPLINE_SURFACE_WITH_KNOTS((4,4),(2,2),(0.404777616064737,0.486666206009755),
(0.,0.167814216247037),.UNSPECIFIED.)
GEOMETRIC_REPRESENTATION_ITEM()
RATIONAL_B_SPLINE_SURFACE(((0.691648883477465,0.691648883477465),(0.759246327395293,
0.759246327395293),(0.844725747748276,0.844725747748276),(0.948087144536415,
0.948087144536415)))
REPRESENTATION_ITEM('')
SURFACE()
);
#38=(
BOUNDED_SURFACE()
B_SPLINE_SURFACE(3,1,((#1464,#1465,#1466),(#1467,#1468,#1469),(#1470,#1471,
#1472),(#1473,#1474,#1475),(#1476,#1477,#1478),(#1479,#1480,#1481),(#1482,
#1483,#1484)),.RULED_SURF.,.F.,.F.,.F.)
B_SPLINE_SURFACE_WITH_KNOTS((4,3,4),(2,1,2),(0.556049687209007,1.,1.4418100156398),
(0.,1.,1.00600029534613),.PIECEWISE_BEZIER_KNOTS.)
GEOMETRIC_REPRESENTATION_ITEM()
RATIONAL_B_SPLINE_SURFACE(((0.800933790653793,0.800933790653793,0.800933790653793),
(0.341710846496606,0.341710846496606,0.341710846496606),(0.408066249612008,
0.408066249612008,0.408066249612008),(1.,1.,1.),(0.410919979146928,0.410919979146928,
0.410919979146928),(0.342362864746239,0.342362864746239,0.342362864746239),
(0.794328656797933,0.794328656797933,0.794328656797933)))
REPRESENTATION_ITEM('')
SURFACE()
);
#39=CIRCLE('',#675,0.0167419050421027);
#40=LINE('',#964,#57);
#41=LINE('',#966,#58);
#42=LINE('',#1057,#59);
#43=LINE('',#1088,#60);
#44=LINE('',#1658,#61);
#45=LINE('',#1669,#62);
#46=LINE('',#1686,#63);
#47=LINE('',#1697,#64);
#48=LINE('',#1975,#65);
#49=LINE('',#2012,#66);
#50=LINE('',#2188,#67);
#51=LINE('',#2190,#68);
#52=LINE('',#2218,#69);
#53=LINE('',#2219,#70);
#54=LINE('',#2479,#71);
#55=LINE('',#2481,#72);
#56=LINE('',#2504,#73);
#57=VECTOR('',#700,1.);
#58=VECTOR('',#701,1.);
#59=VECTOR('',#702,1.);
#60=VECTOR('',#705,1.);
#61=VECTOR('',#720,1.);
#62=VECTOR('',#721,1.);
#63=VECTOR('',#722,1.);
#64=VECTOR('',#723,1.);
#65=VECTOR('',#724,1.);
#66=VECTOR('',#725,1.);
#67=VECTOR('',#726,1.);
#68=VECTOR('',#727,1.);
#69=VECTOR('',#728,1.);
#70=VECTOR('',#729,1.);
#71=VECTOR('',#730,1.);
#72=VECTOR('',#731,1.);
#73=VECTOR('',#732,1.);
#74=ORIENTED_EDGE('',*,*,#256,.F.);
#75=ORIENTED_EDGE('',*,*,#257,.T.);
#76=ORIENTED_EDGE('',*,*,#258,.F.);
#77=ORIENTED_EDGE('',*,*,#259,.T.);
#78=ORIENTED_EDGE('',*,*,#260,.F.);
#79=ORIENTED_EDGE('',*,*,#261,.T.);
#80=ORIENTED_EDGE('',*,*,#262,.F.);
#81=ORIENTED_EDGE('',*,*,#263,.T.);
#82=ORIENTED_EDGE('',*,*,#264,.F.);
#83=ORIENTED_EDGE('',*,*,#261,.F.);
#84=ORIENTED_EDGE('',*,*,#265,.F.);
#85=ORIENTED_EDGE('',*,*,#266,.T.);
#86=ORIENTED_EDGE('',*,*,#267,.T.);
#87=ORIENTED_EDGE('',*,*,#268,.F.);
#88=ORIENTED_EDGE('',*,*,#269,.T.);
#89=ORIENTED_EDGE('',*,*,#266,.F.);
#90=ORIENTED_EDGE('',*,*,#270,.F.);
#91=ORIENTED_EDGE('',*,*,#271,.T.);
#92=ORIENTED_EDGE('',*,*,#272,.T.);
#93=ORIENTED_EDGE('',*,*,#273,.F.);
#94=ORIENTED_EDGE('',*,*,#257,.F.);
#95=ORIENTED_EDGE('',*,*,#274,.F.);
#96=ORIENTED_EDGE('',*,*,#256,.T.);
#97=ORIENTED_EDGE('',*,*,#274,.T.);
#98=ORIENTED_EDGE('',*,*,#273,.T.);
#99=ORIENTED_EDGE('',*,*,#275,.F.);
#100=ORIENTED_EDGE('',*,*,#268,.T.);
#101=ORIENTED_EDGE('',*,*,#265,.T.);
#102=ORIENTED_EDGE('',*,*,#260,.T.);
#103=ORIENTED_EDGE('',*,*,#270,.T.);
#104=ORIENTED_EDGE('',*,*,#276,.T.);
#105=ORIENTED_EDGE('',*,*,#272,.F.);
#106=ORIENTED_EDGE('',*,*,#277,.T.);
#107=ORIENTED_EDGE('',*,*,#258,.T.);
#108=ORIENTED_EDGE('',*,*,#264,.T.);
#109=ORIENTED_EDGE('',*,*,#278,.F.);
#110=ORIENTED_EDGE('',*,*,#262,.T.);
#111=ORIENTED_EDGE('',*,*,#271,.F.);
#112=ORIENTED_EDGE('',*,*,#276,.F.);
#113=ORIENTED_EDGE('',*,*,#269,.F.);
#114=ORIENTED_EDGE('',*,*,#275,.T.);
#115=ORIENTED_EDGE('',*,*,#259,.F.);
#116=ORIENTED_EDGE('',*,*,#277,.F.);
#117=ORIENTED_EDGE('',*,*,#267,.F.);
#118=ORIENTED_EDGE('',*,*,#263,.F.);
#119=ORIENTED_EDGE('',*,*,#278,.T.);
#120=ORIENTED_EDGE('',*,*,#279,.T.);
#121=ORIENTED_EDGE('',*,*,#280,.T.);
#122=ORIENTED_EDGE('',*,*,#281,.T.);
#123=ORIENTED_EDGE('',*,*,#282,.F.);
#124=ORIENTED_EDGE('',*,*,#283,.T.);
#125=ORIENTED_EDGE('',*,*,#284,.T.);
#126=ORIENTED_EDGE('',*,*,#285,.T.);
#127=ORIENTED_EDGE('',*,*,#280,.F.);
#128=ORIENTED_EDGE('',*,*,#286,.T.);
#129=ORIENTED_EDGE('',*,*,#287,.F.);
#130=ORIENTED_EDGE('',*,*,#288,.T.);
#131=ORIENTED_EDGE('',*,*,#284,.F.);
#132=ORIENTED_EDGE('',*,*,#289,.T.);
#133=ORIENTED_EDGE('',*,*,#290,.F.);
#134=ORIENTED_EDGE('',*,*,#291,.T.);
#135=ORIENTED_EDGE('',*,*,#287,.T.);
#136=ORIENTED_EDGE('',*,*,#292,.T.);
#137=ORIENTED_EDGE('',*,*,#293,.T.);
#138=ORIENTED_EDGE('',*,*,#294,.T.);
#139=ORIENTED_EDGE('',*,*,#295,.F.);
#140=ORIENTED_EDGE('',*,*,#296,.T.);
#141=ORIENTED_EDGE('',*,*,#297,.T.);
#142=ORIENTED_EDGE('',*,*,#298,.T.);
#143=ORIENTED_EDGE('',*,*,#293,.F.);
#144=ORIENTED_EDGE('',*,*,#299,.T.);
#145=ORIENTED_EDGE('',*,*,#300,.T.);
#146=ORIENTED_EDGE('',*,*,#301,.T.);
#147=ORIENTED_EDGE('',*,*,#302,.T.);
#148=ORIENTED_EDGE('',*,*,#297,.F.);
#149=ORIENTED_EDGE('',*,*,#303,.T.);
#150=ORIENTED_EDGE('',*,*,#282,.T.);
#151=ORIENTED_EDGE('',*,*,#304,.T.);
#152=ORIENTED_EDGE('',*,*,#305,.F.);
#153=ORIENTED_EDGE('',*,*,#306,.T.);
#154=ORIENTED_EDGE('',*,*,#307,.F.);
#155=ORIENTED_EDGE('',*,*,#308,.T.);
#156=ORIENTED_EDGE('',*,*,#309,.F.);
#157=ORIENTED_EDGE('',*,*,#310,.T.);
#158=ORIENTED_EDGE('',*,*,#305,.T.);
#159=ORIENTED_EDGE('',*,*,#311,.T.);
#160=ORIENTED_EDGE('',*,*,#307,.T.);
#161=ORIENTED_EDGE('',*,*,#312,.F.);
#162=ORIENTED_EDGE('',*,*,#313,.T.);
#163=ORIENTED_EDGE('',*,*,#314,.F.);
#164=ORIENTED_EDGE('',*,*,#315,.F.);
#165=ORIENTED_EDGE('',*,*,#316,.F.);
#166=ORIENTED_EDGE('',*,*,#315,.T.);
#167=ORIENTED_EDGE('',*,*,#317,.F.);
#168=ORIENTED_EDGE('',*,*,#318,.F.);
#169=ORIENTED_EDGE('',*,*,#319,.T.);
#170=ORIENTED_EDGE('',*,*,#318,.T.);
#171=ORIENTED_EDGE('',*,*,#320,.F.);
#172=ORIENTED_EDGE('',*,*,#321,.F.);
#173=ORIENTED_EDGE('',*,*,#322,.T.);
#174=ORIENTED_EDGE('',*,*,#321,.T.);
#175=ORIENTED_EDGE('',*,*,#323,.F.);
#176=ORIENTED_EDGE('',*,*,#290,.T.);
#177=ORIENTED_EDGE('',*,*,#324,.F.);
#178=ORIENTED_EDGE('',*,*,#295,.T.);
#179=ORIENTED_EDGE('',*,*,#325,.F.);
#180=ORIENTED_EDGE('',*,*,#326,.F.);
#181=ORIENTED_EDGE('',*,*,#327,.F.);
#182=ORIENTED_EDGE('',*,*,#326,.T.);
#183=ORIENTED_EDGE('',*,*,#328,.F.);
#184=ORIENTED_EDGE('',*,*,#329,.F.);
#185=ORIENTED_EDGE('',*,*,#330,.F.);
#186=ORIENTED_EDGE('',*,*,#329,.T.);
#187=ORIENTED_EDGE('',*,*,#331,.F.);
#188=ORIENTED_EDGE('',*,*,#332,.F.);
#189=ORIENTED_EDGE('',*,*,#300,.F.);
#190=ORIENTED_EDGE('',*,*,#333,.F.);
#191=ORIENTED_EDGE('',*,*,#334,.F.);
#192=ORIENTED_EDGE('',*,*,#335,.F.);
#193=ORIENTED_EDGE('',*,*,#313,.F.);
#194=ORIENTED_EDGE('',*,*,#336,.T.);
#195=ORIENTED_EDGE('',*,*,#309,.T.);
#196=ORIENTED_EDGE('',*,*,#337,.F.);
#197=ORIENTED_EDGE('',*,*,#338,.F.);
#198=ORIENTED_EDGE('',*,*,#339,.T.);
#199=ORIENTED_EDGE('',*,*,#338,.T.);
#200=ORIENTED_EDGE('',*,*,#340,.F.);
#201=ORIENTED_EDGE('',*,*,#334,.T.);
#202=ORIENTED_EDGE('',*,*,#336,.F.);
#203=ORIENTED_EDGE('',*,*,#339,.F.);
#204=ORIENTED_EDGE('',*,*,#333,.T.);
#205=ORIENTED_EDGE('',*,*,#312,.T.);
#206=ORIENTED_EDGE('',*,*,#316,.T.);
#207=ORIENTED_EDGE('',*,*,#319,.F.);
#208=ORIENTED_EDGE('',*,*,#322,.F.);
#209=ORIENTED_EDGE('',*,*,#289,.F.);
#210=ORIENTED_EDGE('',*,*,#286,.F.);
#211=ORIENTED_EDGE('',*,*,#283,.F.);
#212=ORIENTED_EDGE('',*,*,#279,.F.);
#213=ORIENTED_EDGE('',*,*,#303,.F.);
#214=ORIENTED_EDGE('',*,*,#310,.F.);
#215=ORIENTED_EDGE('',*,*,#306,.F.);
#216=ORIENTED_EDGE('',*,*,#330,.T.);
#217=ORIENTED_EDGE('',*,*,#299,.F.);
#218=ORIENTED_EDGE('',*,*,#296,.F.);
#219=ORIENTED_EDGE('',*,*,#292,.F.);
#220=ORIENTED_EDGE('',*,*,#324,.T.);
#221=ORIENTED_EDGE('',*,*,#327,.T.);
#222=ORIENTED_EDGE('',*,*,#341,.F.);
#223=ORIENTED_EDGE('',*,*,#331,.T.);
#224=ORIENTED_EDGE('',*,*,#328,.T.);
#225=ORIENTED_EDGE('',*,*,#325,.T.);
#226=ORIENTED_EDGE('',*,*,#294,.F.);
#227=ORIENTED_EDGE('',*,*,#298,.F.);
#228=ORIENTED_EDGE('',*,*,#302,.F.);
#229=ORIENTED_EDGE('',*,*,#301,.F.);
#230=ORIENTED_EDGE('',*,*,#342,.F.);
#231=ORIENTED_EDGE('',*,*,#343,.T.);
#232=ORIENTED_EDGE('',*,*,#343,.F.);
#233=ORIENTED_EDGE('',*,*,#344,.T.);
#234=ORIENTED_EDGE('',*,*,#341,.T.);
#235=ORIENTED_EDGE('',*,*,#342,.T.);
#236=ORIENTED_EDGE('',*,*,#344,.F.);
#237=ORIENTED_EDGE('',*,*,#332,.T.);
#238=ORIENTED_EDGE('',*,*,#320,.T.);
#239=ORIENTED_EDGE('',*,*,#317,.T.);
#240=ORIENTED_EDGE('',*,*,#314,.T.);
#241=ORIENTED_EDGE('',*,*,#335,.T.);
#242=ORIENTED_EDGE('',*,*,#340,.T.);
#243=ORIENTED_EDGE('',*,*,#337,.T.);
#244=ORIENTED_EDGE('',*,*,#308,.F.);
#245=ORIENTED_EDGE('',*,*,#311,.F.);
#246=ORIENTED_EDGE('',*,*,#304,.F.);
#247=ORIENTED_EDGE('',*,*,#281,.F.);
#248=ORIENTED_EDGE('',*,*,#285,.F.);
#249=ORIENTED_EDGE('',*,*,#288,.F.);
#250=ORIENTED_EDGE('',*,*,#291,.F.);
#251=ORIENTED_EDGE('',*,*,#323,.T.);
#252=ORIENTED_EDGE('',*,*,#345,.F.);
#253=ORIENTED_EDGE('',*,*,#346,.T.);
#254=ORIENTED_EDGE('',*,*,#345,.T.);
#255=ORIENTED_EDGE('',*,*,#346,.F.);
#256=EDGE_CURVE('',#347,#348,#407,.T.);
#257=EDGE_CURVE('',#347,#348,#408,.T.);
#258=EDGE_CURVE('',#349,#350,#409,.T.);
#259=EDGE_CURVE('',#349,#351,#410,.T.);
#260=EDGE_CURVE('',#352,#351,#40,.T.);
#261=EDGE_CURVE('',#352,#350,#41,.T.);
#262=EDGE_CURVE('',#353,#354,#411,.T.);
#263=EDGE_CURVE('',#353,#355,#412,.F.);
#264=EDGE_CURVE('',#350,#355,#413,.T.);
#265=EDGE_CURVE('',#356,#352,#414,.T.);
#266=EDGE_CURVE('',#356,#357,#42,.T.);
#267=EDGE_CURVE('',#357,#354,#39,.T.);
#268=EDGE_CURVE('',#358,#356,#43,.T.);
#269=EDGE_CURVE('',#358,#357,#415,.T.);
#270=EDGE_CURVE('',#351,#359,#416,.T.);
#271=EDGE_CURVE('',#351,#359,#417,.T.);
#272=EDGE_CURVE('',#360,#360,#418,.T.);
#273=EDGE_CURVE('',#361,#361,#419,.T.);
#274=EDGE_CURVE('',#348,#347,#420,.T.);
#275=EDGE_CURVE('',#358,#351,#17,.T.);
#276=EDGE_CURVE('',#359,#351,#421,.T.);
#277=EDGE_CURVE('',#354,#349,#18,.T.);
#278=EDGE_CURVE('',#353,#355,#19,.F.);
#279=EDGE_CURVE('',#362,#363,#422,.T.);
#280=EDGE_CURVE('',#363,#364,#423,.T.);
#281=EDGE_CURVE('',#364,#365,#424,.T.);
#282=EDGE_CURVE('',#362,#365,#425,.T.);
#283=EDGE_CURVE('',#363,#366,#426,.T.);
#284=EDGE_CURVE('',#366,#367,#427,.T.);
#285=EDGE_CURVE('',#367,#364,#428,.T.);
#286=EDGE_CURVE('',#366,#368,#44,.T.);
#287=EDGE_CURVE('',#369,#368,#429,.T.);
#288=EDGE_CURVE('',#369,#367,#45,.T.);
#289=EDGE_CURVE('',#368,#370,#46,.T.);
#290=EDGE_CURVE('',#371,#370,#430,.T.);
#291=EDGE_CURVE('',#371,#369,#47,.T.);
#292=EDGE_CURVE('',#372,#373,#431,.T.);
#293=EDGE_CURVE('',#373,#374,#432,.T.);
#294=EDGE_CURVE('',#374,#375,#433,.T.);
#295=EDGE_CURVE('',#372,#375,#434,.T.);
#296=EDGE_CURVE('',#373,#376,#435,.T.);
#297=EDGE_CURVE('',#376,#377,#436,.T.);
#298=EDGE_CURVE('',#377,#374,#437,.T.);
#299=EDGE_CURVE('',#376,#378,#438,.T.);
#300=EDGE_CURVE('',#378,#379,#439,.T.);
#301=EDGE_CURVE('',#379,#380,#440,.T.);
#302=EDGE_CURVE('',#380,#377,#441,.T.);
#303=EDGE_CURVE('',#381,#362,#442,.T.);
#304=EDGE_CURVE('',#365,#382,#443,.T.);
#305=EDGE_CURVE('',#381,#382,#444,.T.);
#306=EDGE_CURVE('',#383,#384,#48,.T.);
#307=EDGE_CURVE('',#385,#384,#445,.T.);
#308=EDGE_CURVE('',#385,#386,#446,.T.);
#309=EDGE_CURVE('',#383,#386,#447,.F.);
#310=EDGE_CURVE('',#384,#381,#49,.T.);
#311=EDGE_CURVE('',#382,#385,#448,.T.);
#312=EDGE_CURVE('',#387,#388,#449,.T.);
#313=EDGE_CURVE('',#387,#389,#450,.T.);
#314=EDGE_CURVE('',#390,#389,#451,.T.);
#315=EDGE_CURVE('',#388,#390,#452,.T.);
#316=EDGE_CURVE('',#388,#391,#453,.T.);
#317=EDGE_CURVE('',#392,#390,#454,.T.);
#318=EDGE_CURVE('',#391,#392,#455,.T.);
#319=EDGE_CURVE('',#393,#391,#50,.T.);
#320=EDGE_CURVE('',#394,#392,#51,.T.);
#321=EDGE_CURVE('',#393,#394,#456,.T.);
#322=EDGE_CURVE('',#370,#393,#52,.T.);
#323=EDGE_CURVE('',#371,#394,#53,.T.);
#324=EDGE_CURVE('',#372,#395,#457,.T.);
#325=EDGE_CURVE('',#396,#375,#458,.T.);
#326=EDGE_CURVE('',#395,#396,#459,.T.);
#327=EDGE_CURVE('',#395,#397,#460,.T.);
#328=EDGE_CURVE('',#398,#396,#461,.T.);
#329=EDGE_CURVE('',#397,#398,#462,.T.);
#330=EDGE_CURVE('',#397,#378,#463,.T.);
#331=EDGE_CURVE('',#399,#398,#464,.T.);
#332=EDGE_CURVE('',#379,#399,#465,.T.);
#333=EDGE_CURVE('',#400,#387,#466,.T.);
#334=EDGE_CURVE('',#401,#400,#467,.T.);
#335=EDGE_CURVE('',#389,#401,#468,.T.);
#336=EDGE_CURVE('',#402,#383,#54,.T.);
#337=EDGE_CURVE('',#403,#386,#55,.T.);
#338=EDGE_CURVE('',#402,#403,#469,.T.);
#339=EDGE_CURVE('',#400,#402,#56,.T.);
#340=EDGE_CURVE('',#401,#403,#470,.T.);
#341=EDGE_CURVE('',#399,#380,#20,.T.);
#342=EDGE_CURVE('',#380,#379,#21,.T.);
#343=EDGE_CURVE('',#404,#404,#22,.T.);
#344=EDGE_CURVE('',#379,#399,#23,.T.);
#345=EDGE_CURVE('',#405,#405,#24,.T.);
#346=EDGE_CURVE('',#406,#406,#25,.T.);
#347=VERTEX_POINT('',#796);
#348=VERTEX_POINT('',#797);
#349=VERTEX_POINT('',#941);
#350=VERTEX_POINT('',#942);
#351=VERTEX_POINT('',#963);
#352=VERTEX_POINT('',#965);
#353=VERTEX_POINT('',#1041);
#354=VERTEX_POINT('',#1042);
#355=VERTEX_POINT('',#1047);
#356=VERTEX_POINT('',#1056);
#357=VERTEX_POINT('',#1058);
#358=VERTEX_POINT('',#1089);
#359=VERTEX_POINT('',#1130);
#360=VERTEX_POINT('',#1391);
#361=VERTEX_POINT('',#1429);
#362=VERTEX_POINT('',#1526);
#363=VERTEX_POINT('',#1527);
#364=VERTEX_POINT('',#1535);
#365=VERTEX_POINT('',#1546);
#366=VERTEX_POINT('',#1591);
#367=VERTEX_POINT('',#1599);
#368=VERTEX_POINT('',#1659);
#369=VERTEX_POINT('',#1668);
#370=VERTEX_POINT('',#1687);
#371=VERTEX_POINT('',#1696);
#372=VERTEX_POINT('',#1735);
#373=VERTEX_POINT('',#1736);
#374=VERTEX_POINT('',#1744);
#375=VERTEX_POINT('',#1756);
#376=VERTEX_POINT('',#1803);
#377=VERTEX_POINT('',#1811);
#378=VERTEX_POINT('',#1861);
#379=VERTEX_POINT('',#1869);
#380=VERTEX_POINT('',#1878);
#381=VERTEX_POINT('',#1943);
#382=VERTEX_POINT('',#1953);
#383=VERTEX_POINT('',#1976);
#384=VERTEX_POINT('',#1977);
#385=VERTEX_POINT('',#1985);
#386=VERTEX_POINT('',#1990);
#387=VERTEX_POINT('',#2056);
#388=VERTEX_POINT('',#2057);
#389=VERTEX_POINT('',#2065);
#390=VERTEX_POINT('',#2076);
#391=VERTEX_POINT('',#2121);
#392=VERTEX_POINT('',#2131);
#393=VERTEX_POINT('',#2189);
#394=VERTEX_POINT('',#2191);
#395=VERTEX_POINT('',#2257);
#396=VERTEX_POINT('',#2269);
#397=VERTEX_POINT('',#2316);
#398=VERTEX_POINT('',#2327);
#399=VERTEX_POINT('',#2379);
#400=VERTEX_POINT('',#2447);
#401=VERTEX_POINT('',#2455);
#402=VERTEX_POINT('',#2480);
#403=VERTEX_POINT('',#2482);
#404=VERTEX_POINT('',#2516);
#405=VERTEX_POINT('',#2598);
#406=VERTEX_POINT('',#2600);
#407=B_SPLINE_CURVE_WITH_KNOTS('',3,(#792,#793,#794,#795),.UNSPECIFIED.,
 .F.,.F.,(4,4),(1.0842021724855E-18,0.0099312946279993),.UNSPECIFIED.);
#408=B_SPLINE_CURVE_WITH_KNOTS('',3,(#798,#799,#800,#801,#802,#803,#804,
#805,#806,#807,#808,#809,#810,#811,#812,#813,#814,#815,#816,#817,#818,#819,
#820,#821,#822,#823,#824,#825,#826,#827,#828,#829,#830,#831,#832,#833,#834,
#835,#836,#837,#838,#839,#840,#841,#842,#843,#844,#845,#846,#847,#848,#849,
#850,#851,#852,#853,#854,#855,#856,#857,#858,#859,#860,#861,#862,#863,#864,
#865,#866),.UNSPECIFIED.,.F.,.F.,(4,1,1,1,1,1,1,1,1,1,1,1,1,1,1,1,1,1,1,
1,1,1,1,1,1,1,1,1,1,1,1,1,1,1,1,1,1,1,1,1,1,1,1,1,1,1,1,1,1,1,1,1,1,1,1,
1,1,1,1,1,1,1,1,1,1,1,4),(0.,0.03125,0.046875,0.0625,0.078125,0.09375,0.109375,
0.125,0.140625,0.15625,0.1875,0.21875,0.234375,0.25,0.265625,0.28125,0.296875,
0.3046875,0.30859375,0.3125,0.31640625,0.3203125,0.328125,0.34375,0.359375,
0.3671875,0.375,0.3828125,0.390625,0.40625,0.421875,0.4296875,0.4375,0.4453125,
0.453125,0.46875,0.484375,0.4921875,0.5,0.5078125,0.515625,0.53125,0.546875,
0.5625,0.578125,0.59375,0.609375,0.6171875,0.62109375,0.625,0.62890625,
0.6328125,0.640625,0.65625,0.6875,0.71875,0.734375,0.7421875,0.75,0.7578125,
0.765625,0.78125,0.8125,0.84375,0.875,0.9375,1.),.UNSPECIFIED.);
#409=B_SPLINE_CURVE_WITH_KNOTS('',3,(#937,#938,#939,#940),.UNSPECIFIED.,
 .F.,.F.,(4,4),(1.7347234759768E-18,0.000166238391246015),.UNSPECIFIED.);
#410=B_SPLINE_CURVE_WITH_KNOTS('',3,(#943,#944,#945,#946,#947,#948,#949,
#950,#951,#952,#953,#954,#955,#956,#957,#958,#959,#960,#961,#962),
 .UNSPECIFIED.,.F.,.F.,(4,1,1,1,1,1,1,1,1,1,1,1,1,1,1,1,1,4),(0.,0.000876670949104734,
0.00175334189820947,0.0026300128473142,0.00350668379641894,0.00438335474552367,
0.00526002569462841,0.00701336759283788,0.00876670949104734,0.0105200513892568,
0.0140267351856758,0.0175334189820947,0.0210401027785136,0.0280534703713515,
0.0350668379641894,0.0420802055570273,0.0490935731498651,0.056106940742703),
 .UNSPECIFIED.);
#411=B_SPLINE_CURVE_WITH_KNOTS('',3,(#1037,#1038,#1039,#1040),
 .UNSPECIFIED.,.F.,.F.,(4,4),(0.,0.00531267438646562),.UNSPECIFIED.);
#412=B_SPLINE_CURVE_WITH_KNOTS('',3,(#1043,#1044,#1045,#1046),
 .UNSPECIFIED.,.F.,.F.,(4,4),(0.,1.),.UNSPECIFIED.);
#413=B_SPLINE_CURVE_WITH_KNOTS('',3,(#1048,#1049,#1050,#1051),
 .UNSPECIFIED.,.F.,.F.,(4,4),(1.60723125672785E-9,0.00574026963329048),
 .UNSPECIFIED.);
#414=B_SPLINE_CURVE_WITH_KNOTS('',3,(#1052,#1053,#1054,#1055),
 .UNSPECIFIED.,.F.,.F.,(4,4),(3.24384944609679E-10,0.0216600010064972),
 .UNSPECIFIED.);
#415=B_SPLINE_CURVE_WITH_KNOTS('',3,(#1090,#1091,#1092,#1093,#1094,#1095,
#1096,#1097,#1098,#1099,#1100,#1101,#1102,#1103,#1104,#1105,#1106,#1107,
#1108,#1109),.UNSPECIFIED.,.F.,.F.,(4,1,1,1,1,1,1,1,1,1,1,1,1,1,1,1,1,4),
(7.87996679443744E-11,0.0070541574516583,0.0141083148245169,0.0211624721973756,
0.0282166295702342,0.0352707869430928,0.0387978656295221,0.0423249443159515,
0.0458520230023808,0.0476155623455954,0.0493791016888101,0.0511426410320248,
0.0520244107036321,0.0529061803752394,0.0537879500468467,0.0546697197184541,
0.0555514893900614,0.0564332590616687),.UNSPECIFIED.);
#416=B_SPLINE_CURVE_WITH_KNOTS('',3,(#1126,#1127,#1128,#1129),
 .UNSPECIFIED.,.F.,.F.,(4,4),(0.,0.010181617887083),.UNSPECIFIED.);
#417=B_SPLINE_CURVE_WITH_KNOTS('',3,(#1131,#1132,#1133,#1134,#1135,#1136,
#1137,#1138,#1139,#1140,#1141,#1142,#1143,#1144,#1145,#1146,#1147,#1148,
#1149,#1150,#1151,#1152,#1153,#1154,#1155,#1156,#1157,#1158,#1159,#1160,
#1161,#1162,#1163,#1164,#1165,#1166,#1167,#1168,#1169,#1170,#1171,#1172,
#1173,#1174,#1175,#1176,#1177,#1178,#1179,#1180,#1181,#1182,#1183,#1184,
#1185,#1186,#1187,#1188,#1189,#1190,#1191,#1192,#1193),.UNSPECIFIED.,.F.,
 .F.,(4,1,1,1,1,1,1,1,1,1,1,1,1,1,1,1,1,1,1,1,1,1,1,1,1,1,1,1,1,1,1,1,1,
1,1,1,1,1,1,1,1,1,1,1,1,1,1,1,1,1,1,1,1,1,1,1,1,1,1,1,4),(0.,0.0625,0.125,
0.15625,0.1875,0.21875,0.234375,0.2421875,0.25,0.2578125,0.265625,0.28125,
0.3125,0.34375,0.359375,0.3671875,0.375,0.3828125,0.390625,0.3984375,0.40625,
0.421875,0.4375,0.453125,0.46875,0.484375,0.4921875,0.5,0.5078125,0.515625,
0.53125,0.546875,0.5546875,0.5625,0.5703125,0.578125,0.59375,0.609375,0.625,
0.640625,0.65625,0.6875,0.71875,0.734375,0.7421875,0.75,0.7578125,0.765625,
0.78125,0.796875,0.8125,0.84375,0.859375,0.875,0.890625,0.90625,0.921875,
0.9375,0.953125,0.96875,1.),.UNSPECIFIED.);
#418=B_SPLINE_CURVE_WITH_KNOTS('',3,(#1350,#1351,#1352,#1353,#1354,#1355,
#1356,#1357,#1358,#1359,#1360,#1361,#1362,#1363,#1364,#1365,#1366,#1367,
#1368,#1369,#1370,#1371,#1372,#1373,#1374,#1375,#1376,#1377,#1378,#1379,
#1380,#1381,#1382,#1383,#1384,#1385,#1386,#1387,#1388,#1389,#1390),
 .UNSPECIFIED.,.T.,.F.,(1,1,1,1,1,1,1,1,1,1,1,1,1,1,1,1,1,1,1,1,1,1,1,1,
1,1,1,1,1,1,1,1,1,1,1,1,1,1,1,1,1,1,1,1,1),(-0.00882738544362618,-0.00588492362908413,
-0.00294246181454208,0.,0.00588492362908411,0.0117698472581682,0.0176547708872523,
0.0235396945163364,0.0294246181454205,0.0353095417745046,0.0470793890326729,
0.052964312661757,0.0588492362908411,0.0647341599199252,0.0706190835490093,
0.0765040071780934,0.0794464689926354,0.0823889308071775,0.0853313926217195,
0.0882738544362616,0.0912163162508036,0.0941587780653457,0.0971012398798878,
0.10004370169443,0.102986163508972,0.105928625323514,0.111813548952598,
0.117698472581682,0.123583396210766,0.12946831983985,0.135353243468934,
0.141238167098019,0.147123090727103,0.153008014356187,0.158892937985271,
0.164777861614355,0.170662785243439,0.176547708872523,0.179490170687065,
0.182432632501607,0.185375094316149,0.188317556130691,0.194202479759776,
0.20008740338886,0.205972327017944),.UNSPECIFIED.);
#419=B_SPLINE_CURVE_WITH_KNOTS('',3,(#1392,#1393,#1394,#1395,#1396,#1397,
#1398,#1399,#1400,#1401,#1402,#1403,#1404,#1405,#1406,#1407,#1408,#1409,
#1410,#1411,#1412,#1413,#1414,#1415,#1416,#1417,#1418,#1419,#1420,#1421,
#1422,#1423,#1424,#1425,#1426,#1427,#1428),.UNSPECIFIED.,.T.,.F.,(1,1,1,
1,1,1,1,1,1,1,1,1,1,1,1,1,1,1,1,1,1,1,1,1,1,1,1,1,1,1,1,1,1,1,1,1,1,1,1,
1,1),(-0.00804792130677801,-0.00536528087118535,-0.00268264043559266,0.,
0.00536528087118534,0.0107305617423707,0.0134132021779633,0.016095842613556,
0.0214611234847414,0.0268264043559267,0.032191685227112,0.0429222469694827,
0.048287527840668,0.0536528087118534,0.0590180895830387,0.0643833704542241,
0.0697486513254094,0.0751139321965947,0.0804792130677801,0.0858444939389654,
0.0912097748101507,0.0965750556813361,0.0992576961169288,0.101940336552521,
0.107305617423707,0.112670898294892,0.118036179166077,0.128766740908448,
0.134132021779633,0.139497302650819,0.144862583522004,0.150227864393189,
0.155593145264375,0.16095842613556,0.163641066571153,0.166323707006745,
0.169006347442338,0.171688987877931,0.177054268749116,0.182419549620301,
0.185102190055894),.UNSPECIFIED.);
#420=B_SPLINE_CURVE_WITH_KNOTS('',3,(#1442,#1443,#1444,#1445),
 .UNSPECIFIED.,.F.,.F.,(4,4),(0.,0.00991533748835462),.UNSPECIFIED.);
#421=B_SPLINE_CURVE_WITH_KNOTS('',3,(#1448,#1449,#1450,#1451,#1452),
 .UNSPECIFIED.,.F.,.F.,(4,1,4),(0.,0.0050829509078424,0.0101659018156848),
 .UNSPECIFIED.);
#422=B_SPLINE_CURVE_WITH_KNOTS('',3,(#1515,#1516,#1517,#1518,#1519,#1520,
#1521,#1522,#1523,#1524,#1525),.UNSPECIFIED.,.F.,.F.,(4,1,1,1,1,1,1,1,4),
(0.,0.00660756946252359,0.0132151389250472,0.0198227083875708,0.0264302778500944,
0.0330378473126179,0.0396454167751415,0.0462529862376651,0.0528605557001887),
 .UNSPECIFIED.);
#423=B_SPLINE_CURVE_WITH_KNOTS('',3,(#1528,#1529,#1530,#1531,#1532,#1533,
#1534),.UNSPECIFIED.,.F.,.F.,(4,1,1,1,4),(0.,0.230976210306725,0.497074384970499,
0.794758349309756,1.),.UNSPECIFIED.);
#424=B_SPLINE_CURVE_WITH_KNOTS('',3,(#1536,#1537,#1538,#1539,#1540,#1541,
#1542,#1543,#1544,#1545),.UNSPECIFIED.,.F.,.F.,(4,1,1,1,1,1,1,4),(5.92859355033443E-17,
0.0119958958357872,0.0179938437536807,0.0239917916715743,0.0299897395894678,
0.0359876875073614,0.0419856354252549,0.0479835833431485),.UNSPECIFIED.);
#425=B_SPLINE_CURVE_WITH_KNOTS('',3,(#1547,#1548,#1549,#1550,#1551,#1552,
#1553),.UNSPECIFIED.,.F.,.F.,(4,1,1,1,4),(0.,0.230976210306725,0.497074384970499,
0.794758349309756,1.),.UNSPECIFIED.);
#426=B_SPLINE_CURVE_WITH_KNOTS('',3,(#1582,#1583,#1584,#1585,#1586,#1587,
#1588,#1589,#1590),.UNSPECIFIED.,.F.,.F.,(4,1,1,1,1,1,4),(0.,0.00813467977031058,
0.0122020196554659,0.0162693595406212,0.0203366994257764,0.0244040393109317,
0.0325387190812423),.UNSPECIFIED.);
#427=B_SPLINE_CURVE_WITH_KNOTS('',3,(#1592,#1593,#1594,#1595,#1596,#1597,
#1598),.UNSPECIFIED.,.F.,.F.,(4,1,1,1,4),(0.,0.230976210306725,0.497074384970499,
0.794758349309756,1.),.UNSPECIFIED.);
#428=B_SPLINE_CURVE_WITH_KNOTS('',3,(#1600,#1601,#1602,#1603,#1604,#1605,
#1606,#1607,#1608),.UNSPECIFIED.,.F.,.F.,(4,1,1,1,1,1,4),(5.59431511413976E-17,
0.0073819008961754,0.0110728513442631,0.0147638017923507,0.0184547522404384,
0.0221457026885261,0.0295276035847014),.UNSPECIFIED.);
#429=B_SPLINE_CURVE_WITH_KNOTS('',3,(#1660,#1661,#1662,#1663,#1664,#1665,
#1666,#1667),.UNSPECIFIED.,.F.,.F.,(4,1,1,1,1,4),(0.,0.0126756468825909,
0.0253512937651818,0.0507025875303635,0.0760538812955453,0.101405175060727),
 .UNSPECIFIED.);
#430=B_SPLINE_CURVE_WITH_KNOTS('',3,(#1688,#1689,#1690,#1691,#1692,#1693,
#1694,#1695),.UNSPECIFIED.,.F.,.F.,(4,1,1,1,1,4),(0.,0.25,0.5,0.625,0.75,
1.),.UNSPECIFIED.);
#431=B_SPLINE_CURVE_WITH_KNOTS('',3,(#1726,#1727,#1728,#1729,#1730,#1731,
#1732,#1733,#1734),.UNSPECIFIED.,.F.,.F.,(4,1,1,1,1,1,4),(0.,0.0116176883833346,
0.0174265325750019,0.0232353767666692,0.0290442209583365,0.0348530651500038,
0.0464707535333384),.UNSPECIFIED.);
#432=B_SPLINE_CURVE_WITH_KNOTS('',3,(#1737,#1738,#1739,#1740,#1741,#1742,
#1743),.UNSPECIFIED.,.F.,.F.,(4,1,1,1,4),(0.,0.230976210306725,0.497074384970499,
0.794758349309756,1.),.UNSPECIFIED.);
#433=B_SPLINE_CURVE_WITH_KNOTS('',3,(#1745,#1746,#1747,#1748,#1749,#1750,
#1751,#1752,#1753,#1754,#1755),.UNSPECIFIED.,.F.,.F.,(4,1,1,1,1,1,1,1,4),
(0.,0.00529683513627911,0.0105936702725582,0.0158905054088373,0.0211873405451164,
0.0264841756813955,0.0317810108176746,0.0370778459539538,0.0423746810902329),
 .UNSPECIFIED.);
#434=B_SPLINE_CURVE_WITH_KNOTS('',3,(#1757,#1758,#1759,#1760,#1761,#1762,
#1763),.UNSPECIFIED.,.F.,.F.,(4,1,1,1,4),(0.,0.230976210306725,0.497074384970499,
0.794758349309756,1.),.UNSPECIFIED.);
#435=B_SPLINE_CURVE_WITH_KNOTS('',3,(#1792,#1793,#1794,#1795,#1796,#1797,
#1798,#1799,#1800,#1801,#1802),.UNSPECIFIED.,.F.,.F.,(4,1,1,1,1,1,1,1,4),
(0.,0.00696539732822715,0.0139307946564543,0.0208961919846815,0.0278615893129086,
0.0348269866411358,0.0417923839693629,0.0487577812975901,0.0557231786258172),
 .UNSPECIFIED.);
#436=B_SPLINE_CURVE_WITH_KNOTS('',3,(#1804,#1805,#1806,#1807,#1808,#1809,
#1810),.UNSPECIFIED.,.F.,.F.,(4,1,1,1,4),(0.,0.230976210306725,0.497074384970499,
0.794758349309756,1.),.UNSPECIFIED.);
#437=B_SPLINE_CURVE_WITH_KNOTS('',3,(#1812,#1813,#1814,#1815,#1816,#1817,
#1818,#1819,#1820,#1821),.UNSPECIFIED.,.F.,.F.,(4,1,1,1,1,1,1,4),(0.,0.0126456061653803,
0.0189684092480705,0.0252912123307607,0.0316140154134509,0.037936818496141,
0.0442596215788312,0.0505824246615214),.UNSPECIFIED.);
#438=B_SPLINE_CURVE_WITH_KNOTS('',3,(#1850,#1851,#1852,#1853,#1854,#1855,
#1856,#1857,#1858,#1859,#1860),.UNSPECIFIED.,.F.,.F.,(4,1,1,1,1,1,1,1,4),
(0.,0.00715466337317875,0.0143093267463575,0.0214639901195362,0.028618653492715,
0.0357733168658937,0.0429279802390725,0.0500826436122512,0.05723730698543),
 .UNSPECIFIED.);
#439=B_SPLINE_CURVE_WITH_KNOTS('',3,(#1862,#1863,#1864,#1865,#1866,#1867,
#1868),.UNSPECIFIED.,.F.,.F.,(4,1,1,1,4),(0.,0.230976210306725,0.497074384970499,
0.794758349309756,1.),.UNSPECIFIED.);
#440=B_SPLINE_CURVE_WITH_KNOTS('',3,(#1870,#1871,#1872,#1873,#1874,#1875,
#1876,#1877),.UNSPECIFIED.,.F.,.F.,(4,1,1,1,1,4),(0.,0.00914737069674251,
0.0137210560451138,0.018294741393485,0.0274421120902275,0.03658948278697),
 .UNSPECIFIED.);
#441=B_SPLINE_CURVE_WITH_KNOTS('',3,(#1879,#1880,#1881,#1882,#1883),
 .UNSPECIFIED.,.F.,.F.,(4,1,4),(0.03658948278697,0.044298498089126,0.052007513391282),
 .UNSPECIFIED.);
#442=B_SPLINE_CURVE_WITH_KNOTS('',3,(#1933,#1934,#1935,#1936,#1937,#1938,
#1939,#1940,#1941,#1942),.UNSPECIFIED.,.F.,.F.,(4,1,1,1,1,1,1,4),(0.,0.00538336991484096,
0.0107667398296819,0.0161501097445229,0.0215334796593639,0.0269168495742048,
0.0323002194890458,0.0430669593187277),.UNSPECIFIED.);
#443=B_SPLINE_CURVE_WITH_KNOTS('',3,(#1944,#1945,#1946,#1947,#1948,#1949,
#1950,#1951,#1952),.UNSPECIFIED.,.F.,.F.,(4,1,1,1,1,1,4),(0.,0.00977007350464256,
0.0146551102569638,0.0195401470092851,0.0244251837616064,0.0293102205139277,
0.0390802940185703),.UNSPECIFIED.);
#444=B_SPLINE_CURVE_WITH_KNOTS('',3,(#1954,#1955,#1956,#1957,#1958,#1959,
#1960),.UNSPECIFIED.,.F.,.F.,(4,1,1,1,4),(0.,0.0251673067799912,0.0503346135599825,
0.0755019203399737,0.100669227119965),.UNSPECIFIED.);
#445=B_SPLINE_CURVE_WITH_KNOTS('',3,(#1978,#1979,#1980,#1981,#1982,#1983,
#1984),.UNSPECIFIED.,.F.,.F.,(4,1,1,1,4),(0.,0.0251751077163868,0.0503502154327736,
0.0755253231491604,0.100700430865547),.UNSPECIFIED.);
#446=B_SPLINE_CURVE_WITH_KNOTS('',3,(#1986,#1987,#1988,#1989),
 .UNSPECIFIED.,.F.,.F.,(4,4),(8.67361737988404E-19,0.00470906233797062),
 .UNSPECIFIED.);
#447=B_SPLINE_CURVE_WITH_KNOTS('',3,(#1991,#1992,#1993,#1994,#1995,#1996,
#1997),.UNSPECIFIED.,.F.,.F.,(4,1,1,1,4),(0.,0.25,0.5,0.75,1.),
 .UNSPECIFIED.);
#448=B_SPLINE_CURVE_WITH_KNOTS('',3,(#2013,#2014,#2015,#2016),
 .UNSPECIFIED.,.F.,.F.,(4,4),(0.,0.00413759068236344),.UNSPECIFIED.);
#449=B_SPLINE_CURVE_WITH_KNOTS('',3,(#2045,#2046,#2047,#2048,#2049,#2050,
#2051,#2052,#2053,#2054,#2055),.UNSPECIFIED.,.F.,.F.,(4,1,1,1,1,1,1,1,4),
(0.,0.00660756946252358,0.0132151389250472,0.0198227083875708,0.0264302778500943,
0.0330378473126179,0.0396454167751415,0.0462529862376651,0.0528605557001887),
 .UNSPECIFIED.);
#450=B_SPLINE_CURVE_WITH_KNOTS('',3,(#2058,#2059,#2060,#2061,#2062,#2063,
#2064),.UNSPECIFIED.,.F.,.F.,(4,1,1,1,4),(0.,0.230976210306725,0.497074384970499,
0.794758349309756,1.),.UNSPECIFIED.);
#451=B_SPLINE_CURVE_WITH_KNOTS('',3,(#2066,#2067,#2068,#2069,#2070,#2071,
#2072,#2073,#2074,#2075),.UNSPECIFIED.,.F.,.F.,(4,1,1,1,1,1,1,4),(5.7219584981528E-17,
0.0119958958357871,0.0179938437536807,0.0239917916715742,0.0299897395894678,
0.0359876875073613,0.0419856354252549,0.0479835833431484),.UNSPECIFIED.);
#452=B_SPLINE_CURVE_WITH_KNOTS('',3,(#2077,#2078,#2079,#2080,#2081,#2082,
#2083),.UNSPECIFIED.,.F.,.F.,(4,1,1,1,4),(0.,0.230976210306725,0.497074384970499,
0.794758349309756,1.),.UNSPECIFIED.);
#453=B_SPLINE_CURVE_WITH_KNOTS('',3,(#2112,#2113,#2114,#2115,#2116,#2117,
#2118,#2119,#2120),.UNSPECIFIED.,.F.,.F.,(4,1,1,1,1,1,4),(0.,0.0081346797703106,
0.0122020196554659,0.0162693595406212,0.0203366994257765,0.0244040393109318,
0.0325387190812424),.UNSPECIFIED.);
#454=B_SPLINE_CURVE_WITH_KNOTS('',3,(#2122,#2123,#2124,#2125,#2126,#2127,
#2128,#2129,#2130),.UNSPECIFIED.,.F.,.F.,(4,1,1,1,1,1,4),(5.59431511413976E-17,
0.00738190089617541,0.0110728513442631,0.0147638017923508,0.0184547522404384,
0.0221457026885261,0.0295276035847015),.UNSPECIFIED.);
#455=B_SPLINE_CURVE_WITH_KNOTS('',3,(#2132,#2133,#2134,#2135,#2136,#2137,
#2138),.UNSPECIFIED.,.F.,.F.,(4,1,1,1,4),(0.,0.230976210306725,0.497074384970499,
0.794758349309756,1.),.UNSPECIFIED.);
#456=B_SPLINE_CURVE_WITH_KNOTS('',3,(#2192,#2193,#2194,#2195,#2196,#2197,
#2198,#2199,#2200,#2201),.UNSPECIFIED.,.F.,.F.,(4,1,1,1,1,1,1,4),(1.73472347597681E-17,
0.0126920562761231,0.0253841125522462,0.0380761688283693,0.0507682251044924,
0.0761523376567386,0.0888443939328617,0.101536450208985),.UNSPECIFIED.);
#457=B_SPLINE_CURVE_WITH_KNOTS('',3,(#2248,#2249,#2250,#2251,#2252,#2253,
#2254,#2255,#2256),.UNSPECIFIED.,.F.,.F.,(4,1,1,1,1,1,4),(0.,0.0116176883833346,
0.0174265325750019,0.0232353767666692,0.0290442209583366,0.0348530651500039,
0.0464707535333385),.UNSPECIFIED.);
#458=B_SPLINE_CURVE_WITH_KNOTS('',3,(#2258,#2259,#2260,#2261,#2262,#2263,
#2264,#2265,#2266,#2267,#2268),.UNSPECIFIED.,.F.,.F.,(4,1,1,1,1,1,1,1,4),
(0.,0.00529683513627912,0.0105936702725582,0.0158905054088374,0.0211873405451165,
0.0264841756813956,0.0317810108176747,0.0370778459539538,0.042374681090233),
 .UNSPECIFIED.);
#459=B_SPLINE_CURVE_WITH_KNOTS('',3,(#2270,#2271,#2272,#2273,#2274,#2275,
#2276),.UNSPECIFIED.,.F.,.F.,(4,1,1,1,4),(0.,0.230976210306725,0.497074384970499,
0.794758349309756,1.),.UNSPECIFIED.);
#460=B_SPLINE_CURVE_WITH_KNOTS('',3,(#2305,#2306,#2307,#2308,#2309,#2310,
#2311,#2312,#2313,#2314,#2315),.UNSPECIFIED.,.F.,.F.,(4,1,1,1,1,1,1,1,4),
(0.,0.00696539732822715,0.0139307946564543,0.0208961919846815,0.0278615893129086,
0.0348269866411358,0.0417923839693629,0.0487577812975901,0.0557231786258172),
 .UNSPECIFIED.);
#461=B_SPLINE_CURVE_WITH_KNOTS('',3,(#2317,#2318,#2319,#2320,#2321,#2322,
#2323,#2324,#2325,#2326),.UNSPECIFIED.,.F.,.F.,(4,1,1,1,1,1,1,4),(0.,0.0126456061653803,
0.0189684092480705,0.0252912123307607,0.0316140154134508,0.037936818496141,
0.0442596215788312,0.0505824246615213),.UNSPECIFIED.);
#462=B_SPLINE_CURVE_WITH_KNOTS('',3,(#2328,#2329,#2330,#2331,#2332,#2333,
#2334),.UNSPECIFIED.,.F.,.F.,(4,1,1,1,4),(0.,0.230976210306725,0.497074384970499,
0.794758349309756,1.),.UNSPECIFIED.);
#463=B_SPLINE_CURVE_WITH_KNOTS('',3,(#2363,#2364,#2365,#2366,#2367,#2368,
#2369,#2370,#2371,#2372,#2373),.UNSPECIFIED.,.F.,.F.,(4,1,1,1,1,1,1,1,4),
(0.,0.00715466337317874,0.0143093267463575,0.0214639901195362,0.028618653492715,
0.0357733168658937,0.0429279802390725,0.0500826436122512,0.0572373069854299),
 .UNSPECIFIED.);
#464=B_SPLINE_CURVE_WITH_KNOTS('',3,(#2374,#2375,#2376,#2377,#2378),
 .UNSPECIFIED.,.F.,.F.,(4,1,4),(0.0365894827869631,0.0442984980891225,0.052007513391282),
 .UNSPECIFIED.);
#465=B_SPLINE_CURVE_WITH_KNOTS('',3,(#2380,#2381,#2382,#2383,#2384,#2385,
#2386,#2387),.UNSPECIFIED.,.F.,.F.,(4,1,1,1,1,4),(0.,0.00914737069674077,
0.0137210560451112,0.0182947413934815,0.0274421120902223,0.0365894827869631),
 .UNSPECIFIED.);
#466=B_SPLINE_CURVE_WITH_KNOTS('',3,(#2437,#2438,#2439,#2440,#2441,#2442,
#2443,#2444,#2445,#2446),.UNSPECIFIED.,.F.,.F.,(4,1,1,1,1,1,1,4),(5.86328323113895E-15,
0.00538336991484609,0.0107667398296863,0.0161501097445265,0.0215334796593668,
0.026916849574207,0.0323002194890472,0.0430669593187277),.UNSPECIFIED.);
#467=B_SPLINE_CURVE_WITH_KNOTS('',3,(#2448,#2449,#2450,#2451,#2452,#2453,
#2454),.UNSPECIFIED.,.F.,.F.,(4,1,1,1,4),(0.,0.0251747223655876,0.0503494447311752,
0.0755241670967628,0.10069888946235),.UNSPECIFIED.);
#468=B_SPLINE_CURVE_WITH_KNOTS('',3,(#2456,#2457,#2458,#2459,#2460,#2461,
#2462,#2463,#2464),.UNSPECIFIED.,.F.,.F.,(4,1,1,1,1,1,4),(0.,0.00977007350464256,
0.0146551102569638,0.0195401470092851,0.0244251837616064,0.0293102205139277,
0.0390802940185703),.UNSPECIFIED.);
#469=B_SPLINE_CURVE_WITH_KNOTS('',3,(#2483,#2484,#2485,#2486,#2487,#2488,
#2489),.UNSPECIFIED.,.F.,.F.,(4,1,1,1,4),(0.,0.0251675377700835,0.050335075540167,
0.0755026133102504,0.100670151080334),.UNSPECIFIED.);
#470=B_SPLINE_CURVE_WITH_KNOTS('',3,(#2505,#2506,#2507,#2508),
 .UNSPECIFIED.,.F.,.F.,(4,4),(0.,0.00413756274186423),.UNSPECIFIED.);
#471=EDGE_LOOP('',(#74,#75));
#472=EDGE_LOOP('',(#76,#77,#78,#79));
#473=EDGE_LOOP('',(#80,#81,#82,#83,#84,#85,#86));
#474=EDGE_LOOP('',(#87,#88,#89));
#475=EDGE_LOOP('',(#90,#91));
#476=EDGE_LOOP('',(#92));
#477=EDGE_LOOP('',(#93));
#478=EDGE_LOOP('',(#94,#95));
#479=EDGE_LOOP('',(#96,#97));
#480=EDGE_LOOP('',(#98));
#481=EDGE_LOOP('',(#99,#100,#101,#102,#103,#104));
#482=EDGE_LOOP('',(#105));
#483=EDGE_LOOP('',(#106,#107,#108,#109,#110));
#484=EDGE_LOOP('',(#111,#112));
#485=EDGE_LOOP('',(#113,#114,#115,#116,#117));
#486=EDGE_LOOP('',(#118,#119));
#487=EDGE_LOOP('',(#120,#121,#122,#123));
#488=EDGE_LOOP('',(#124,#125,#126,#127));
#489=EDGE_LOOP('',(#128,#129,#130,#131));
#490=EDGE_LOOP('',(#132,#133,#134,#135));
#491=EDGE_LOOP('',(#136,#137,#138,#139));
#492=EDGE_LOOP('',(#140,#141,#142,#143));
#493=EDGE_LOOP('',(#144,#145,#146,#147,#148));
#494=EDGE_LOOP('',(#149,#150,#151,#152));
#495=EDGE_LOOP('',(#153,#154,#155,#156));
#496=EDGE_LOOP('',(#157,#158,#159,#160));
#497=EDGE_LOOP('',(#161,#162,#163,#164));
#498=EDGE_LOOP('',(#165,#166,#167,#168));
#499=EDGE_LOOP('',(#169,#170,#171,#172));
#500=EDGE_LOOP('',(#173,#174,#175,#176));
#501=EDGE_LOOP('',(#177,#178,#179,#180));
#502=EDGE_LOOP('',(#181,#182,#183,#184));
#503=EDGE_LOOP('',(#185,#186,#187,#188,#189));
#504=EDGE_LOOP('',(#190,#191,#192,#193));
#505=EDGE_LOOP('',(#194,#195,#196,#197));
#506=EDGE_LOOP('',(#198,#199,#200,#201));
#507=EDGE_LOOP('',(#202,#203,#204,#205,#206,#207,#208,#209,#210,#211,#212,
#213,#214,#215));
#508=EDGE_LOOP('',(#216,#217,#218,#219,#220,#221));
#509=EDGE_LOOP('',(#222,#223,#224,#225,#226,#227,#228));
#510=EDGE_LOOP('',(#229,#230));
#511=EDGE_LOOP('',(#231));
#512=EDGE_LOOP('',(#232));
#513=EDGE_LOOP('',(#233,#234,#235));
#514=EDGE_LOOP('',(#236,#237));
#515=EDGE_LOOP('',(#238,#239,#240,#241,#242,#243,#244,#245,#246,#247,#248,
#249,#250,#251));
#516=EDGE_LOOP('',(#252));
#517=EDGE_LOOP('',(#253));
#518=EDGE_LOOP('',(#254));
#519=EDGE_LOOP('',(#255));
#520=FACE_BOUND('',#471,.T.);
#521=FACE_BOUND('',#472,.T.);
#522=FACE_BOUND('',#473,.T.);
#523=FACE_BOUND('',#474,.T.);
#524=FACE_BOUND('',#475,.T.);
#525=FACE_BOUND('',#476,.T.);
#526=FACE_BOUND('',#477,.T.);
#527=FACE_BOUND('',#478,.T.);
#528=FACE_BOUND('',#479,.T.);
#529=FACE_BOUND('',#480,.T.);
#530=FACE_BOUND('',#481,.T.);
#531=FACE_BOUND('',#482,.T.);
#532=FACE_BOUND('',#483,.T.);
#533=FACE_BOUND('',#484,.T.);
#534=FACE_BOUND('',#485,.T.);
#535=FACE_BOUND('',#486,.T.);
#536=FACE_BOUND('',#487,.T.);
#537=FACE_BOUND('',#488,.T.);
#538=FACE_BOUND('',#489,.T.);
#539=FACE_BOUND('',#490,.T.);
#540=FACE_BOUND('',#491,.T.);
#541=FACE_BOUND('',#492,.T.);
#542=FACE_BOUND('',#493,.T.);
#543=FACE_BOUND('',#494,.T.);
#544=FACE_BOUND('',#495,.T.);
#545=FACE_BOUND('',#496,.T.);
#546=FACE_BOUND('',#497,.T.);
#547=FACE_BOUND('',#498,.T.);
#548=FACE_BOUND('',#499,.T.);
#549=FACE_BOUND('',#500,.T.);
#550=FACE_BOUND('',#501,.T.);
#551=FACE_BOUND('',#502,.T.);
#552=FACE_BOUND('',#503,.T.);
#553=FACE_BOUND('',#504,.T.);
#554=FACE_BOUND('',#505,.T.);
#555=FACE_BOUND('',#506,.T.);
#556=FACE_BOUND('',#507,.T.);
#557=FACE_BOUND('',#508,.T.);
#558=FACE_BOUND('',#509,.T.);
#559=FACE_BOUND('',#510,.T.);
#560=FACE_BOUND('',#511,.T.);
#561=FACE_BOUND('',#512,.T.);
#562=FACE_BOUND('',#513,.T.);
#563=FACE_BOUND('',#514,.T.);
#564=FACE_BOUND('',#515,.T.);
#565=FACE_BOUND('',#516,.T.);
#566=FACE_BOUND('',#517,.T.);
#567=FACE_BOUND('',#518,.T.);
#568=FACE_BOUND('',#519,.T.);
#569=B_SPLINE_SURFACE_WITH_KNOTS('',3,3,((#764,#765,#766,#767,#768,#769,
#770),(#771,#772,#773,#774,#775,#776,#777),(#778,#779,#780,#781,#782,#783,
#784),(#785,#786,#787,#788,#789,#790,#791)),.RULED_SURF.,.F.,.F.,.F.,(4,
4),(4,3,4),(0.00260372856638904,0.436196586655315),(-0.000922983855631698,
0.,0.154744539241718),.PIECEWISE_BEZIER_KNOTS.);
#570=B_SPLINE_SURFACE_WITH_KNOTS('',3,3,((#867,#868,#869,#870,#871,#872,
#873),(#874,#875,#876,#877,#878,#879,#880),(#881,#882,#883,#884,#885,#886,
#887),(#888,#889,#890,#891,#892,#893,#894),(#895,#896,#897,#898,#899,#900,
#901),(#902,#903,#904,#905,#906,#907,#908),(#909,#910,#911,#912,#913,#914,
#915),(#916,#917,#918,#919,#920,#921,#922),(#923,#924,#925,#926,#927,#928,
#929),(#930,#931,#932,#933,#934,#935,#936)),.RULED_SURF.,.F.,.F.,.F.,(4,
1,1,1,3,4),(4,3,4),(0.,0.0445632798573975,0.0891265597147949,0.133689839572192,
0.17825311942959,0.17932263814663),(0.,1.,1.00600029534613),
 .UNSPECIFIED.);
#571=B_SPLINE_SURFACE_WITH_KNOTS('',3,3,((#967,#968,#969,#970,#971,#972,
#973),(#974,#975,#976,#977,#978,#979,#980),(#981,#982,#983,#984,#985,#986,
#987),(#988,#989,#990,#991,#992,#993,#994),(#995,#996,#997,#998,#999,#1000,
#1001),(#1002,#1003,#1004,#1005,#1006,#1007,#1008),(#1009,#1010,#1011,#1012,
#1013,#1014,#1015),(#1016,#1017,#1018,#1019,#1020,#1021,#1022),(#1023,#1024,
#1025,#1026,#1027,#1028,#1029),(#1030,#1031,#1032,#1033,#1034,#1035,#1036)),
 .RULED_SURF.,.F.,.F.,.F.,(4,3,1,1,1,4),(4,3,4),(0.174392086156797,0.17825311942959,
0.339126559714795,0.5,0.660873440285205,0.82174688057041),(0.,1.,1.0060000797936),
 .UNSPECIFIED.);
#572=B_SPLINE_SURFACE_WITH_KNOTS('',3,3,((#1060,#1061,#1062,#1063),(#1064,
#1065,#1066,#1067),(#1068,#1069,#1070,#1071),(#1072,#1073,#1074,#1075),
(#1076,#1077,#1078,#1079),(#1080,#1081,#1082,#1083),(#1084,#1085,#1086,
#1087)),.RULED_SURF.,.F.,.F.,.F.,(4,1,1,1,4),(4,4),(0.82174688057041,0.866310160427808,
0.910873440285205,0.955436720142603,1.),(0.,1.),.UNSPECIFIED.);
#573=B_SPLINE_SURFACE_WITH_KNOTS('',3,3,((#1110,#1111,#1112,#1113),(#1114,
#1115,#1116,#1117),(#1118,#1119,#1120,#1121),(#1122,#1123,#1124,#1125)),
 .RULED_SURF.,.F.,.F.,.F.,(4,4),(4,4),(0.558262885157594,1.),(0.,0.167814216247037),
 .PIECEWISE_BEZIER_KNOTS.);
#574=B_SPLINE_SURFACE_WITH_KNOTS('',3,3,((#1194,#1195,#1196,#1197),(#1198,
#1199,#1200,#1201),(#1202,#1203,#1204,#1205),(#1206,#1207,#1208,#1209),
(#1210,#1211,#1212,#1213),(#1214,#1215,#1216,#1217),(#1218,#1219,#1220,
#1221),(#1222,#1223,#1224,#1225),(#1226,#1227,#1228,#1229),(#1230,#1231,
#1232,#1233),(#1234,#1235,#1236,#1237),(#1238,#1239,#1240,#1241),(#1242,
#1243,#1244,#1245),(#1246,#1247,#1248,#1249),(#1250,#1251,#1252,#1253),
(#1254,#1255,#1256,#1257),(#1258,#1259,#1260,#1261),(#1262,#1263,#1264,
#1265),(#1266,#1267,#1268,#1269),(#1270,#1271,#1272,#1273),(#1274,#1275,
#1276,#1277),(#1278,#1279,#1280,#1281),(#1282,#1283,#1284,#1285),(#1286,
#1287,#1288,#1289),(#1290,#1291,#1292,#1293),(#1294,#1295,#1296,#1297),
(#1298,#1299,#1300,#1301),(#1302,#1303,#1304,#1305),(#1306,#1307,#1308,
#1309),(#1310,#1311,#1312,#1313),(#1314,#1315,#1316,#1317),(#1318,#1319,
#1320,#1321),(#1322,#1323,#1324,#1325),(#1326,#1327,#1328,#1329),(#1330,
#1331,#1332,#1333),(#1334,#1335,#1336,#1337),(#1338,#1339,#1340,#1341),
(#1342,#1343,#1344,#1345),(#1346,#1347,#1348,#1349)),.UNSPECIFIED.,.T.,
 .F.,.F.,(1,1,1,1,1,1,1,1,1,1,1,1,1,1,1,1,1,1,1,1,1,1,1,1,1,1,1,1,1,1,1,
1,1,1,1,1,1,1,1,1,1,1,1),(4,4),(-0.0625,-0.03125,-0.015625,0.,0.015625,
0.03125,0.0625,0.09375,0.125,0.15625,0.1875,0.21875,0.25,0.28125,0.3125,
0.34375,0.375,0.40625,0.4375,0.46875,0.484375,0.5,0.515625,0.53125,0.5625,
0.59375,0.625,0.65625,0.6875,0.71875,0.75,0.78125,0.8125,0.84375,0.875,
0.90625,0.9375,0.96875,0.984375,1.,1.015625,1.03125,1.0625),(-0.0108223573271865,
1.),.UNSPECIFIED.);
#575=B_SPLINE_SURFACE_WITH_KNOTS('',3,3,((#1487,#1488,#1489,#1490,#1491,
#1492,#1493),(#1494,#1495,#1496,#1497,#1498,#1499,#1500),(#1501,#1502,#1503,
#1504,#1505,#1506,#1507),(#1508,#1509,#1510,#1511,#1512,#1513,#1514)),
 .UNSPECIFIED.,.F.,.F.,.F.,(4,4),(4,1,1,1,4),(0.,1.),(0.,0.230976210306725,
0.497074384970499,0.794758349309756,1.),.UNSPECIFIED.);
#576=B_SPLINE_SURFACE_WITH_KNOTS('',3,3,((#1554,#1555,#1556,#1557,#1558,
#1559,#1560),(#1561,#1562,#1563,#1564,#1565,#1566,#1567),(#1568,#1569,#1570,
#1571,#1572,#1573,#1574),(#1575,#1576,#1577,#1578,#1579,#1580,#1581)),
 .UNSPECIFIED.,.F.,.F.,.F.,(4,4),(4,1,1,1,4),(0.,1.),(0.,0.230976210306725,
0.497074384970499,0.794758349309756,1.),.UNSPECIFIED.);
#577=B_SPLINE_SURFACE_WITH_KNOTS('',3,3,((#1609,#1610,#1611,#1612,#1613,
#1614,#1615),(#1616,#1617,#1618,#1619,#1620,#1621,#1622),(#1623,#1624,#1625,
#1626,#1627,#1628,#1629),(#1630,#1631,#1632,#1633,#1634,#1635,#1636),(#1637,
#1638,#1639,#1640,#1641,#1642,#1643),(#1644,#1645,#1646,#1647,#1648,#1649,
#1650),(#1651,#1652,#1653,#1654,#1655,#1656,#1657)),.RULED_SURF.,.F.,.F.,
 .F.,(4,3,4),(4,1,1,1,4),(-0.01,0.,1.),(0.,0.230976210306725,0.497074384970499,
0.794758349309756,1.),.UNSPECIFIED.);
#578=B_SPLINE_SURFACE_WITH_KNOTS('',3,1,((#1670,#1671),(#1672,#1673),(#1674,
#1675),(#1676,#1677),(#1678,#1679),(#1680,#1681),(#1682,#1683),(#1684,#1685)),
 .SURF_OF_LINEAR_EXTRUSION.,.F.,.F.,.F.,(4,1,1,1,1,4),(2,2),(-4.46726679203655E-15,
0.249999999880194,0.374999999820293,0.499999999760392,0.749999999640589,
0.999999999520788),(0.,1.),.UNSPECIFIED.);
#579=B_SPLINE_SURFACE_WITH_KNOTS('',3,3,((#1698,#1699,#1700,#1701,#1702,
#1703,#1704),(#1705,#1706,#1707,#1708,#1709,#1710,#1711),(#1712,#1713,#1714,
#1715,#1716,#1717,#1718),(#1719,#1720,#1721,#1722,#1723,#1724,#1725)),
 .UNSPECIFIED.,.F.,.F.,.F.,(4,4),(4,1,1,1,4),(0.,1.),(0.,0.230976210306725,
0.497074384970499,0.794758349309756,1.),.UNSPECIFIED.);
#580=B_SPLINE_SURFACE_WITH_KNOTS('',3,3,((#1764,#1765,#1766,#1767,#1768,
#1769,#1770),(#1771,#1772,#1773,#1774,#1775,#1776,#1777),(#1778,#1779,#1780,
#1781,#1782,#1783,#1784),(#1785,#1786,#1787,#1788,#1789,#1790,#1791)),
 .UNSPECIFIED.,.F.,.F.,.F.,(4,4),(4,1,1,1,4),(0.,1.),(0.,0.230976210306725,
0.497074384970499,0.794758349309756,1.),.UNSPECIFIED.);
#581=B_SPLINE_SURFACE_WITH_KNOTS('',3,3,((#1822,#1823,#1824,#1825,#1826,
#1827,#1828),(#1829,#1830,#1831,#1832,#1833,#1834,#1835),(#1836,#1837,#1838,
#1839,#1840,#1841,#1842),(#1843,#1844,#1845,#1846,#1847,#1848,#1849)),
 .UNSPECIFIED.,.F.,.F.,.F.,(4,4),(4,1,1,1,4),(0.,1.),(0.,0.230976210306725,
0.497074384970499,0.794758349309756,1.),.UNSPECIFIED.);
#582=B_SPLINE_SURFACE_WITH_KNOTS('',3,3,((#1884,#1885,#1886,#1887,#1888,
#1889,#1890),(#1891,#1892,#1893,#1894,#1895,#1896,#1897),(#1898,#1899,#1900,
#1901,#1902,#1903,#1904),(#1905,#1906,#1907,#1908,#1909,#1910,#1911),(#1912,
#1913,#1914,#1915,#1916,#1917,#1918),(#1919,#1920,#1921,#1922,#1923,#1924,
#1925),(#1926,#1927,#1928,#1929,#1930,#1931,#1932)),.UNSPECIFIED.,.F.,.F.,
 .F.,(4,3,4),(4,1,1,1,4),(0.,1.,1.01),(0.,0.230976210306725,0.497074384970499,
0.794758349309756,1.),.UNSPECIFIED.);
#583=B_SPLINE_SURFACE_WITH_KNOTS('',3,1,((#1961,#1962),(#1963,#1964),(#1965,
#1966),(#1967,#1968),(#1969,#1970),(#1971,#1972),(#1973,#1974)),
 .SURF_OF_LINEAR_EXTRUSION.,.F.,.F.,.F.,(4,1,1,1,4),(2,2),(1.93928778219907E-10,
0.251500004100157,0.503000008006385,0.754500011912612,1.00600001581884),
(0.,1.),.UNSPECIFIED.);
#584=B_SPLINE_SURFACE_WITH_KNOTS('',3,1,((#1998,#1999),(#2000,#2001),(#2002,
#2003),(#2004,#2005),(#2006,#2007),(#2008,#2009),(#2010,#2011)),
 .SURF_OF_LINEAR_EXTRUSION.,.F.,.F.,.F.,(4,1,1,1,4),(2,2),(-0.00600006134560831,
0.246999968273897,0.499999997893403,0.753000027512909,1.00600005713241),
(0.,1.),.UNSPECIFIED.);
#585=B_SPLINE_SURFACE_WITH_KNOTS('',3,3,((#2017,#2018,#2019,#2020,#2021,
#2022,#2023),(#2024,#2025,#2026,#2027,#2028,#2029,#2030),(#2031,#2032,#2033,
#2034,#2035,#2036,#2037),(#2038,#2039,#2040,#2041,#2042,#2043,#2044)),
 .UNSPECIFIED.,.F.,.F.,.F.,(4,4),(4,1,1,1,4),(0.,1.),(0.,0.230976210306725,
0.497074384970499,0.794758349309756,1.),.UNSPECIFIED.);
#586=B_SPLINE_SURFACE_WITH_KNOTS('',3,3,((#2084,#2085,#2086,#2087,#2088,
#2089,#2090),(#2091,#2092,#2093,#2094,#2095,#2096,#2097),(#2098,#2099,#2100,
#2101,#2102,#2103,#2104),(#2105,#2106,#2107,#2108,#2109,#2110,#2111)),
 .UNSPECIFIED.,.F.,.F.,.F.,(4,4),(4,1,1,1,4),(0.,1.),(0.,0.230976210306725,
0.497074384970499,0.794758349309756,1.),.UNSPECIFIED.);
#587=B_SPLINE_SURFACE_WITH_KNOTS('',3,3,((#2139,#2140,#2141,#2142,#2143,
#2144,#2145),(#2146,#2147,#2148,#2149,#2150,#2151,#2152),(#2153,#2154,#2155,
#2156,#2157,#2158,#2159),(#2160,#2161,#2162,#2163,#2164,#2165,#2166),(#2167,
#2168,#2169,#2170,#2171,#2172,#2173),(#2174,#2175,#2176,#2177,#2178,#2179,
#2180),(#2181,#2182,#2183,#2184,#2185,#2186,#2187)),.RULED_SURF.,.F.,.F.,
 .F.,(4,3,4),(4,1,1,1,4),(-0.01,0.,1.),(0.,0.230976210306725,0.497074384970499,
0.794758349309756,1.),.UNSPECIFIED.);
#588=B_SPLINE_SURFACE_WITH_KNOTS('',3,1,((#2202,#2203),(#2204,#2205),(#2206,
#2207),(#2208,#2209),(#2210,#2211),(#2212,#2213),(#2214,#2215),(#2216,#2217)),
 .SURF_OF_LINEAR_EXTRUSION.,.F.,.F.,.F.,(4,1,1,1,1,4),(2,2),(-5.11448759194421E-15,
0.2499999999401,0.374999999910152,0.499999999880205,0.74999999982031,0.999999999760415),
(0.,1.),.UNSPECIFIED.);
#589=B_SPLINE_SURFACE_WITH_KNOTS('',3,3,((#2220,#2221,#2222,#2223,#2224,
#2225,#2226),(#2227,#2228,#2229,#2230,#2231,#2232,#2233),(#2234,#2235,#2236,
#2237,#2238,#2239,#2240),(#2241,#2242,#2243,#2244,#2245,#2246,#2247)),
 .UNSPECIFIED.,.F.,.F.,.F.,(4,4),(4,1,1,1,4),(0.,1.),(0.,0.230976210306725,
0.497074384970499,0.794758349309756,1.),.UNSPECIFIED.);
#590=B_SPLINE_SURFACE_WITH_KNOTS('',3,3,((#2277,#2278,#2279,#2280,#2281,
#2282,#2283),(#2284,#2285,#2286,#2287,#2288,#2289,#2290),(#2291,#2292,#2293,
#2294,#2295,#2296,#2297),(#2298,#2299,#2300,#2301,#2302,#2303,#2304)),
 .UNSPECIFIED.,.F.,.F.,.F.,(4,4),(4,1,1,1,4),(0.,1.),(0.,0.230976210306725,
0.497074384970499,0.794758349309756,1.),.UNSPECIFIED.);
#591=B_SPLINE_SURFACE_WITH_KNOTS('',3,3,((#2335,#2336,#2337,#2338,#2339,
#2340,#2341),(#2342,#2343,#2344,#2345,#2346,#2347,#2348),(#2349,#2350,#2351,
#2352,#2353,#2354,#2355),(#2356,#2357,#2358,#2359,#2360,#2361,#2362)),
 .UNSPECIFIED.,.F.,.F.,.F.,(4,4),(4,1,1,1,4),(0.,1.),(0.,0.230976210306725,
0.497074384970499,0.794758349309756,1.),.UNSPECIFIED.);
#592=B_SPLINE_SURFACE_WITH_KNOTS('',3,3,((#2388,#2389,#2390,#2391,#2392,
#2393,#2394),(#2395,#2396,#2397,#2398,#2399,#2400,#2401),(#2402,#2403,#2404,
#2405,#2406,#2407,#2408),(#2409,#2410,#2411,#2412,#2413,#2414,#2415),(#2416,
#2417,#2418,#2419,#2420,#2421,#2422),(#2423,#2424,#2425,#2426,#2427,#2428,
#2429),(#2430,#2431,#2432,#2433,#2434,#2435,#2436)),.UNSPECIFIED.,.F.,.F.,
 .F.,(4,3,4),(4,1,1,1,4),(0.,1.,1.01),(0.,0.230976210306725,0.497074384970499,
0.794758349309756,1.),.UNSPECIFIED.);
#593=B_SPLINE_SURFACE_WITH_KNOTS('',3,1,((#2465,#2466),(#2467,#2468),(#2469,
#2470),(#2471,#2472),(#2473,#2474),(#2475,#2476),(#2477,#2478)),
 .SURF_OF_LINEAR_EXTRUSION.,.F.,.F.,.F.,(4,1,1,1,4),(2,2),(-0.00599999978191009,
0.245500002784603,0.497000005351116,0.748500007917629,1.00000001048414),
(0.,1.),.UNSPECIFIED.);
#594=B_SPLINE_SURFACE_WITH_KNOTS('',3,1,((#2490,#2491),(#2492,#2493),(#2494,
#2495),(#2496,#2497),(#2498,#2499),(#2500,#2501),(#2502,#2503)),
 .SURF_OF_LINEAR_EXTRUSION.,.F.,.F.,.F.,(4,1,1,1,4),(2,2),(-5.94515136161481E-8,
0.251499970197091,0.502999999845695,0.7545000294943,1.0060000591429),(0.,
1.),.UNSPECIFIED.);
#595=B_SPLINE_SURFACE_WITH_KNOTS('',3,1,((#2517,#2518),(#2519,#2520),(#2521,
#2522),(#2523,#2524),(#2525,#2526),(#2527,#2528),(#2529,#2530),(#2531,#2532),
(#2533,#2534),(#2535,#2536),(#2537,#2538),(#2539,#2540),(#2541,#2542),(#2543,
#2544),(#2545,#2546),(#2547,#2548),(#2549,#2550),(#2551,#2552),(#2553,#2554)),
 .SURF_OF_LINEAR_EXTRUSION.,.T.,.F.,.F.,(1,1,1,1,1,1,1,1,1,1,1,1,1,1,1,
1,1,1,1,1,1,1,1),(2,2),(-1.17809724509617,-0.785398163397448,-0.392699081698725,
2.55544860380719E-17,0.392699081698724,0.785398163397448,1.17809724509617,
1.5707963267949,1.96349540849362,2.35619449019234,2.74889357189107,3.14159265358979,
3.53429173528852,3.92699081698724,4.31968989868597,4.71238898038469,5.10508806208341,
5.49778714378214,5.89048622548086,6.28318530717959,6.67588438887831,7.06858347057703,
7.46128255227576),(0.,1.),.UNSPECIFIED.);
#596=B_SPLINE_SURFACE_WITH_KNOTS('',3,1,((#2559,#2560),(#2561,#2562),(#2563,
#2564),(#2565,#2566),(#2567,#2568),(#2569,#2570),(#2571,#2572),(#2573,#2574),
(#2575,#2576),(#2577,#2578),(#2579,#2580),(#2581,#2582),(#2583,#2584),(#2585,
#2586),(#2587,#2588),(#2589,#2590),(#2591,#2592),(#2593,#2594),(#2595,#2596)),
 .SURF_OF_LINEAR_EXTRUSION.,.T.,.F.,.F.,(1,1,1,1,1,1,1,1,1,1,1,1,1,1,1,
1,1,1,1,1,1,1,1),(2,2),(-1.17809724509617,-0.785398163397448,-0.392699081698725,
7.37984386922191E-29,0.392699081698724,0.785398163397448,1.17809724509617,
1.5707963267949,1.96349540849362,2.35619449019234,2.74889357189107,3.14159265358979,
3.53429173528852,3.92699081698724,4.31968989868597,4.71238898038469,5.10508806208341,
5.49778714378214,5.89048622548086,6.28318530717959,6.67588438887831,7.06858347057703,
7.46128255227576),(0.,1.),.UNSPECIFIED.);
#597=ADVANCED_FACE('',(#520),#569,.T.);
#598=ADVANCED_FACE('',(#521),#570,.T.);
#599=ADVANCED_FACE('',(#522),#571,.T.);
#600=ADVANCED_FACE('',(#523),#572,.T.);
#601=ADVANCED_FACE('',(#524),#573,.T.);
#602=ADVANCED_FACE('',(#525,#526),#574,.F.);
#603=ADVANCED_FACE('',(#527),#36,.T.);
#604=ADVANCED_FACE('',(#528,#529,#530),#26,.F.);
#605=ADVANCED_FACE('',(#531,#532),#27,.T.);
#606=ADVANCED_FACE('',(#533),#37,.T.);
#607=ADVANCED_FACE('',(#534),#38,.T.);
#608=ADVANCED_FACE('',(#535),#16,.T.);
#609=ADVANCED_FACE('',(#536),#575,.F.);
#610=ADVANCED_FACE('',(#537),#576,.F.);
#611=ADVANCED_FACE('',(#538),#577,.F.);
#612=ADVANCED_FACE('',(#539),#578,.T.);
#613=ADVANCED_FACE('',(#540),#579,.F.);
#614=ADVANCED_FACE('',(#541),#580,.F.);
#615=ADVANCED_FACE('',(#542),#581,.F.);
#616=ADVANCED_FACE('',(#543),#582,.F.);
#617=ADVANCED_FACE('',(#544),#583,.T.);
#618=ADVANCED_FACE('',(#545),#584,.T.);
#619=ADVANCED_FACE('',(#546),#585,.T.);
#620=ADVANCED_FACE('',(#547),#586,.T.);
#621=ADVANCED_FACE('',(#548),#587,.T.);
#622=ADVANCED_FACE('',(#549),#588,.T.);
#623=ADVANCED_FACE('',(#550),#589,.T.);
#624=ADVANCED_FACE('',(#551),#590,.T.);
#625=ADVANCED_FACE('',(#552),#591,.T.);
#626=ADVANCED_FACE('',(#553),#592,.T.);
#627=ADVANCED_FACE('',(#554),#593,.T.);
#628=ADVANCED_FACE('',(#555),#594,.T.);
#629=ADVANCED_FACE('',(#556,#557),#28,.F.);
#630=ADVANCED_FACE('',(#558),#29,.F.);
#631=ADVANCED_FACE('',(#559),#30,.F.);
#632=ADVANCED_FACE('',(#560),#31,.T.);
#633=ADVANCED_FACE('',(#561,#562),#595,.F.);
#634=ADVANCED_FACE('',(#563),#32,.F.);
#635=ADVANCED_FACE('',(#564),#33,.F.);
#636=ADVANCED_FACE('',(#565,#566),#596,.F.);
#637=ADVANCED_FACE('',(#567),#34,.T.);
#638=ADVANCED_FACE('',(#568),#35,.F.);
#639=CLOSED_SHELL('',(#597,#598,#599,#600,#601,#602,#603,#604,#605,#606,
#607,#608));
#640=CLOSED_SHELL('',(#609,#610,#611,#612,#613,#614,#615,#616,#617,#618,
#619,#620,#621,#622,#623,#624,#625,#626,#627,#628,#629,#630,#631,#632,#633,
#634,#635));
#641=CLOSED_SHELL('',(#636,#637,#638));
#642=STYLED_ITEM('',(#645),#665);
#643=STYLED_ITEM('',(#646),#666);
#644=STYLED_ITEM('',(#647),#667);
#645=PRESENTATION_STYLE_ASSIGNMENT((#648));
#646=PRESENTATION_STYLE_ASSIGNMENT((#649));
#647=PRESENTATION_STYLE_ASSIGNMENT((#650));
#648=SURFACE_STYLE_USAGE(.BOTH.,#651);
#649=SURFACE_STYLE_USAGE(.BOTH.,#652);
#650=SURFACE_STYLE_USAGE(.BOTH.,#653);
#651=SURFACE_SIDE_STYLE('',(#654));
#652=SURFACE_SIDE_STYLE('',(#655));
#653=SURFACE_SIDE_STYLE('',(#656));
#654=SURFACE_STYLE_FILL_AREA(#657);
#655=SURFACE_STYLE_FILL_AREA(#658);
#656=SURFACE_STYLE_FILL_AREA(#659);
#657=FILL_AREA_STYLE('',(#660));
#658=FILL_AREA_STYLE('',(#661));
#659=FILL_AREA_STYLE('',(#662));
#660=FILL_AREA_STYLE_COLOUR('',#663);
#661=FILL_AREA_STYLE_COLOUR('',#663);
#662=FILL_AREA_STYLE_COLOUR('',#664);
#663=COLOUR_RGB('',0.796078431372549,0.823529411764706,0.937254901960784);
#664=COLOUR_RGB('',0.972549019607843,0.529411764705882,0.00392156862745098);
#665=MANIFOLD_SOLID_BREP('Rotawrist1V1',#639);
#666=MANIFOLD_SOLID_BREP('Forearm 1',#640);
#667=MANIFOLD_SOLID_BREP('Part 3',#641);
#668=SHAPE_DEFINITION_REPRESENTATION(#2621,#671);
#669=SHAPE_DEFINITION_REPRESENTATION(#2622,#672);
#670=SHAPE_DEFINITION_REPRESENTATION(#2623,#673);
#671=SHAPE_REPRESENTATION('Rotawrist1V1',(#674),#2606);
#672=SHAPE_REPRESENTATION('Forearm 1',(#682),#2607);
#673=SHAPE_REPRESENTATION('Part 3',(#693),#2608);
#674=AXIS2_PLACEMENT_3D('',#763,#698,#699);
#675=AXIS2_PLACEMENT_3D('',#1059,#703,#704);
#676=AXIS2_PLACEMENT_3D('',#1446,#706,#707);
#677=AXIS2_PLACEMENT_3D('',#1447,#708,#709);
#678=AXIS2_PLACEMENT_3D('',#1453,#710,#711);
#679=AXIS2_PLACEMENT_3D('',#1454,#712,#713);
#680=AXIS2_PLACEMENT_3D('',#1455,#714,#715);
#681=AXIS2_PLACEMENT_3D('',#1485,#716,#717);
#682=AXIS2_PLACEMENT_3D('',#1486,#718,#719);
#683=AXIS2_PLACEMENT_3D('',#2509,#733,#734);
#684=AXIS2_PLACEMENT_3D('',#2510,#735,#736);
#685=AXIS2_PLACEMENT_3D('',#2511,#737,#738);
#686=AXIS2_PLACEMENT_3D('',#2512,#739,#740);
#687=AXIS2_PLACEMENT_3D('',#2513,#741,#742);
#688=AXIS2_PLACEMENT_3D('',#2514,#743,#744);
#689=AXIS2_PLACEMENT_3D('',#2515,#745,#746);
#690=AXIS2_PLACEMENT_3D('',#2555,#747,#748);
#691=AXIS2_PLACEMENT_3D('',#2556,#749,#750);
#692=AXIS2_PLACEMENT_3D('',#2557,#751,#752);
#693=AXIS2_PLACEMENT_3D('',#2558,#753,#754);
#694=AXIS2_PLACEMENT_3D('',#2597,#755,#756);
#695=AXIS2_PLACEMENT_3D('',#2599,#757,#758);
#696=AXIS2_PLACEMENT_3D('',#2601,#759,#760);
#697=AXIS2_PLACEMENT_3D('',#2602,#761,#762);
#698=DIRECTION('',(0.,0.,1.));
#699=DIRECTION('',(1.,0.,0.));
#700=DIRECTION('',(1.,1.37180326794935E-14,7.77156117237616E-15));
#701=DIRECTION('',(0.0724640950047895,-0.995223641950639,-0.0654129760647278));
#702=DIRECTION('',(0.0724640950047887,-0.995223641950639,0.065412976064721));
#703=DIRECTION('',(-0.552735359178046,0.817868649179632,-0.159920278274523));
#704=DIRECTION('',(-0.739082361994301,-0.569755431553797,-0.359354992178865));
#705=DIRECTION('',(-1.,-1.37180326794935E-14,-7.77156117237616E-15));
#706=DIRECTION('',(1.37180326794935E-14,-1.,-3.98342541802302E-15));
#707=DIRECTION('',(1.,1.37180326794935E-14,7.77156117237616E-15));
#708=DIRECTION('',(1.37180326794935E-14,-1.,-3.98342541802302E-15));
#709=DIRECTION('',(1.,1.37180326794935E-14,7.77156117237616E-15));
#710=DIRECTION('',(1.37180326794935E-14,-1.,-3.98342541802302E-15));
#711=DIRECTION('',(1.,1.37180326794935E-14,7.77156117237616E-15));
#712=DIRECTION('',(1.37180326794935E-14,-1.,-3.98342541802302E-15));
#713=DIRECTION('',(1.,1.37180326794935E-14,7.77156117237616E-15));
#714=DIRECTION('',(1.37180326794935E-14,-1.,-3.98342541802302E-15));
#715=DIRECTION('',(-0.00118190730262571,-3.99963607879041E-15,0.99999930154732));
#716=DIRECTION('',(-2.58627227973489E-7,-0.99999997605848,0.000218821781093459));
#717=DIRECTION('',(-7.77456279065747E-15,0.000218821781093467,0.999999976058514));
#718=DIRECTION('',(0.,0.,1.));
#719=DIRECTION('',(1.,0.,0.));
#720=DIRECTION('',(-0.5,-1.03218314487559E-14,0.86602540378444));
#721=DIRECTION('',(0.5,1.0321831448756E-14,-0.866025403784436));
#722=DIRECTION('',(-5.66213742558825E-15,-3.96352809145885E-15,1.));
#723=DIRECTION('',(5.66213742558825E-15,3.96352809145885E-15,-1.));
#724=DIRECTION('',(5.66213742558825E-15,3.96352809145885E-15,-1.));
#725=DIRECTION('',(-0.500000000000184,-3.45679941712582E-15,-0.866025403784332));
#726=DIRECTION('',(0.5,3.45679941712279E-15,0.866025403784442));
#727=DIRECTION('',(0.5,3.45679941712278E-15,0.866025403784443));
#728=DIRECTION('',(-5.66213742558825E-15,-3.96352809145885E-15,1.));
#729=DIRECTION('',(-5.66213742558825E-15,-3.96352809145885E-15,1.));
#730=DIRECTION('',(5.66213742558825E-15,3.96352809145885E-15,-1.));
#731=DIRECTION('',(1.15562143401848E-14,3.96352809145893E-15,-1.));
#732=DIRECTION('',(0.5,1.0321831448756E-14,-0.866025403784436));
#733=DIRECTION('',(-1.37786308658788E-14,1.,3.96352809145877E-15));
#734=DIRECTION('',(-1.,-1.37786308658788E-14,-5.6621374255883E-15));
#735=DIRECTION('',(1.37786308658788E-14,-1.,-3.96352809145877E-15));
#736=DIRECTION('',(1.,1.37786308658788E-14,5.6621374255883E-15));
#737=DIRECTION('',(-1.37786308658788E-14,1.,3.96352809145877E-15));
#738=DIRECTION('',(-1.,-1.37786308658788E-14,2.44929359829416E-16));
#739=DIRECTION('',(-1.37786308658788E-14,1.,3.96352809145877E-15));
#740=DIRECTION('',(-1.,-1.37786308658788E-14,-5.46119904987515E-29));
#741=DIRECTION('',(-1.37786308658788E-14,1.,3.96352809145877E-15));
#742=DIRECTION('',(-1.,-1.37786308658788E-14,2.44929359829416E-16));
#743=DIRECTION('',(-1.37786308658788E-14,1.,3.96352809145877E-15));
#744=DIRECTION('',(-1.,-1.37786308658788E-14,-5.46119904987515E-29));
#745=DIRECTION('',(-1.37786308658788E-14,1.,3.96352809145877E-15));
#746=DIRECTION('',(-1.,-1.37786308658788E-14,2.44929359829416E-16));
#747=DIRECTION('',(-1.37786308658788E-14,1.,3.96352809145877E-15));
#748=DIRECTION('',(-1.,-1.37786308658788E-14,2.44929359829416E-16));
#749=DIRECTION('',(-1.37786308658788E-14,1.,3.96352809145877E-15));
#750=DIRECTION('',(-1.,-1.37786308658788E-14,-5.46119904987515E-29));
#751=DIRECTION('',(-1.37786308658788E-14,1.,3.96352809145877E-15));
#752=DIRECTION('',(-1.,-1.37786308658788E-14,-5.46119904987515E-29));
#753=DIRECTION('',(0.,0.,1.));
#754=DIRECTION('',(1.,0.,0.));
#755=DIRECTION('',(-1.37180326794935E-14,1.,3.98342541802302E-15));
#756=DIRECTION('',(1.,1.37180326794935E-14,5.46447600607649E-29));
#757=DIRECTION('',(-1.37180326794935E-14,1.,3.98342541802302E-15));
#758=DIRECTION('',(1.,1.37180326794935E-14,5.46447600607649E-29));
#759=DIRECTION('',(-1.37180326794935E-14,1.,3.98342541802302E-15));
#760=DIRECTION('',(-1.,-1.37180326794935E-14,-5.46447600607649E-29));
#761=DIRECTION('',(-1.37180326794935E-14,1.,3.98342541802302E-15));
#762=DIRECTION('',(-1.,-1.37180326794935E-14,-5.46447600607649E-29));
#763=CARTESIAN_POINT('',(0.,0.,0.));
#764=CARTESIAN_POINT('',(-0.0226555006173636,0.273887999921178,0.0408005413543367));
#765=CARTESIAN_POINT('',(-0.0226554991240573,0.273871232381135,0.0408005418065754));
#766=CARTESIAN_POINT('',(-0.0226554976307509,0.27385446484109,0.0408005422588142));
#767=CARTESIAN_POINT('',(-0.0226554961374446,0.273837697301047,0.040800542711053));
#768=CARTESIAN_POINT('',(-0.022655245774452,0.271026504838155,0.0408006185319696));
#769=CARTESIAN_POINT('',(-0.0226549954114595,0.268215312375264,0.0408006943528861));
#770=CARTESIAN_POINT('',(-0.0226547450484669,0.265404119912373,0.0408007701738027));
#771=CARTESIAN_POINT('',(-0.0246779527199596,0.273887999921178,0.0436054093913998));
#772=CARTESIAN_POINT('',(-0.0246778685507699,0.273871232381135,0.0436054347501201));
#773=CARTESIAN_POINT('',(-0.02467778438158,0.27385446484109,0.0436054601088404));
#774=CARTESIAN_POINT('',(-0.0246777002123902,0.273837697301047,0.0436054854675606));
#775=CARTESIAN_POINT('',(-0.0246635886735831,0.271026504838155,0.0436097370299884));
#776=CARTESIAN_POINT('',(-0.024649477134776,0.268215312375264,0.0436139885924163));
#777=CARTESIAN_POINT('',(-0.0246353655959688,0.265404119912373,0.0436182401548441));
#778=CARTESIAN_POINT('',(-0.0258191343768863,0.273887999921178,0.0468383694833023));
#779=CARTESIAN_POINT('',(-0.025819003567138,0.273871232381135,0.046838387009264));
#780=CARTESIAN_POINT('',(-0.0258188727573897,0.27385446484109,0.0468384045352256));
#781=CARTESIAN_POINT('',(-0.0258187419476414,0.273837697301047,0.0468384220611873));
#782=CARTESIAN_POINT('',(-0.0257968108010643,0.271026504838155,0.0468413604082079));
#783=CARTESIAN_POINT('',(-0.0257748796544871,0.268215312375264,0.0468442987552284));
#784=CARTESIAN_POINT('',(-0.02575294850791,0.265404119912373,0.046847237102249));
#785=CARTESIAN_POINT('',(-0.0260790455881435,0.273887999921179,0.050126243003176));
#786=CARTESIAN_POINT('',(-0.0260789041731618,0.273871232381135,0.0501262484967592));
#787=CARTESIAN_POINT('',(-0.0260787627581801,0.27385446484109,0.0501262539903424));
#788=CARTESIAN_POINT('',(-0.0260786213431984,0.273837697301047,0.0501262594839256));
#789=CARTESIAN_POINT('',(-0.0260549121568956,0.271026504838155,0.0501271805206206));
#790=CARTESIAN_POINT('',(-0.026031202970593,0.268215312375264,0.0501281015573156));
#791=CARTESIAN_POINT('',(-0.0260074937842902,0.265404119912373,0.0501290225940105));
#792=CARTESIAN_POINT('',(-0.0260739028625721,0.273837697301047,0.0500677471447172));
#793=CARTESIAN_POINT('',(-0.0258016333857675,0.273837697301047,0.0467570506637314));
#794=CARTESIAN_POINT('',(-0.0246250708963653,0.273837697301046,0.0435514548583671));
#795=CARTESIAN_POINT('',(-0.0226913712717081,0.273837697301047,0.0408504780525751));
#796=CARTESIAN_POINT('',(-0.0260753581008426,0.273837375741168,0.0500676274668897));
#797=CARTESIAN_POINT('',(-0.0226926269621742,0.27383769876919,0.040849579071074));
#798=CARTESIAN_POINT('',(-0.0260739004041968,0.273837026756807,0.0500677861529636));
#799=CARTESIAN_POINT('',(-0.0260581148060805,0.27375267336477,0.0498845016970869));
#800=CARTESIAN_POINT('',(-0.0260300334249528,0.273603967052631,0.0496099778805567));
#801=CARTESIAN_POINT('',(-0.0259859682955163,0.273370848856956,0.0492563317194352));
#802=CARTESIAN_POINT('',(-0.0259461233325919,0.273159569983098,0.0489745149392371));
#803=CARTESIAN_POINT('',(-0.02591391221474,0.272987925564901,0.0487674105460142));
#804=CARTESIAN_POINT('',(-0.025874549038354,0.272778345478034,0.0485322296743675));
#805=CARTESIAN_POINT('',(-0.0258334398253396,0.272560378438067,0.0483046513223614));
#806=CARTESIAN_POINT('',(-0.0257825929767145,0.272293399707054,0.0480450868261304));
#807=CARTESIAN_POINT('',(-0.0257473963399165,0.272110359521207,0.047876576830932));
#808=CARTESIAN_POINT('',(-0.0256904283915562,0.271816344239076,0.047615140044922));
#809=CARTESIAN_POINT('',(-0.0256146861598425,0.271431360598186,0.0472935349915514));
#810=CARTESIAN_POINT('',(-0.0255270304326652,0.270996356303625,0.0469549529490892));
#811=CARTESIAN_POINT('',(-0.0254531302545293,0.270636509321108,0.0466876958033042));
#812=CARTESIAN_POINT('',(-0.0253877235744061,0.27032276855733,0.0464624759681301));
#813=CARTESIAN_POINT('',(-0.0253443703118565,0.270117439301417,0.0463188110445295));
#814=CARTESIAN_POINT('',(-0.0252890591904359,0.26985874049042,0.0461403710889896));
#815=CARTESIAN_POINT('',(-0.025241154769182,0.269638625322092,0.0459912910261316));
#816=CARTESIAN_POINT('',(-0.0252036845753169,0.269469066398587,0.045877786821248));
#817=CARTESIAN_POINT('',(-0.025183727433356,0.269379349776804,0.045818024444361));
#818=CARTESIAN_POINT('',(-0.02516250118557,0.269284602161373,0.0457552064352973));
#819=CARTESIAN_POINT('',(-0.0251635285555805,0.269289201415025,0.0457582915563673));
#820=CARTESIAN_POINT('',(-0.0251547287707003,0.269249907374325,0.0457323749078244));
#821=CARTESIAN_POINT('',(-0.0251380661304894,0.269175686134576,0.0456836240125947));
#822=CARTESIAN_POINT('',(-0.0250978919549658,0.268998091289134,0.0455672137671698));
#823=CARTESIAN_POINT('',(-0.025036012454736,0.26873223495204,0.0453936815527687));
#824=CARTESIAN_POINT('',(-0.0249758992174559,0.268480698538476,0.0452299765065471));
#825=CARTESIAN_POINT('',(-0.0249146771722372,0.268230609260304,0.0450677535482044));
#826=CARTESIAN_POINT('',(-0.0248798871445013,0.268091728262969,0.0449776650870162));
#827=CARTESIAN_POINT('',(-0.0248266262112951,0.267882336638012,0.044841314463067));
#828=CARTESIAN_POINT('',(-0.02476642598595,0.267653256518528,0.0446911941764096));
#829=CARTESIAN_POINT('',(-0.0247119108953524,0.267452862854479,0.0445585357346223));
#830=CARTESIAN_POINT('',(-0.0246691908356195,0.267300815220811,0.044456556165973));
#831=CARTESIAN_POINT('',(-0.0246468599415101,0.267222197469575,0.0444035709853926));
#832=CARTESIAN_POINT('',(-0.0245962932772527,0.267049395333486,0.0442853033632929));
#833=CARTESIAN_POINT('',(-0.024540210842609,0.266865074099569,0.0441564934937419));
#834=CARTESIAN_POINT('',(-0.0244683246002381,0.266640390135771,0.0439947945556529));
#835=CARTESIAN_POINT('',(-0.0244032121882223,0.266451102562813,0.0438521198376472));
#836=CARTESIAN_POINT('',(-0.0243484245500609,0.26630284208194,0.0437344485641832));
#837=CARTESIAN_POINT('',(-0.024321228254693,0.266230421388093,0.043676319918293));
#838=CARTESIAN_POINT('',(-0.024246765223833,0.26604766472746,0.0435199642911452));
#839=CARTESIAN_POINT('',(-0.024166130338638,0.265872821541198,0.0433544445248075));
#840=CARTESIAN_POINT('',(-0.0240641654095613,0.265683913906955,0.0431499440356842));
#841=CARTESIAN_POINT('',(-0.0239466947672936,0.265535732699981,0.0429225451390908));
#842=CARTESIAN_POINT('',(-0.0238519485420143,0.265458164144395,0.0427431988080515));
#843=CARTESIAN_POINT('',(-0.023706363787037,0.265451715654734,0.042475950088209));
#844=CARTESIAN_POINT('',(-0.0235837709040387,0.265575388491771,0.0422588558469776));
#845=CARTESIAN_POINT('',(-0.023485811129454,0.265770269636032,0.0420897384199432));
#846=CARTESIAN_POINT('',(-0.0234205737936861,0.26596396850355,0.0419793819240654));
#847=CARTESIAN_POINT('',(-0.0233865093054963,0.266080495216239,0.041922219437093));
#848=CARTESIAN_POINT('',(-0.023355682443916,0.266199791813372,0.041870868092083));
#849=CARTESIAN_POINT('',(-0.0233479871871955,0.266232423206571,0.041858125105564));
#850=CARTESIAN_POINT('',(-0.0233297957858322,0.266309075018597,0.041827995427994));
#851=CARTESIAN_POINT('',(-0.0233019851605884,0.266434963349898,0.0417821752959706));
#852=CARTESIAN_POINT('',(-0.0232448896790113,0.266721037732618,0.0416888401692178));
#853=CARTESIAN_POINT('',(-0.0231680260766754,0.267195096631007,0.0415653324568866));
#854=CARTESIAN_POINT('',(-0.02309592902056,0.267758575623305,0.04145181292765));
#855=CARTESIAN_POINT('',(-0.0230473529545933,0.268210853618388,0.0413764669404736));
#856=CARTESIAN_POINT('',(-0.0230217039434686,0.268468195419666,0.0413369433866881));
#857=CARTESIAN_POINT('',(-0.0229990827081438,0.268710424674762,0.0413022842218222));
#858=CARTESIAN_POINT('',(-0.022991300385142,0.268797941088956,0.0412904132805067));
#859=CARTESIAN_POINT('',(-0.0229758712815944,0.268972983659112,0.0412668991060239));
#860=CARTESIAN_POINT('',(-0.0229515282014112,0.26926287154867,0.0412299729343895));
#861=CARTESIAN_POINT('',(-0.0229162426999647,0.269716452543981,0.0411768535717356));
#862=CARTESIAN_POINT('',(-0.0228756525613508,0.27029676949053,0.0411164111002952));
#863=CARTESIAN_POINT('',(-0.0228229964227494,0.271128179970598,0.0410388228176838));
#864=CARTESIAN_POINT('',(-0.0227603960044336,0.27227110611592,0.040948077690412));
#865=CARTESIAN_POINT('',(-0.0227137836633462,0.273296967984648,0.0408819456927315));
#866=CARTESIAN_POINT('',(-0.0226913822022307,0.273837700237332,0.0408504933193811));
#867=CARTESIAN_POINT('',(-0.0226227928282532,0.273837697301047,0.0624100579815888));
#868=CARTESIAN_POINT('',(-0.0226227928282529,0.25567103063438,0.0624100579815887));
#869=CARTESIAN_POINT('',(-0.0226227928282528,0.237504363967713,0.0624100579815886));
#870=CARTESIAN_POINT('',(-0.0226227928282525,0.219337697301046,0.0624100579815885));
#871=CARTESIAN_POINT('',(-0.0226227928282525,0.219228691935592,0.0624100579815885));
#872=CARTESIAN_POINT('',(-0.0226227928282525,0.219119686570137,0.0624100579815885));
#873=CARTESIAN_POINT('',(-0.0226227928282524,0.219010681204682,0.0624100579815885));
#874=CARTESIAN_POINT('',(-0.0231227360535948,0.273837697301047,0.0624100579815888));
#875=CARTESIAN_POINT('',(-0.0230234074565915,0.25567103063438,0.0623172869956471));
#876=CARTESIAN_POINT('',(-0.0229240788595881,0.237504363967713,0.0622245160097053));
#877=CARTESIAN_POINT('',(-0.0228247502625846,0.219337697301046,0.0621317450237637));
#878=CARTESIAN_POINT('',(-0.0228241542616662,0.219228691935592,0.0621311883704484));
#879=CARTESIAN_POINT('',(-0.0228235582607479,0.219119686570137,0.0621306317171332));
#880=CARTESIAN_POINT('',(-0.0228229622598296,0.219010681204682,0.062130075063818));
#881=CARTESIAN_POINT('',(-0.0241226225042781,0.273837697301047,0.0624100579815888));
#882=CARTESIAN_POINT('',(-0.0238194443033391,0.25567103063438,0.0621279756376098));
#883=CARTESIAN_POINT('',(-0.0235162661024002,0.237504363967713,0.0618458932936308));
#884=CARTESIAN_POINT('',(-0.0232130879014613,0.219337697301046,0.0615638109496519));
#885=CARTESIAN_POINT('',(-0.0232112687427132,0.219228691935592,0.0615621183722761));
#886=CARTESIAN_POINT('',(-0.0232094495839651,0.219119686570137,0.0615604257949003));
#887=CARTESIAN_POINT('',(-0.0232076304252169,0.219010681204682,0.0615587332175245));
#888=CARTESIAN_POINT('',(-0.0256224521803032,0.273837697301047,0.0624100579815887));
#889=CARTESIAN_POINT('',(-0.0249973129950122,0.25567103063438,0.0618335891222099));
#890=CARTESIAN_POINT('',(-0.0243721738097211,0.237504363967713,0.061257120262831));
#891=CARTESIAN_POINT('',(-0.0237470346244302,0.219337697301046,0.0606806514034521));
#892=CARTESIAN_POINT('',(-0.023743283604686,0.219228691935592,0.0606771924200379));
#893=CARTESIAN_POINT('',(-0.0237395325849418,0.219119686570137,0.0606737334366239));
#894=CARTESIAN_POINT('',(-0.0237357815651976,0.219010681204682,0.0606702744532097));
#895=CARTESIAN_POINT('',(-0.027122281856328,0.273837697301047,0.0624100579815887));
#896=CARTESIAN_POINT('',(-0.0261584363404145,0.25567103063438,0.0615297093216263));
#897=CARTESIAN_POINT('',(-0.025194590824501,0.237504363967713,0.0606493606616638));
#898=CARTESIAN_POINT('',(-0.0242307453085874,0.219337697301046,0.0597690120017013));
#899=CARTESIAN_POINT('',(-0.024224961950824,0.219228691935592,0.059763729649734));
#900=CARTESIAN_POINT('',(-0.0242191785930604,0.219119686570137,0.0597584472977666));
#901=CARTESIAN_POINT('',(-0.0242133952352969,0.219010681204682,0.0597531649457993));
#902=CARTESIAN_POINT('',(-0.0281221683070115,0.273837697301047,0.0624100579815887));
#903=CARTESIAN_POINT('',(-0.026921020574062,0.25567103063438,0.0613214229804313));
#904=CARTESIAN_POINT('',(-0.0257198728411125,0.237504363967713,0.0602327879792738));
#905=CARTESIAN_POINT('',(-0.0245187251081632,0.219337697301046,0.0591441529781164));
#906=CARTESIAN_POINT('',(-0.0245115178670111,0.219228691935592,0.0591376208465854));
#907=CARTESIAN_POINT('',(-0.0245043106258591,0.219119686570137,0.0591310887150542));
#908=CARTESIAN_POINT('',(-0.0244971033847071,0.219010681204682,0.0591245565835232));
#909=CARTESIAN_POINT('',(-0.028622111532353,0.273837697301047,0.0624100579815887));
#910=CARTESIAN_POINT('',(-0.0272993625503519,0.25567103063438,0.061216019092487));
#911=CARTESIAN_POINT('',(-0.0259766135683507,0.237504363967713,0.0600219802033852));
#912=CARTESIAN_POINT('',(-0.0246538645863497,0.219337697301046,0.0588279413142834));
#913=CARTESIAN_POINT('',(-0.0246459277017888,0.219228691935592,0.0588207767282941));
#914=CARTESIAN_POINT('',(-0.0246379908172281,0.219119686570137,0.0588136121423047));
#915=CARTESIAN_POINT('',(-0.0246300539326672,0.219010681204682,0.0588064475563153));
#916=CARTESIAN_POINT('',(-0.0286341101697664,0.273837697301047,0.0624100579815887));
#917=CARTESIAN_POINT('',(-0.0273084427577867,0.25567103063438,0.0612134893991752));
#918=CARTESIAN_POINT('',(-0.0259827753458071,0.237504363967713,0.0600169208167616));
#919=CARTESIAN_POINT('',(-0.0246571079338275,0.219337697301046,0.0588203522343481));
#920=CARTESIAN_POINT('',(-0.0246491535378249,0.219228691935592,0.0588131724694518));
#921=CARTESIAN_POINT('',(-0.0246411991418223,0.219119686570137,0.0588059927045554));
#922=CARTESIAN_POINT('',(-0.0246332447458197,0.219010681204682,0.058798812939659));
#923=CARTESIAN_POINT('',(-0.0286461088071798,0.273837697301047,0.0624100579815887));
#924=CARTESIAN_POINT('',(-0.0273175229652216,0.25567103063438,0.0612109597058634));
#925=CARTESIAN_POINT('',(-0.0259889371232635,0.237504363967713,0.0600118614301381));
#926=CARTESIAN_POINT('',(-0.0246603512813054,0.219337697301046,0.0588127631544129));
#927=CARTESIAN_POINT('',(-0.0246523793738609,0.219228691935592,0.0588055682106095));
#928=CARTESIAN_POINT('',(-0.0246444074664166,0.219119686570137,0.0587983732668061));
#929=CARTESIAN_POINT('',(-0.0246364355589721,0.219010681204682,0.0587911783230027));
#930=CARTESIAN_POINT('',(-0.0286581074445932,0.273837697301047,0.0624100579815887));
#931=CARTESIAN_POINT('',(-0.0273266031726565,0.25567103063438,0.0612084300125517));
#932=CARTESIAN_POINT('',(-0.0259950989007198,0.237504363967713,0.0600068020435146));
#933=CARTESIAN_POINT('',(-0.0246635946287833,0.219337697301046,0.0588051740744776));
#934=CARTESIAN_POINT('',(-0.024655605209897,0.219228691935592,0.0587979639517672));
#935=CARTESIAN_POINT('',(-0.0246476157910108,0.219119686570137,0.0587907538290569));
#936=CARTESIAN_POINT('',(-0.0246396263721245,0.219010681204682,0.0587835437063464));
#937=CARTESIAN_POINT('',(-0.024587845206763,0.219337697301046,0.0589805117118371));
#938=CARTESIAN_POINT('',(-0.0246100805737478,0.219337697301046,0.0589297551459853));
#939=CARTESIAN_POINT('',(-0.0246320866234282,0.219337697301046,0.0588788993512524));
#940=CARTESIAN_POINT('',(-0.0246538633074694,0.219337697301046,0.0588279443067233));
#941=CARTESIAN_POINT('',(-0.0245881240361231,0.219337697301046,0.0589806338610221));
#942=CARTESIAN_POINT('',(-0.0246538639469325,0.219337697301046,0.05882794281045));
#943=CARTESIAN_POINT('',(-0.0245878423017461,0.219337681300685,0.0589805147945967));
#944=CARTESIAN_POINT('',(-0.0244721923414704,0.219364794607697,0.059250521613783));
#945=CARTESIAN_POINT('',(-0.0242332244286968,0.21944316749918,0.0597768753204018));
#946=CARTESIAN_POINT('',(-0.0238492233309246,0.219729189945887,0.0605356203118502));
#947=CARTESIAN_POINT('',(-0.0235175622071927,0.220324149203867,0.0611322379512612));
#948=CARTESIAN_POINT('',(-0.0233087161684098,0.221125657213715,0.0614856661072177));
#949=CARTESIAN_POINT('',(-0.0231792948114913,0.221966219931593,0.0616974637973009));
#950=CARTESIAN_POINT('',(-0.0230608277123041,0.22312509405824,0.0618862785641378));
#951=CARTESIAN_POINT('',(-0.0229735841749663,0.224583851764181,0.062020350609664));
#952=CARTESIAN_POINT('',(-0.0229071331008113,0.226337778603974,0.0621192764223335));
#953=CARTESIAN_POINT('',(-0.0228465549256009,0.228680039420064,0.0622062572751463));
#954=CARTESIAN_POINT('',(-0.0227998022352818,0.231611405942759,0.0622692307482291));
#955=CARTESIAN_POINT('',(-0.0227629631675593,0.235130013837487,0.062314829673466));
#956=CARTESIAN_POINT('',(-0.0227278941561952,0.239821535263303,0.0623539211619549));
#957=CARTESIAN_POINT('',(-0.022698773630079,0.245686280663784,0.0623802165576293));
#958=CARTESIAN_POINT('',(-0.0226736390023249,0.252724117757225,0.0623968777099017));
#959=CARTESIAN_POINT('',(-0.0226538670103628,0.259761964327789,0.0624054587998056));
#960=CARTESIAN_POINT('',(-0.0226372084071388,0.266799826719247,0.0624094020510608));
#961=CARTESIAN_POINT('',(-0.0226274460079859,0.271491739736826,0.0624100579816204));
#962=CARTESIAN_POINT('',(-0.0226227928267966,0.273837697230865,0.0624100579815888));
#963=CARTESIAN_POINT('',(-0.0226228282095366,0.273837697301047,0.0624100092233716));
#964=CARTESIAN_POINT('',(-0.0286227928266572,0.273837697301047,0.0624100579815887));
#965=CARTESIAN_POINT('',(-0.0286221115323654,0.273837697301047,0.0624100579815887));
#966=CARTESIAN_POINT('',(-0.0266379880593514,0.246587697301046,0.0606189996479361));
#967=CARTESIAN_POINT('',(-0.0286221262894925,0.273837697301047,0.0625400203615509));
#968=CARTESIAN_POINT('',(-0.0272876636897216,0.25567103063438,0.0613300577591993));
#969=CARTESIAN_POINT('',(-0.0259532010899507,0.237504363967713,0.0601200951568477));
#970=CARTESIAN_POINT('',(-0.0246187384901798,0.219337697301046,0.0589101325544961));
#971=CARTESIAN_POINT('',(-0.0246107316080997,0.219228695851463,0.0589028726823347));
#972=CARTESIAN_POINT('',(-0.0246027247260195,0.219119694401879,0.0588956128101734));
#973=CARTESIAN_POINT('',(-0.0245947178439393,0.219010692952295,0.058888352938012));
#974=CARTESIAN_POINT('',(-0.028622121370446,0.273837697301047,0.0624966995682302));
#975=CARTESIAN_POINT('',(-0.0272915633099317,0.25567103063438,0.0612920448702952));
#976=CARTESIAN_POINT('',(-0.0259610052494173,0.237504363967713,0.0600873901723602));
#977=CARTESIAN_POINT('',(-0.0246304471889031,0.219337697301046,0.0588827354744252));
#978=CARTESIAN_POINT('',(-0.02462246373437,0.219228695851463,0.0588755074501139));
#979=CARTESIAN_POINT('',(-0.0246144802798369,0.219119694401879,0.0588682794258025));
#980=CARTESIAN_POINT('',(-0.0246064968253038,0.219010692952295,0.0588610514014912));
#981=CARTESIAN_POINT('',(-0.0286221164513995,0.273837697301047,0.0624533787749094));
#982=CARTESIAN_POINT('',(-0.0272954629301418,0.25567103063438,0.0612540319813911));
#983=CARTESIAN_POINT('',(-0.025968809408884,0.237504363967713,0.0600546851878727));
#984=CARTESIAN_POINT('',(-0.0246421558876264,0.219337697301046,0.0588553383943543));
#985=CARTESIAN_POINT('',(-0.0246341958606404,0.219228695851463,0.058848142217893));
#986=CARTESIAN_POINT('',(-0.0246262358336544,0.219119694401879,0.0588409460414317));
#987=CARTESIAN_POINT('',(-0.0246182758066684,0.219010692952295,0.0588337498649704));
#988=CARTESIAN_POINT('',(-0.028622111532353,0.273837697301047,0.0624100579815887));
#989=CARTESIAN_POINT('',(-0.0272993625503519,0.25567103063438,0.061216019092487));
#990=CARTESIAN_POINT('',(-0.0259766135683507,0.237504363967713,0.0600219802033852));
#991=CARTESIAN_POINT('',(-0.0246538645863497,0.219337697301046,0.0588279413142834));
#992=CARTESIAN_POINT('',(-0.0246459279869107,0.219228695851463,0.0588207769856721));
#993=CARTESIAN_POINT('',(-0.0246379913874718,0.219119694401879,0.0588136126570609));
#994=CARTESIAN_POINT('',(-0.0246300547880329,0.219010692952295,0.0588064483284496));
#995=CARTESIAN_POINT('',(-0.0286219065758364,0.273837697301047,0.0606050579815887));
#996=CARTESIAN_POINT('',(-0.0274618437502486,0.25567103063438,0.0596321777264265));
#997=CARTESIAN_POINT('',(-0.0263017809246609,0.237504363967713,0.0586592974712643));
#998=CARTESIAN_POINT('',(-0.0251417180990731,0.219337697301046,0.0576864172161022));
#999=CARTESIAN_POINT('',(-0.025134757629554,0.219228695851463,0.0576805798569416));
#1000=CARTESIAN_POINT('',(-0.0251277971600349,0.219119694401879,0.057674742497781));
#1001=CARTESIAN_POINT('',(-0.0251208366905158,0.219010692952295,0.0576689051386204));
#1002=CARTESIAN_POINT('',(-0.0286214966628031,0.273837697301047,0.0569950579815887));
#1003=CARTESIAN_POINT('',(-0.0277096982262903,0.25567103063438,0.0564315367371448));
#1004=CARTESIAN_POINT('',(-0.0267978997897774,0.237504363967713,0.0558680154927008));
#1005=CARTESIAN_POINT('',(-0.0258861013532646,0.219337697301046,0.0553044942482569));
#1006=CARTESIAN_POINT('',(-0.0258806304898898,0.219228695851463,0.0553011130758248));
#1007=CARTESIAN_POINT('',(-0.0258751596265151,0.219119694401879,0.0552977319033928));
#1008=CARTESIAN_POINT('',(-0.0258696887631403,0.219010692952295,0.0552943507309607));
#1009=CARTESIAN_POINT('',(-0.0286208817932532,0.273837697301047,0.0515800579815887));
#1010=CARTESIAN_POINT('',(-0.0278348872645966,0.25567103063438,0.0515800579815887));
#1011=CARTESIAN_POINT('',(-0.02704889273594,0.237504363967713,0.0515800579815886));
#1012=CARTESIAN_POINT('',(-0.0262628982072835,0.219337697301046,0.0515800579815885));
#1013=CARTESIAN_POINT('',(-0.0262581821773942,0.219228695851463,0.0515800579815885));
#1014=CARTESIAN_POINT('',(-0.026253466147505,0.219119694401879,0.0515800579815885));
#1015=CARTESIAN_POINT('',(-0.0262487501176157,0.219010692952295,0.0515800579815885));
#1016=CARTESIAN_POINT('',(-0.0286202669237032,0.273837697301047,0.0461650579815887));
#1017=CARTESIAN_POINT('',(-0.0277084684871903,0.25567103063438,0.0467285792260325));
#1018=CARTESIAN_POINT('',(-0.0267966700506776,0.237504363967713,0.0472921004704764));
#1019=CARTESIAN_POINT('',(-0.0258848716141648,0.219337697301046,0.0478556217149202));
#1020=CARTESIAN_POINT('',(-0.02587940075079,0.219228695851463,0.0478590028873522));
#1021=CARTESIAN_POINT('',(-0.0258739298874152,0.219119694401879,0.0478623840597843));
#1022=CARTESIAN_POINT('',(-0.0258684590240405,0.219010692952295,0.0478657652322164));
#1023=CARTESIAN_POINT('',(-0.0286198570106698,0.273837697301047,0.0425550579815887));
#1024=CARTESIAN_POINT('',(-0.0274597941850822,0.25567103063438,0.0435279382367508));
#1025=CARTESIAN_POINT('',(-0.0262997313594944,0.237504363967713,0.0445008184919129));
#1026=CARTESIAN_POINT('',(-0.0251396685339066,0.219337697301046,0.0454736987470749));
#1027=CARTESIAN_POINT('',(-0.0251327080643875,0.219228695851463,0.0454795361062355));
#1028=CARTESIAN_POINT('',(-0.0251257475948684,0.219119694401879,0.0454853734653961));
#1029=CARTESIAN_POINT('',(-0.0251187871253493,0.219010692952295,0.0454912108245567));
#1030=CARTESIAN_POINT('',(-0.0286196520541533,0.273837697301047,0.0407500579815887));
#1031=CARTESIAN_POINT('',(-0.0272969030721521,0.25567103063438,0.0419440968706903));
#1032=CARTESIAN_POINT('',(-0.025974154090151,0.237504363967713,0.043138135759792));
#1033=CARTESIAN_POINT('',(-0.0246514051081498,0.219337697301046,0.0443321746488937));
#1034=CARTESIAN_POINT('',(-0.0246434685087109,0.219228695851463,0.0443393389775049));
#1035=CARTESIAN_POINT('',(-0.024635531909272,0.219119694401879,0.0443465033061162));
#1036=CARTESIAN_POINT('',(-0.0246275953098331,0.219010692952295,0.0443536676347275));
#1037=CARTESIAN_POINT('',(-0.0260297665983102,0.219337697301046,0.0495972698143773));
#1038=CARTESIAN_POINT('',(-0.0258370467438817,0.219337697301046,0.0478181125455835));
#1039=CARTESIAN_POINT('',(-0.0253946003326145,0.219337697301046,0.0461033827907797));
#1040=CARTESIAN_POINT('',(-0.0247025924413076,0.219337697301046,0.0444530381858183));
#1041=CARTESIAN_POINT('',(-0.0260297308536411,0.219337695860851,0.0495972736862708));
#1042=CARTESIAN_POINT('',(-0.024702592745098,0.219337700229358,0.0444530382196727));
#1043=CARTESIAN_POINT('',(-0.0260603205476316,0.219337714097588,0.0532626503596202));
#1044=CARTESIAN_POINT('',(-0.0261715979337953,0.219388014926092,0.0520748120379104));
#1045=CARTESIAN_POINT('',(-0.0261675888333678,0.219388006029837,0.0508445273371099));
#1046=CARTESIAN_POINT('',(-0.0260296598171684,0.219337692980768,0.0495972816681643));
#1047=CARTESIAN_POINT('',(-0.0260603414044529,0.219337705701724,0.0532626519610182));
#1048=CARTESIAN_POINT('',(-0.0246538639469325,0.219337697301046,0.05882794281045));
#1049=CARTESIAN_POINT('',(-0.0254150956205861,0.219337697301046,0.0570467435834038));
#1050=CARTESIAN_POINT('',(-0.0258838800980239,0.219337697301047,0.0551916351092898));
#1051=CARTESIAN_POINT('',(-0.0260603614271959,0.219337697301047,0.0532626537928868));
#1052=CARTESIAN_POINT('',(-0.0286196520540796,0.273837697301047,0.0407500573328189));
#1053=CARTESIAN_POINT('',(-0.0286204718801665,0.273837697301046,0.0479700575136442));
#1054=CARTESIAN_POINT('',(-0.0286212917062974,0.273837697301047,0.0551900580188546));
#1055=CARTESIAN_POINT('',(-0.0286221115323777,0.273837697301047,0.06241005819968));
#1056=CARTESIAN_POINT('',(-0.0286196520541164,0.273837697301047,0.0407500576572038));
#1057=CARTESIAN_POINT('',(-0.0266355285811515,0.246587697301046,0.0425411163152412));
#1058=CARTESIAN_POINT('',(-0.0246521569771983,0.219348023488832,0.0443314959404647));
#1059=CARTESIAN_POINT('',(-0.0122785102580986,0.228886814871969,0.0503477830925872));
#1060=CARTESIAN_POINT('',(-0.0286196520541533,0.273837697301047,0.0407500579815887));
#1061=CARTESIAN_POINT('',(-0.0272969030721521,0.25567103063438,0.0419440968706903));
#1062=CARTESIAN_POINT('',(-0.025974154090151,0.237504363967713,0.043138135759792));
#1063=CARTESIAN_POINT('',(-0.0246514051081498,0.219337697301046,0.0443321746488937));
#1064=CARTESIAN_POINT('',(-0.0281195952794949,0.273837697301047,0.0407500579815887));
#1065=CARTESIAN_POINT('',(-0.0269184475465455,0.25567103063438,0.0418386929827461));
#1066=CARTESIAN_POINT('',(-0.0257172998135961,0.237504363967713,0.0429273279839033));
#1067=CARTESIAN_POINT('',(-0.0245161520806466,0.219337697301046,0.0440159629850607));
#1068=CARTESIAN_POINT('',(-0.0271194817301782,0.273837697301047,0.0407500579815887));
#1069=CARTESIAN_POINT('',(-0.0261556366234051,0.25567103063438,0.0416304072901419));
#1070=CARTESIAN_POINT('',(-0.025191791516632,0.237504363967713,0.0425107565986951));
#1071=CARTESIAN_POINT('',(-0.0242279464098588,0.219337697301046,0.0433911059072482));
#1072=CARTESIAN_POINT('',(-0.0256193114062031,0.273837697301047,0.0407500579815887));
#1073=CARTESIAN_POINT('',(-0.0249941706397066,0.25567103063438,0.0413265240531962));
#1074=CARTESIAN_POINT('',(-0.02436902987321,0.237504363967713,0.0419029901248037));
#1075=CARTESIAN_POINT('',(-0.0237438891067135,0.219337697301046,0.0424794561964112));
#1076=CARTESIAN_POINT('',(-0.0241191410822281,0.273837697301047,0.0407500579815887));
#1077=CARTESIAN_POINT('',(-0.0238159632279892,0.25567103063438,0.0410321410095742));
#1078=CARTESIAN_POINT('',(-0.0235127853737503,0.237504363967713,0.0413142240375596));
#1079=CARTESIAN_POINT('',(-0.0232096075195115,0.219337697301046,0.041596307065545));
#1080=CARTESIAN_POINT('',(-0.0231190275329115,0.273837697301047,0.0407500579815887));
#1081=CARTESIAN_POINT('',(-0.023019698935908,0.25567103063438,0.0408428289675303));
#1082=CARTESIAN_POINT('',(-0.0229203703389045,0.237504363967713,0.0409355999534719));
#1083=CARTESIAN_POINT('',(-0.0228210417419011,0.219337697301046,0.0410283709394135));
#1084=CARTESIAN_POINT('',(-0.0226189707582531,0.273837697301047,0.0407500579815887));
#1085=CARTESIAN_POINT('',(-0.0226189707582528,0.25567103063438,0.0407500579815887));
#1086=CARTESIAN_POINT('',(-0.0226189707582525,0.237504363967713,0.0407500579815886));
#1087=CARTESIAN_POINT('',(-0.0226189707582523,0.219337697301046,0.0407500579815885));
#1088=CARTESIAN_POINT('',(-0.0286227928266571,0.273837697301047,0.0407500579815887));
#1089=CARTESIAN_POINT('',(-0.0226227928264988,0.273837697379846,0.0407500579815857));
#1090=CARTESIAN_POINT('',(-0.0226227928263403,0.273837697458646,0.0407500579815826));
#1091=CARTESIAN_POINT('',(-0.0226275198088624,0.27148631624328,0.0407501497644278));
#1092=CARTESIAN_POINT('',(-0.0226374468474411,0.26678355528722,0.0407510149248339));
#1093=CARTESIAN_POINT('',(-0.0226544305482071,0.259729418106735,0.0407553904075011));
#1094=CARTESIAN_POINT('',(-0.0226746524070064,0.25267529973715,0.0407645936594123));
#1095=CARTESIAN_POINT('',(-0.0227004632812903,0.245621238024547,0.0407822241349162));
#1096=CARTESIAN_POINT('',(-0.0227305084711281,0.239742873156177,0.0408098837211099));
#1097=CARTESIAN_POINT('',(-0.02276689432221,0.235040430317173,0.0408509681025549));
#1098=CARTESIAN_POINT('',(-0.0228052739378342,0.231514089788164,0.0408989374796626));
#1099=CARTESIAN_POINT('',(-0.0228542417737477,0.22857541638484,0.0409653698684386));
#1100=CARTESIAN_POINT('',(-0.0229181481177132,0.226227585760446,0.0410576614569474));
#1101=CARTESIAN_POINT('',(-0.0229888103375716,0.224467220202755,0.0411634223302331));
#1102=CARTESIAN_POINT('',(-0.0230822007687321,0.223009175527537,0.0413077097570457));
#1103=CARTESIAN_POINT('',(-0.0232097664154247,0.221856349101743,0.0415123148168904));
#1104=CARTESIAN_POINT('',(-0.023352038136686,0.22101496424919,0.0417469675163802));
#1105=CARTESIAN_POINT('',(-0.0235794159855636,0.220242732408817,0.0421361113304859));
#1106=CARTESIAN_POINT('',(-0.0239231245106937,0.219700847176275,0.0427648594408121));
#1107=CARTESIAN_POINT('',(-0.0243020516074909,0.219445334561169,0.0435282346670475));
#1108=CARTESIAN_POINT('',(-0.0245388044731185,0.21937283608817,0.0440608199262124));
#1109=CARTESIAN_POINT('',(-0.0246521569809002,0.219348023539674,0.0443314959371232));
#1110=CARTESIAN_POINT('',(-0.0260885974373773,0.273837697301047,0.0529077926159141));
#1111=CARTESIAN_POINT('',(-0.026062815072612,0.270789072372559,0.0529068780161054));
#1112=CARTESIAN_POINT('',(-0.0260370327078468,0.267740447444071,0.0529059634162967));
#1113=CARTESIAN_POINT('',(-0.0260112503430815,0.264691822515583,0.052905048816488));
#1114=CARTESIAN_POINT('',(-0.0258479045334769,0.273837697301047,0.0562587534674574));
#1115=CARTESIAN_POINT('',(-0.025823916012911,0.270789072372559,0.0562555910668425));
#1116=CARTESIAN_POINT('',(-0.0257999274923452,0.267740447444071,0.0562524286662275));
#1117=CARTESIAN_POINT('',(-0.0257759389717793,0.264691822515583,0.0562492662656126));
#1118=CARTESIAN_POINT('',(-0.0246926363304355,0.273837697301047,0.0595576799230509));
#1119=CARTESIAN_POINT('',(-0.0246772419314581,0.270789072372559,0.0595529934177439));
#1120=CARTESIAN_POINT('',(-0.0246618475324806,0.267740447444071,0.0595483069124369));
#1121=CARTESIAN_POINT('',(-0.0246464531335032,0.264691822515583,0.05954362040713));
#1122=CARTESIAN_POINT('',(-0.0226227928282532,0.273837697301047,0.0624100579815888));
#1123=CARTESIAN_POINT('',(-0.0226227928282532,0.270789072372559,0.0624100579815888));
#1124=CARTESIAN_POINT('',(-0.0226227928282531,0.267740447444071,0.0624100579815887));
#1125=CARTESIAN_POINT('',(-0.0226227928282531,0.264691822515583,0.0624100579815887));
#1126=CARTESIAN_POINT('',(-0.0226228282097062,0.273837697301047,0.0624100092234946));
#1127=CARTESIAN_POINT('',(-0.0246229537868776,0.273837697301047,0.0596536881729751));
#1128=CARTESIAN_POINT('',(-0.0258291521534474,0.273837697301047,0.0563637785976797));
#1129=CARTESIAN_POINT('',(-0.0260841907200186,0.273837697301047,0.0529677776252119));
#1130=CARTESIAN_POINT('',(-0.0260854201227914,0.273837428145754,0.0529678699529596));
#1131=CARTESIAN_POINT('',(-0.0226227928282532,0.273837697301047,0.0624100579815888));
#1132=CARTESIAN_POINT('',(-0.0226441570852712,0.273262084949351,0.0623806166552804));
#1133=CARTESIAN_POINT('',(-0.0226886517164218,0.272169412506056,0.0623186330402584));
#1134=CARTESIAN_POINT('',(-0.022748512069512,0.270950364750234,0.0622333897215256));
#1135=CARTESIAN_POINT('',(-0.0227989246717613,0.270062460358051,0.0621604045060635));
#1136=CARTESIAN_POINT('',(-0.0228378197205161,0.269442053636407,0.0621034950592484));
#1137=CARTESIAN_POINT('',(-0.0228716471886057,0.268956697420918,0.0620534590636942));
#1138=CARTESIAN_POINT('',(-0.0228950200636223,0.268645951622687,0.0620186245301411));
#1139=CARTESIAN_POINT('',(-0.0229098027166598,0.26845861723957,0.0619964908942801));
#1140=CARTESIAN_POINT('',(-0.022917353172528,0.268363850707638,0.0619851751346667));
#1141=CARTESIAN_POINT('',(-0.0229387711720303,0.268107513110566,0.0619529372820309));
#1142=CARTESIAN_POINT('',(-0.022963106962617,0.267833991514178,0.061916103676997));
#1143=CARTESIAN_POINT('',(-0.0230091872625084,0.267352538984241,0.0618459065957532));
#1144=CARTESIAN_POINT('',(-0.0230771994576927,0.26675081068053,0.0617408188576292));
#1145=CARTESIAN_POINT('',(-0.0231510278221801,0.266234326725899,0.0616244207846517));
#1146=CARTESIAN_POINT('',(-0.0232032714466971,0.265930454372616,0.0615407988861439));
#1147=CARTESIAN_POINT('',(-0.0232363069656923,0.265759635411244,0.0614874396030039));
#1148=CARTESIAN_POINT('',(-0.0232542371081572,0.265670204121295,0.0614584003706803));
#1149=CARTESIAN_POINT('',(-0.0232998357450638,0.265467047381826,0.0613839748522787));
#1150=CARTESIAN_POINT('',(-0.0233410331998494,0.26531548482053,0.0613159199149142));
#1151=CARTESIAN_POINT('',(-0.0233774619962634,0.265194273320272,0.0612554081135353));
#1152=CARTESIAN_POINT('',(-0.0234642238497905,0.264965996522433,0.0611094488085239));
#1153=CARTESIAN_POINT('',(-0.02357536613811,0.26478354757653,0.0609186504993369));
#1154=CARTESIAN_POINT('',(-0.0237392381068759,0.264730331522547,0.0606261810178073));
#1155=CARTESIAN_POINT('',(-0.0238386387784617,0.264793552725166,0.0604428315843986));
#1156=CARTESIAN_POINT('',(-0.0239664105749032,0.264937316269155,0.0602018994500454));
#1157=CARTESIAN_POINT('',(-0.0240775159356778,0.265139917863416,0.0599843879571518));
#1158=CARTESIAN_POINT('',(-0.0241656164465997,0.265331993725492,0.0598076887287864));
#1159=CARTESIAN_POINT('',(-0.0242477707435324,0.265538124549188,0.0596388932328787));
#1160=CARTESIAN_POINT('',(-0.0242759346653236,0.265615453618797,0.0595799178169254));
#1161=CARTESIAN_POINT('',(-0.0243344213371527,0.265778074618767,0.0594569242066045));
#1162=CARTESIAN_POINT('',(-0.0244033952512949,0.265984861923656,0.0593088362318171));
#1163=CARTESIAN_POINT('',(-0.0244796174048493,0.266231084014957,0.0591407550592248));
#1164=CARTESIAN_POINT('',(-0.0245389274724031,0.266432908135382,0.0590071468887206));
#1165=CARTESIAN_POINT('',(-0.0245925211322931,0.26662280009574,0.058884151063679));
#1166=CARTESIAN_POINT('',(-0.0246156594426252,0.266707322741605,0.0588302662907596));
#1167=CARTESIAN_POINT('',(-0.0246605402275592,0.266873031854885,0.0587250971704454));
#1168=CARTESIAN_POINT('',(-0.0247173115927433,0.267089344104874,0.0585895826782787));
#1169=CARTESIAN_POINT('',(-0.0247952021176458,0.267397369662126,0.0583984503422456));
#1170=CARTESIAN_POINT('',(-0.0248752330251676,0.267726261557854,0.0581963284273843));
#1171=CARTESIAN_POINT('',(-0.0249750700113911,0.268152588383377,0.0579339513800031));
#1172=CARTESIAN_POINT('',(-0.0250836852324516,0.268632302198954,0.0576357301356518));
#1173=CARTESIAN_POINT('',(-0.0251990128304633,0.269164909546862,0.0573006580581444));
#1174=CARTESIAN_POINT('',(-0.0252862939837653,0.269587696785277,0.0570289886244153));
#1175=CARTESIAN_POINT('',(-0.0253332138905213,0.269818990962361,0.0568776513916636));
#1176=CARTESIAN_POINT('',(-0.0253593015642332,0.269948286808282,0.0567917139215662));
#1177=CARTESIAN_POINT('',(-0.0253695528769867,0.2699990195203,0.0567579180187305));
#1178=CARTESIAN_POINT('',(-0.0254074562676582,0.270187258826093,0.0566302373468159));
#1179=CARTESIAN_POINT('',(-0.0254468643966242,0.270384715569516,0.0564938002105375));
#1180=CARTESIAN_POINT('',(-0.0254974023899886,0.270640277089101,0.0563134140538285));
#1181=CARTESIAN_POINT('',(-0.025553219330282,0.270926537086555,0.0561043877032552));
#1182=CARTESIAN_POINT('',(-0.0256239471125924,0.271293995360048,0.0558267138712232));
#1183=CARTESIAN_POINT('',(-0.0256875605731772,0.271630938320244,0.0555580724101263));
#1184=CARTESIAN_POINT('',(-0.0257472152540018,0.271952588534616,0.0552846137085337));
#1185=CARTESIAN_POINT('',(-0.0257839964564434,0.272152714768113,0.0551084575807893));
#1186=CARTESIAN_POINT('',(-0.0258373703570816,0.272446596431614,0.0548349313937407));
#1187=CARTESIAN_POINT('',(-0.0258801894287045,0.272685269250022,0.054595830212647));
#1188=CARTESIAN_POINT('',(-0.0259210339764822,0.272914393915425,0.05434847072525));
#1189=CARTESIAN_POINT('',(-0.0259540770788684,0.273100291934568,0.0541322120479329));
#1190=CARTESIAN_POINT('',(-0.0259953704289672,0.273332016588382,0.0538326900493805));
#1191=CARTESIAN_POINT('',(-0.0260404656802438,0.2735857497638,0.0534568940464145));
#1192=CARTESIAN_POINT('',(-0.0260687002170523,0.273746631764581,0.0531637904775376));
#1193=CARTESIAN_POINT('',(-0.0260841953703484,0.2738371763428,0.0529676569436525));
#1194=CARTESIAN_POINT('',(0.0396215897371692,0.274168323595343,0.050201736867984));
#1195=CARTESIAN_POINT('',(0.0420259217901726,0.255805065893127,0.0501704966934434));
#1196=CARTESIAN_POINT('',(0.0444302478496537,0.237441807589886,0.0501390997604254));
#1197=CARTESIAN_POINT('',(0.0468345685081148,0.219078548731694,0.0501075731164323));
#1198=CARTESIAN_POINT('',(0.0396802599173922,0.274167414382171,0.0515800579815893));
#1199=CARTESIAN_POINT('',(0.0420867297065488,0.255804133996113,0.0515800579815892));
#1200=CARTESIAN_POINT('',(0.0444932024924668,0.237440853910568,0.0515800579815891));
#1201=CARTESIAN_POINT('',(0.0468996779788945,0.219077574102498,0.0515800579815891));
#1202=CARTESIAN_POINT('',(0.0396215897371692,0.274168323595343,0.0529583790951946));
#1203=CARTESIAN_POINT('',(0.0420259217901727,0.255805065893127,0.0529896192697349));
#1204=CARTESIAN_POINT('',(0.0444302478496537,0.237441807589886,0.0530210162027529));
#1205=CARTESIAN_POINT('',(0.0468345685081148,0.219078548731694,0.0530525428467459));
#1206=CARTESIAN_POINT('',(0.0393549681440373,0.274172380610146,0.054939958382567));
#1207=CARTESIAN_POINT('',(0.0417495622425284,0.255809220860008,0.0550162478041325));
#1208=CARTESIAN_POINT('',(0.0441441093884421,0.237446056399984,0.055092915629402));
#1209=CARTESIAN_POINT('',(0.0465386145512862,0.219082887629726,0.055169895333571));
#1210=CARTESIAN_POINT('',(0.0386024419342425,0.274183518902582,0.057620528669115));
#1211=CARTESIAN_POINT('',(0.0409694451045402,0.255820612928913,0.057758334275272));
#1212=CARTESIAN_POINT('',(0.0433362832789183,0.237457690357563,0.057896802262003));
#1213=CARTESIAN_POINT('',(0.0457029753820625,0.219094752774378,0.0580358101015477));
#1214=CARTESIAN_POINT('',(0.0367724784406525,0.274207276712103,0.0611377143468432));
#1215=CARTESIAN_POINT('',(0.0390714436734482,0.255844771788139,0.0613580255787818));
#1216=CARTESIAN_POINT('',(0.0413699688875756,0.237482222792911,0.061579262377519));
#1217=CARTESIAN_POINT('',(0.0436681193445268,0.219119635638384,0.0618012313204327));
#1218=CARTESIAN_POINT('',(0.0337285577351946,0.274239358882438,0.0648105954065236));
#1219=CARTESIAN_POINT('',(0.0359128870180291,0.255877128767194,0.065118736880135));
#1220=CARTESIAN_POINT('',(0.0380964446008632,0.237514823405562,0.0654278457706474));
#1221=CARTESIAN_POINT('',(0.0402793752403548,0.219152456159618,0.0657376907125247));
#1222=CARTESIAN_POINT('',(0.0292304193653986,0.274275666149121,0.0683704442095215));
#1223=CARTESIAN_POINT('',(0.0312443396578041,0.255913429854773,0.0687644058895145));
#1224=CARTESIAN_POINT('',(0.0332572908288176,0.237551104259628,0.0691591120602834));
#1225=CARTESIAN_POINT('',(0.0352694886697104,0.219188708631926,0.0695543635419043));
#1226=CARTESIAN_POINT('',(0.0232043132978928,0.274311774428612,0.0714182235251106));
#1227=CARTESIAN_POINT('',(0.0249900242099262,0.255949267352928,0.0718855513541219));
#1228=CARTESIAN_POINT('',(0.0267748498207266,0.237586685908257,0.0723532641175806));
#1229=CARTESIAN_POINT('',(0.0285590098892235,0.219224048229126,0.0728212506158806));
#1230=CARTESIAN_POINT('',(0.0158637723862124,0.274344231011211,0.0734995291153117));
#1231=CARTESIAN_POINT('',(0.0173722915271303,0.255981322578704,0.0740167100775401));
#1232=CARTESIAN_POINT('',(0.018880287299669,0.237618376089471,0.074533969828037));
#1233=CARTESIAN_POINT('',(0.0203878974435166,0.219255401496473,0.0750512845496243));
#1234=CARTESIAN_POINT('',(0.00775235490274986,0.274370989417271,0.07424141962727));
#1235=CARTESIAN_POINT('',(0.00895523456654621,0.256007697236915,0.0747763199743207));
#1236=CARTESIAN_POINT('',(0.0101581140969508,0.237644406948895,0.075311181426379));
#1237=CARTESIAN_POINT('',(0.0113609935341033,0.219281118086903,0.0758460157600531));
#1238=CARTESIAN_POINT('',(-0.000358831440680081,0.274391361246205,0.0734981697390734));
#1239=CARTESIAN_POINT('',(0.00053840239453413,0.256027801451477,0.07401536959065));
#1240=CARTESIAN_POINT('',(0.00143616013169483,0.237664272144121,0.0745326462339262));
#1241=CARTESIAN_POINT('',(0.00233430387055475,0.219300765236426,0.0750499763796492));
#1242=CARTESIAN_POINT('',(-0.0076985222340562,0.274405751753875,0.0714152236862501));
#1243=CARTESIAN_POINT('',(-0.00707850372951015,0.256042073446819,0.0718825923145055));
#1244=CARTESIAN_POINT('',(-0.00645759649409781,0.237678436785012,0.0723503418566122));
#1245=CARTESIAN_POINT('',(-0.00583602129366536,0.219314831098192,0.0728183620936677));
#1246=CARTESIAN_POINT('',(-0.0137227893921095,0.274415244671127,0.0683655455568694));
#1247=CARTESIAN_POINT('',(-0.013331024130074,0.256051577736655,0.0687595598009853));
#1248=CARTESIAN_POINT('',(-0.0129382816868448,0.237687948573406,0.069154314549172));
#1249=CARTESIAN_POINT('',(-0.0125447800145389,0.219324348142137,0.0695496113011639));
#1250=CARTESIAN_POINT('',(-0.0182178369881769,0.274421139700023,0.0648040631378157));
#1251=CARTESIAN_POINT('',(-0.0179965251843912,0.256057566382817,0.0651122359217779));
#1252=CARTESIAN_POINT('',(-0.0177744308432136,0.237694019060159,0.065421375930118));
#1253=CARTESIAN_POINT('',(-0.0175517011436477,0.219330492089633,0.0657312512788578));
#1254=CARTESIAN_POINT('',(-0.0212577269934073,0.274424599116838,0.0611306936466576));
#1255=CARTESIAN_POINT('',(-0.0211510554005464,0.256061147326316,0.0613509848086152));
#1256=CARTESIAN_POINT('',(-0.0210439353236961,0.237697709214269,0.0615722058136142));
#1257=CARTESIAN_POINT('',(-0.0209364334363077,0.219334282119098,0.0617941619156406));
#1258=CARTESIAN_POINT('',(-0.0230837817879882,0.274426486159196,0.0576147637539738));
#1259=CARTESIAN_POINT('',(-0.0230450991429753,0.256063138960779,0.057752513013732));
#1260=CARTESIAN_POINT('',(-0.0230062479134146,0.23769979682341,0.0578909296901594));
#1261=CARTESIAN_POINT('',(-0.0229672474251085,0.21933645884564,0.0580298901957779));
#1262=CARTESIAN_POINT('',(-0.0238341652199469,0.274427220733601,0.0549364288659431));
#1263=CARTESIAN_POINT('',(-0.0238230253906214,0.256063925773026,0.0550126730433999));
#1264=CARTESIAN_POINT('',(-0.0238118375919705,0.237700632266031,0.0550892987695946));
#1265=CARTESIAN_POINT('',(-0.023800606890443,0.219337339959046,0.0551662389493823));
#1266=CARTESIAN_POINT('',(-0.0240999801359628,0.274427478290504,0.0529568814753108));
#1267=CARTESIAN_POINT('',(-0.0240985581826234,0.256064202569964,0.0529881009451106));
#1268=CARTESIAN_POINT('',(-0.0240971301040509,0.23770092703519,0.0530194785141446));
#1269=CARTESIAN_POINT('',(-0.0240956965038588,0.219337651654365,0.0530509869034841));
#1270=CARTESIAN_POINT('',(-0.0241584660693984,0.274427534517815,0.0515800579815888));
#1271=CARTESIAN_POINT('',(-0.0241591770460677,0.25606426314092,0.0515800579815887));
#1272=CARTESIAN_POINT('',(-0.0241598910853535,0.237700991671141,0.0515800579815886));
#1273=CARTESIAN_POINT('',(-0.0241606078854492,0.219337720124388,0.0515800579815885));
#1274=CARTESIAN_POINT('',(-0.0240999801359628,0.274427478290504,0.0502032344878668));
#1275=CARTESIAN_POINT('',(-0.0240985581826234,0.256064202569964,0.0501720150180668));
#1276=CARTESIAN_POINT('',(-0.0240971301040509,0.23770092703519,0.0501406374490326));
#1277=CARTESIAN_POINT('',(-0.0240956965038588,0.219337651654365,0.050109129059693));
#1278=CARTESIAN_POINT('',(-0.0238341652199468,0.274427220733601,0.0482236870972344));
#1279=CARTESIAN_POINT('',(-0.0238230253906214,0.256063925773026,0.0481474429197775));
#1280=CARTESIAN_POINT('',(-0.0238118375919705,0.237700632266031,0.0480708171935826));
#1281=CARTESIAN_POINT('',(-0.0238006068904428,0.219337339959046,0.0479938770137948));
#1282=CARTESIAN_POINT('',(-0.0230837817879881,0.274426486159196,0.0455453522092037));
#1283=CARTESIAN_POINT('',(-0.0230450991429752,0.256063138960779,0.0454076029494454));
#1284=CARTESIAN_POINT('',(-0.0230062479134145,0.23769979682341,0.0452691862730178));
#1285=CARTESIAN_POINT('',(-0.0229672474251084,0.21933645884564,0.0451302257673992));
#1286=CARTESIAN_POINT('',(-0.0212577269934071,0.274424599116838,0.04202942231652));
#1287=CARTESIAN_POINT('',(-0.0211510554005463,0.256061147326316,0.0418091311545622));
#1288=CARTESIAN_POINT('',(-0.0210439353236959,0.237697709214269,0.041587910149563));
#1289=CARTESIAN_POINT('',(-0.0209364334363075,0.219334282119098,0.0413659540475366));
#1290=CARTESIAN_POINT('',(-0.0182178369881767,0.274421139700023,0.0383560528253619));
#1291=CARTESIAN_POINT('',(-0.017996525184391,0.256057566382818,0.0380478800413995));
#1292=CARTESIAN_POINT('',(-0.0177744308432134,0.237694019060159,0.0377387400330593));
#1293=CARTESIAN_POINT('',(-0.0175517011436475,0.219330492089633,0.0374288646843194));
#1294=CARTESIAN_POINT('',(-0.0137227893921092,0.274415244671127,0.0347945704063083));
#1295=CARTESIAN_POINT('',(-0.0133310241300737,0.256051577736655,0.0344005561621923));
#1296=CARTESIAN_POINT('',(-0.0129382816868445,0.237687948573406,0.0340058014140054));
#1297=CARTESIAN_POINT('',(-0.0125447800145386,0.219324348142138,0.0336105046620133));
#1298=CARTESIAN_POINT('',(-0.0076985222340559,0.274405751753875,0.0317448922769277));
#1299=CARTESIAN_POINT('',(-0.00707850372950984,0.256042073446819,0.0312775236486721));
#1300=CARTESIAN_POINT('',(-0.00645759649409748,0.237678436785012,0.0308097741065652));
#1301=CARTESIAN_POINT('',(-0.00583602129366503,0.219314831098192,0.0303417538695097));
#1302=CARTESIAN_POINT('',(-0.000358831440679749,0.274391361246205,0.0296619462241045));
#1303=CARTESIAN_POINT('',(0.000538402394534478,0.256027801451478,0.0291447463725278));
#1304=CARTESIAN_POINT('',(0.00143616013169517,0.237664272144121,0.0286274697292514));
#1305=CARTESIAN_POINT('',(0.00233430387055511,0.219300765236426,0.0281101395835282));
#1306=CARTESIAN_POINT('',(0.00775235490275021,0.274370989417271,0.028918696335908));
#1307=CARTESIAN_POINT('',(0.00895523456654658,0.256007697236915,0.0283837959888572));
#1308=CARTESIAN_POINT('',(0.0101581140969512,0.237644406948896,0.0278489345367988));
#1309=CARTESIAN_POINT('',(0.0113609935341037,0.219281118086903,0.0273141002031245));
#1310=CARTESIAN_POINT('',(0.0158637723862128,0.274344231011211,0.0296605868478664));
#1311=CARTESIAN_POINT('',(0.0173722915271306,0.255981322578704,0.0291434058856379));
#1312=CARTESIAN_POINT('',(0.0188802872996693,0.237618376089471,0.0286261461351408));
#1313=CARTESIAN_POINT('',(0.020387897443517,0.219255401496473,0.0281088314135535));
#1314=CARTESIAN_POINT('',(0.023204313297893,0.274311774428612,0.0317418924380676));
#1315=CARTESIAN_POINT('',(0.0249900242099265,0.255949267352929,0.0312745646090562));
#1316=CARTESIAN_POINT('',(0.0267748498207269,0.237586685908257,0.0308068518455974));
#1317=CARTESIAN_POINT('',(0.0285590098892238,0.219224048229126,0.0303388653472972));
#1318=CARTESIAN_POINT('',(0.0292304193653988,0.274275666149121,0.0347896717536568));
#1319=CARTESIAN_POINT('',(0.0312443396578044,0.255913429854773,0.0343957100736637));
#1320=CARTESIAN_POINT('',(0.0332572908288179,0.237551104259628,0.0340010039028946));
#1321=CARTESIAN_POINT('',(0.0352694886697106,0.219188708631926,0.0336057524212737));
#1322=CARTESIAN_POINT('',(0.0337285577351948,0.274239358882438,0.0383495205566548));
#1323=CARTESIAN_POINT('',(0.0359128870180294,0.255877128767194,0.0380413790830433));
#1324=CARTESIAN_POINT('',(0.0380964446008634,0.237514823405562,0.0377322701925308));
#1325=CARTESIAN_POINT('',(0.040279375240355,0.219152456159618,0.0374224252506533));
#1326=CARTESIAN_POINT('',(0.0367724784406527,0.274207276712103,0.0420224016163352));
#1327=CARTESIAN_POINT('',(0.0390714436734484,0.255844771788139,0.0418020903843966));
#1328=CARTESIAN_POINT('',(0.0413699688875757,0.237482222792911,0.0415808535856592));
#1329=CARTESIAN_POINT('',(0.043668119344527,0.219119635638384,0.0413588846427455));
#1330=CARTESIAN_POINT('',(0.0386024419342426,0.274183518902582,0.0455395872940634));
#1331=CARTESIAN_POINT('',(0.0409694451045403,0.255820612928913,0.0454017816879064));
#1332=CARTESIAN_POINT('',(0.0433362832789184,0.237457690357563,0.0452633137011753));
#1333=CARTESIAN_POINT('',(0.0457029753820626,0.219094752774378,0.0451243058616305));
#1334=CARTESIAN_POINT('',(0.0393549681440373,0.274172380610146,0.0482201575806114));
#1335=CARTESIAN_POINT('',(0.0417495622425285,0.255809220860008,0.0481438681590459));
#1336=CARTESIAN_POINT('',(0.0441441093884422,0.237446056399984,0.0480672003337763));
#1337=CARTESIAN_POINT('',(0.0465386145512862,0.219082887629726,0.0479902206296072));
#1338=CARTESIAN_POINT('',(0.0396215897371692,0.274168323595343,0.050201736867984));
#1339=CARTESIAN_POINT('',(0.0420259217901726,0.255805065893127,0.0501704966934434));
#1340=CARTESIAN_POINT('',(0.0444302478496537,0.237441807589886,0.0501390997604254));
#1341=CARTESIAN_POINT('',(0.0468345685081148,0.219078548731694,0.0501075731164323));
#1342=CARTESIAN_POINT('',(0.0396802599173922,0.274167414382171,0.0515800579815893));
#1343=CARTESIAN_POINT('',(0.0420867297065488,0.255804133996113,0.0515800579815892));
#1344=CARTESIAN_POINT('',(0.0444932024924668,0.237440853910568,0.0515800579815891));
#1345=CARTESIAN_POINT('',(0.0468996779788945,0.219077574102498,0.0515800579815891));
#1346=CARTESIAN_POINT('',(0.0396215897371692,0.274168323595343,0.0529583790951946));
#1347=CARTESIAN_POINT('',(0.0420259217901727,0.255805065893127,0.0529896192697349));
#1348=CARTESIAN_POINT('',(0.0444302478496537,0.237441807589886,0.0530210162027529));
#1349=CARTESIAN_POINT('',(0.0468345685081148,0.219078548731694,0.0530525428467459));
#1350=CARTESIAN_POINT('',(-0.023949045669246,0.219337697301047,0.0545738234586463));
#1351=CARTESIAN_POINT('',(-0.0243274015191116,0.219337697301046,0.0505720819033696));
#1352=CARTESIAN_POINT('',(-0.0233927193555513,0.219337697301046,0.0456830153002702));
#1353=CARTESIAN_POINT('',(-0.0203900399805007,0.219337697301046,0.0404669988573755));
#1354=CARTESIAN_POINT('',(-0.0162356349523916,0.219337697301047,0.0362737512912239));
#1355=CARTESIAN_POINT('',(-0.0112875262689727,0.219337697301047,0.032953570168002));
#1356=CARTESIAN_POINT('',(-0.00597778220258118,0.219337697301047,0.0305151254140391));
#1357=CARTESIAN_POINT('',(0.00160836357074897,0.219337697301047,0.0282263137449069));
#1358=CARTESIAN_POINT('',(0.00933579959696413,0.219337697301047,0.0273626446745261));
#1359=CARTESIAN_POINT('',(0.017234159201022,0.219337697301048,0.0278014875892264));
#1360=CARTESIAN_POINT('',(0.0229793221476451,0.219337697301047,0.0287947472643597));
#1361=CARTESIAN_POINT('',(0.028588550405423,0.219337697301048,0.0304756240826877));
#1362=CARTESIAN_POINT('',(0.0339940410789482,0.219337697301047,0.0329502008870163));
#1363=CARTESIAN_POINT('',(0.0380719620605221,0.219337697301047,0.0356794422593834));
#1364=CARTESIAN_POINT('',(0.0410020050722066,0.219337697301047,0.0383542170477627));
#1365=CARTESIAN_POINT('',(0.0429296408171916,0.219337697301047,0.0405631893563928));
#1366=CARTESIAN_POINT('',(0.0445885030734029,0.219337697301047,0.0430516941187151));
#1367=CARTESIAN_POINT('',(0.0458440853911921,0.219337697301048,0.0457145998559424));
#1368=CARTESIAN_POINT('',(0.0466559197707237,0.219337697301047,0.0485981215811634));
#1369=CARTESIAN_POINT('',(0.0469349564275047,0.219337697301047,0.0515262285018608));
#1370=CARTESIAN_POINT('',(0.0466675076409826,0.219337697301047,0.0545017925993971));
#1371=CARTESIAN_POINT('',(0.0458787793278349,0.219337697301047,0.057353652898702));
#1372=CARTESIAN_POINT('',(0.0446130748570738,0.219337697301047,0.060065399002471));
#1373=CARTESIAN_POINT('',(0.042446458767491,0.219337697301047,0.0633387884585957));
#1374=CARTESIAN_POINT('',(0.038943459101315,0.219337697301047,0.0668888729177917));
#1375=CARTESIAN_POINT('',(0.0340751718427253,0.219337697301047,0.0701646471540728));
#1376=CARTESIAN_POINT('',(0.0286687464399364,0.219337697301047,0.072653404881511));
#1377=CARTESIAN_POINT('',(0.023088249425337,0.219337697301047,0.074341845213542));
#1378=CARTESIAN_POINT('',(0.0172541201329449,0.219337697301047,0.0753569190674535));
#1379=CARTESIAN_POINT('',(0.0113814976851069,0.219337697301047,0.0756884797762004));
#1380=CARTESIAN_POINT('',(0.00553103163879251,0.219337697301046,0.075364485863622));
#1381=CARTESIAN_POINT('',(-0.000320513942596931,0.219337697301047,0.0743554381545181));
#1382=CARTESIAN_POINT('',(-0.00590701992305998,0.219337697301047,0.0726708683447365));
#1383=CARTESIAN_POINT('',(-0.0113042619988215,0.219337697301046,0.0701977115761065));
#1384=CARTESIAN_POINT('',(-0.0161954667908025,0.219337697301047,0.066920443003324));
#1385=CARTESIAN_POINT('',(-0.019701766198501,0.219337697301046,0.0633816032700244));
#1386=CARTESIAN_POINT('',(-0.0218789425982062,0.219337697301047,0.06011408558267));
#1387=CARTESIAN_POINT('',(-0.0231523054020033,0.219337697301046,0.0574064925130649));
#1388=CARTESIAN_POINT('',(-0.023949045669246,0.219337697301047,0.0545738234586463));
#1389=CARTESIAN_POINT('',(-0.0243274015191116,0.219337697301046,0.0505720819033696));
#1390=CARTESIAN_POINT('',(-0.0233927193555513,0.219337697301046,0.0456830153002702));
#1391=CARTESIAN_POINT('',(-0.0241389707582524,0.219337697301046,0.0515800579815885));
#1392=CARTESIAN_POINT('',(-0.0239769969282887,0.273837697301047,0.054306521133547));
#1393=CARTESIAN_POINT('',(-0.0242997563426153,0.273837697301046,0.0506629202474161));
#1394=CARTESIAN_POINT('',(-0.0235017696488162,0.273837697301047,0.0462019818293518));
#1395=CARTESIAN_POINT('',(-0.0213465256746669,0.273837697301047,0.0421919714444303));
#1396=CARTESIAN_POINT('',(-0.0190512399982405,0.273837697301047,0.0393972877062491));
#1397=CARTESIAN_POINT('',(-0.0164928804881953,0.273837697301047,0.0369169618956632));
#1398=CARTESIAN_POINT('',(-0.012790573533576,0.273837697301047,0.0342881708018958));
#1399=CARTESIAN_POINT('',(-0.0079943703238259,0.273837697301047,0.0319635540910025));
#1400=CARTESIAN_POINT('',(-0.00111079043978889,0.273837697301047,0.0297728274470093));
#1401=CARTESIAN_POINT('',(0.00594595116067679,0.273837697301047,0.0289406611978909));
#1402=CARTESIAN_POINT('',(0.0131515456274233,0.273837697301047,0.0293633246501392));
#1403=CARTESIAN_POINT('',(0.0183851555964535,0.273837697301047,0.0303166943747476));
#1404=CARTESIAN_POINT('',(0.0234857822551384,0.273837697301047,0.0319303345011018));
#1405=CARTESIAN_POINT('',(0.0283607032262011,0.273837697301047,0.0342861569908006));
#1406=CARTESIAN_POINT('',(0.0327576280300011,0.273837697301047,0.0374054958456478));
#1407=CARTESIAN_POINT('',(0.0364557631771297,0.273837697301048,0.0413588231104023));
#1408=CARTESIAN_POINT('',(0.0390557985685798,0.273837697301048,0.0461582077758293));
#1409=CARTESIAN_POINT('',(0.0400217360341087,0.273837697301047,0.051544152983251));
#1410=CARTESIAN_POINT('',(0.0390806695496223,0.273837697301048,0.0569383137596872));
#1411=CARTESIAN_POINT('',(0.0369173625378545,0.273837697301047,0.0609559631189409));
#1412=CARTESIAN_POINT('',(0.0346592162298339,0.273837697301048,0.0637214678414979));
#1413=CARTESIAN_POINT('',(0.0320559736704892,0.273837697301047,0.0662510647824296));
#1414=CARTESIAN_POINT('',(0.0284292992951834,0.273837697301047,0.0688320154022385));
#1415=CARTESIAN_POINT('',(0.0235421652602333,0.273837697301047,0.0712075027949619));
#1416=CARTESIAN_POINT('',(0.0167707994225427,0.273837697301047,0.073365322417866));
#1417=CARTESIAN_POINT('',(0.00956865614991497,0.273837697301047,0.0742194543771044));
#1418=CARTESIAN_POINT('',(0.00247325918590308,0.273837697301047,0.0738022999654173));
#1419=CARTESIAN_POINT('',(-0.00286028103062714,0.273837697301047,0.0728343786735349));
#1420=CARTESIAN_POINT('',(-0.00794128930894576,0.273837697301047,0.0712171446916918));
#1421=CARTESIAN_POINT('',(-0.0128093399008739,0.273837697301047,0.0688606934212507));
#1422=CARTESIAN_POINT('',(-0.0171941827842043,0.273837697301047,0.0657519748259248));
#1423=CARTESIAN_POINT('',(-0.0202948107448072,0.273837697301047,0.0624267784031257));
#1424=CARTESIAN_POINT('',(-0.0221925453286643,0.273837697301047,0.0593970358412372));
#1425=CARTESIAN_POINT('',(-0.0232958425424331,0.273837697301047,0.0568967819636067));
#1426=CARTESIAN_POINT('',(-0.0239769969282887,0.273837697301047,0.054306521133547));
#1427=CARTESIAN_POINT('',(-0.0242997563426153,0.273837697301046,0.0506629202474161));
#1428=CARTESIAN_POINT('',(-0.0235017696488162,0.273837697301047,0.0462019818293518));
#1429=CARTESIAN_POINT('',(-0.0241389707582532,0.273837697301047,0.0515800579815888));
#1430=CARTESIAN_POINT('',(-0.0260780584017416,0.273887999921179,0.0501168719666589));
#1431=CARTESIAN_POINT('',(-0.0260780524857705,0.273837697301047,0.050116785171482));
#1432=CARTESIAN_POINT('',(-0.0260770606328696,0.265404119912373,0.0501022333680209));
#1433=CARTESIAN_POINT('',(-0.0258214290479392,0.273887999921178,0.0470373728716996));
#1434=CARTESIAN_POINT('',(-0.0258213982074387,0.273837697301046,0.0470371034027778));
#1435=CARTESIAN_POINT('',(-0.0258162275871484,0.265404119912373,0.0469919250999305));
#1436=CARTESIAN_POINT('',(-0.0247505488556037,0.273887999921178,0.043862437292359));
#1437=CARTESIAN_POINT('',(-0.0247504140083534,0.273837697301047,0.0438619794884663));
#1438=CARTESIAN_POINT('',(-0.0247278059470249,0.265404119912373,0.0437852255430962));
#1439=CARTESIAN_POINT('',(-0.0226509199260366,0.273887999921178,0.04079124848303));
#1440=CARTESIAN_POINT('',(-0.0226505811572065,0.273837697301047,0.0407906084983528));
#1441=CARTESIAN_POINT('',(-0.0225937842520432,0.265404119912373,0.0406833107017642));
#1442=CARTESIAN_POINT('',(-0.0226913501010125,0.273837697301047,0.0408504460321804));
#1443=CARTESIAN_POINT('',(-0.0245539713722235,0.273837697301046,0.0435937164543604));
#1444=CARTESIAN_POINT('',(-0.0257891579522353,0.273837697301047,0.0467622474584658));
#1445=CARTESIAN_POINT('',(-0.026073897553744,0.273837697301047,0.0500677532798881));
#1446=CARTESIAN_POINT('',(0.00779102924174686,0.273837697301047,0.051580057981589));
#1447=CARTESIAN_POINT('',(0.00779102924174686,0.273837697301047,0.051580057981589));
#1448=CARTESIAN_POINT('',(-0.0260841862310745,0.273837697301047,0.0529677724504297));
#1449=CARTESIAN_POINT('',(-0.0259502352041637,0.273837697301047,0.0546629188515933));
#1450=CARTESIAN_POINT('',(-0.0251870341832474,0.273837697301047,0.0579995678078024));
#1451=CARTESIAN_POINT('',(-0.0235849188123222,0.273837697301047,0.0610093223351516));
#1452=CARTESIAN_POINT('',(-0.0226228269239404,0.273837697301047,0.0624100083403316));
#1453=CARTESIAN_POINT('',(0.0113610292417476,0.219337697301047,0.0515800579815888));
#1454=CARTESIAN_POINT('',(0.0113610292417476,0.219337697301047,0.0515800579815888));
#1455=CARTESIAN_POINT('',(-0.00809974795847495,0.219337697301047,0.0515800775874533));
#1456=CARTESIAN_POINT('',(-0.0225804765238525,0.273837697301047,0.0624714480446669));
#1457=CARTESIAN_POINT('',(-0.0225176447426014,0.264691822515583,0.0625889075713563));
#1458=CARTESIAN_POINT('',(-0.0247557964323314,0.273837697301046,0.059326703581984));
#1459=CARTESIAN_POINT('',(-0.0247313739376035,0.264691822515583,0.0594102482278357));
#1460=CARTESIAN_POINT('',(-0.0258479331626513,0.273837697301046,0.0560706870320483));
#1461=CARTESIAN_POINT('',(-0.0258427943569266,0.264691822515583,0.0561191167696438));
#1462=CARTESIAN_POINT('',(-0.0260880689664139,0.273837697301047,0.0529177314921768));
#1463=CARTESIAN_POINT('',(-0.0260871702013633,0.264691822515583,0.0529321577955695));
#1464=CARTESIAN_POINT('',(-0.0250742796753691,0.273837697301047,0.0455081609645356));
#1465=CARTESIAN_POINT('',(-0.0249622564756661,0.219337697301046,0.0451179489990514));
#1466=CARTESIAN_POINT('',(-0.0249615843033823,0.219010681204682,0.0451156076120109));
#1467=CARTESIAN_POINT('',(-0.0104659981991158,0.273837697301047,0.00451686351477917));
#1468=CARTESIAN_POINT('',(-0.00881694096256567,0.219337697301047,0.00149233566734201));
#1469=CARTESIAN_POINT('',(-0.00880704613210372,0.219010681204683,0.00147418760697476));
#1470=CARTESIAN_POINT('',(0.0417210292417471,0.273837697301048,0.0161423281136373));
#1471=CARTESIAN_POINT('',(0.048861029241748,0.219337697301048,0.0138649136276493));
#1472=CARTESIAN_POINT('',(0.0489038713505193,0.219010681204684,0.0138512484681078));
#1473=CARTESIAN_POINT('',(0.0417210292417469,0.273837697301048,0.0515800579815893));
#1474=CARTESIAN_POINT('',(0.0488610292417476,0.219337697301047,0.0515800579815891));
#1475=CARTESIAN_POINT('',(0.0489038713505189,0.219010681204684,0.0515800579815891));
#1476=CARTESIAN_POINT('',(0.0417210292417466,0.273837697301047,0.0866020224509655));
#1477=CARTESIAN_POINT('',(0.0488610292417473,0.219337697301047,0.0888527176706509));
#1478=CARTESIAN_POINT('',(0.0489038713505187,0.219010681204683,0.0888662225067031));
#1479=CARTESIAN_POINT('',(-0.0098655884512091,0.273837697301046,0.0985070961291334));
#1480=CARTESIAN_POINT('',(-0.00815335812889339,0.219337697301047,0.101522873856994));
#1481=CARTESIAN_POINT('',(-0.0081430842412589,0.219010681204683,0.101540969414059));
#1482=CARTESIAN_POINT('',(-0.0249818728811291,0.273837697301047,0.0579055894494843));
#1483=CARTESIAN_POINT('',(-0.0248601269506441,0.219337697301047,0.0583121012957631));
#1484=CARTESIAN_POINT('',(-0.024859396439104,0.219010681204683,0.0583145404869024));
#1485=CARTESIAN_POINT('',(-0.00809974794987989,0.219370930580346,0.0515800703152878));
#1486=CARTESIAN_POINT('',(0.,0.,0.));
#1487=CARTESIAN_POINT('',(0.0462957352861273,0.0262376973010478,0.0198208827582088));
#1488=CARTESIAN_POINT('',(0.0477914643508554,0.0339276741934435,0.0195687315676398));
#1489=CARTESIAN_POINT('',(0.0498717981073371,0.0505433899922566,0.0193405068959581));
#1490=CARTESIAN_POINT('',(0.0495293593290452,0.0773195755818351,0.0200370180888112));
#1491=CARTESIAN_POINT('',(0.0474879130583061,0.103120225193929,0.0210664892977257));
#1492=CARTESIAN_POINT('',(0.0453951714379035,0.119924938937342,0.0221615759638982));
#1493=CARTESIAN_POINT('',(0.0442708148104863,0.126747697301048,0.0227236680122445));
#1494=CARTESIAN_POINT('',(0.0302067504501161,0.0262376973010476,0.0122199443021864));
#1495=CARTESIAN_POINT('',(0.0315665754125011,0.0339316195957852,0.011957510602984));
#1496=CARTESIAN_POINT('',(0.0335447766875068,0.0505415638130837,0.0115928947904241));
#1497=CARTESIAN_POINT('',(0.0335448373592925,0.0773190243704639,0.0125175520967986));
#1498=CARTESIAN_POINT('',(0.0320429138113654,0.103124593015395,0.0136855666034821));
#1499=CARTESIAN_POINT('',(0.030472746794056,0.119918368970101,0.0152317619072669));
#1500=CARTESIAN_POINT('',(0.0296518484030454,0.126747697301048,0.0158172121303978));
#1501=CARTESIAN_POINT('',(0.0118744154186512,0.0262376973010474,0.0108326859100506));
#1502=CARTESIAN_POINT('',(0.0130983362786931,0.0339355649981268,0.0105599697022148));
#1503=CARTESIAN_POINT('',(0.0149291836687648,0.0505397376339108,0.0101842179736174));
#1504=CARTESIAN_POINT('',(0.0153428453224351,0.0773184731590927,0.0111400828274363));
#1505=CARTESIAN_POINT('',(0.0144146639161048,0.103128960836861,0.0123518589429962));
#1506=CARTESIAN_POINT('',(0.0135119423840683,0.119911799002859,0.0139478963704719));
#1507=CARTESIAN_POINT('',(0.0129945022294642,0.126747697301047,0.0145567047683875));
#1508=CARTESIAN_POINT('',(-0.0051751737784607,0.0262376973010471,0.0159259370009905));
#1509=CARTESIAN_POINT('',(-0.00408715702076193,0.0339395104004686,0.0156429382845213));
#1510=CARTESIAN_POINT('',(-0.00237780595356064,0.0505379114547378,0.0153866846062378));
#1511=CARTESIAN_POINT('',(-0.00159119911660833,0.0773179219477214,0.0161683614557633));
#1512=CARTESIAN_POINT('',(-0.0019652050174335,0.103133328658327,0.017325047352076));
#1513=CARTESIAN_POINT('',(-0.00228331811790843,0.119905229035618,0.0185524291013003));
#1514=CARTESIAN_POINT('',(-0.00249730003610603,0.126747697301047,0.0191845956740003));
#1515=CARTESIAN_POINT('',(-0.0051751737784607,0.0262376973010471,0.0159259370009905));
#1516=CARTESIAN_POINT('',(-0.00305470275198945,0.0262376973010471,0.0152924852946754));
#1517=CARTESIAN_POINT('',(0.00122298425381541,0.0262376973010472,0.0142261546949079));
#1518=CARTESIAN_POINT('',(0.00776908952443709,0.0262376973010473,0.0132177209537672));
#1519=CARTESIAN_POINT('',(0.0143834538600777,0.0262376973010474,0.0128154213719927));
#1520=CARTESIAN_POINT('',(0.0209271962669172,0.0262376973010475,0.013015133086809));
#1521=CARTESIAN_POINT('',(0.0274272663019231,0.0262376973010476,0.013802311278385));
#1522=CARTESIAN_POINT('',(0.0339098026645,0.0262376973010477,0.0151964868537528));
#1523=CARTESIAN_POINT('',(0.0402261484809084,0.0262376973010478,0.0171777099162303));
#1524=CARTESIAN_POINT('',(0.0442947359106639,0.0262376973010478,0.018875548216691));
#1525=CARTESIAN_POINT('',(0.0462957352861273,0.0262376973010478,0.0198208827582088));
#1526=CARTESIAN_POINT('',(-0.0051751737784607,0.0262376973010471,0.0159259370009905));
#1527=CARTESIAN_POINT('',(0.0462957352861273,0.0262376973010478,0.0198208827582088));
#1528=CARTESIAN_POINT('',(0.0462957352861273,0.0262376973010478,0.0198208827582088));
#1529=CARTESIAN_POINT('',(0.0477914643508555,0.0339276741934435,0.0195687315676397));
#1530=CARTESIAN_POINT('',(0.0498717981073371,0.0505433899922566,0.0193405068959579));
#1531=CARTESIAN_POINT('',(0.0495293593290452,0.0773195755818351,0.020037018088811));
#1532=CARTESIAN_POINT('',(0.0474879130583061,0.103120225193929,0.0210664892977257));
#1533=CARTESIAN_POINT('',(0.0453951714379035,0.119924938937342,0.022161575963898));
#1534=CARTESIAN_POINT('',(0.0442708148104865,0.126747697301048,0.0227236680122441));
#1535=CARTESIAN_POINT('',(0.0442708148104865,0.126747697301048,0.0227236680122441));
#1536=CARTESIAN_POINT('',(0.0442708148104863,0.126747697301048,0.0227236680122445));
#1537=CARTESIAN_POINT('',(0.0406343119030832,0.126747697301048,0.0210056705701406));
#1538=CARTESIAN_POINT('',(0.0349969126519534,0.126747697301048,0.0189493975108962));
#1539=CARTESIAN_POINT('',(0.0271259257376381,0.126747697301048,0.0172543871963436));
#1540=CARTESIAN_POINT('',(0.0212143037037134,0.126747697301048,0.0165392221510828));
#1541=CARTESIAN_POINT('',(0.0152695601317665,0.126747697301047,0.0163588356093089));
#1542=CARTESIAN_POINT('',(0.00927957626268775,0.126747697301047,0.0167222770496972));
#1543=CARTESIAN_POINT('',(0.00331612743742464,0.126747697301047,0.0176397138523829));
#1544=CARTESIAN_POINT('',(-0.000570483611378982,0.126747697301047,0.0186089947170608));
#1545=CARTESIAN_POINT('',(-0.00249730003610603,0.126747697301047,0.0191845956740003));
#1546=CARTESIAN_POINT('',(-0.00249730003610603,0.126747697301047,0.0191845956740003));
#1547=CARTESIAN_POINT('',(-0.0051751737784607,0.0262376973010471,0.0159259370009905));
#1548=CARTESIAN_POINT('',(-0.00408715702076193,0.0339395104004686,0.0156429382845213));
#1549=CARTESIAN_POINT('',(-0.00237780595356064,0.0505379114547378,0.0153866846062378));
#1550=CARTESIAN_POINT('',(-0.00159119911660833,0.0773179219477214,0.0161683614557633));
#1551=CARTESIAN_POINT('',(-0.0019652050174335,0.103133328658327,0.017325047352076));
#1552=CARTESIAN_POINT('',(-0.00228331811790843,0.119905229035618,0.0185524291013003));
#1553=CARTESIAN_POINT('',(-0.00249730003610603,0.126747697301047,0.0191845956740003));
#1554=CARTESIAN_POINT('',(0.0684099319300226,0.026237697301048,0.0424649829293233));
#1555=CARTESIAN_POINT('',(0.0700809222243912,0.0339231570455555,0.0423925448899267));
#1556=CARTESIAN_POINT('',(0.072320578363139,0.0505452603616034,0.0423269877392757));
#1557=CARTESIAN_POINT('',(0.0714927468329596,0.0773211508261038,0.0425271034630791));
#1558=CARTESIAN_POINT('',(0.0687362574024084,0.103111797763797,0.0428226599085703));
#1559=CARTESIAN_POINT('',(0.065878395701648,0.119937456186344,0.0431375473989103));
#1560=CARTESIAN_POINT('',(0.0643644814501024,0.126747697301048,0.0432988219515598));
#1561=CARTESIAN_POINT('',(0.0644033178549772,0.026237697301048,0.0322379825663345));
#1562=CARTESIAN_POINT('',(0.0660158877394657,0.0339246627615182,0.0321056401432138));
#1563=CARTESIAN_POINT('',(0.0682702636749149,0.0505446369051545,0.0319318579287673));
#1564=CARTESIAN_POINT('',(0.067497585053065,0.0773206257446809,0.0323823469324045));
#1565=CARTESIAN_POINT('',(0.0649281178825919,0.103114606907174,0.0329634058242086));
#1566=CARTESIAN_POINT('',(0.0621080054154934,0.11993328377001,0.0337113618126456));
#1567=CARTESIAN_POINT('',(0.060723943705324,0.126747697301048,0.0340062421971941));
#1568=CARTESIAN_POINT('',(0.0564250119584073,0.0262376973010479,0.0240684993684181));
#1569=CARTESIAN_POINT('',(0.0579791614330156,0.033926168477481,0.0238762525615733));
#1570=CARTESIAN_POINT('',(0.0601681958895635,0.0505440134487056,0.0236357206686864));
#1571=CARTESIAN_POINT('',(0.0595765503765342,0.077320100663258,0.024271371277916));
#1572=CARTESIAN_POINT('',(0.0572546885110877,0.103117416050552,0.025106547840855));
#1573=CARTESIAN_POINT('',(0.0547288088614866,0.119929111353676,0.0261547021551766));
#1574=CARTESIAN_POINT('',(0.0534745996926933,0.126747697301048,0.0265831883716239));
#1575=CARTESIAN_POINT('',(0.0462957352861273,0.0262376973010478,0.0198208827582088));
#1576=CARTESIAN_POINT('',(0.0477914643508555,0.0339276741934435,0.0195687315676397));
#1577=CARTESIAN_POINT('',(0.0498717981073371,0.0505433899922566,0.0193405068959579));
#1578=CARTESIAN_POINT('',(0.0495293593290452,0.0773195755818351,0.020037018088811));
#1579=CARTESIAN_POINT('',(0.0474879130583061,0.103120225193929,0.0210664892977257));
#1580=CARTESIAN_POINT('',(0.0453951714379035,0.119924938937342,0.022161575963898));
#1581=CARTESIAN_POINT('',(0.0442708148104865,0.126747697301048,0.0227236680122441));
#1582=CARTESIAN_POINT('',(0.0462957352861273,0.0262376973010478,0.0198208827582088));
#1583=CARTESIAN_POINT('',(0.0488109529999621,0.0262376973010478,0.0208756155772672));
#1584=CARTESIAN_POINT('',(0.0523952057600294,0.0262376973010479,0.0228219727328356));
#1585=CARTESIAN_POINT('',(0.0567396577463675,0.0262376973010479,0.0261109377037769));
#1586=CARTESIAN_POINT('',(0.059694714323817,0.026237697301048,0.0288530938403807));
#1587=CARTESIAN_POINT('',(0.0623723805981432,0.026237697301048,0.0318785234824487));
#1588=CARTESIAN_POINT('',(0.0655646184938933,0.026237697301048,0.036313617026025));
#1589=CARTESIAN_POINT('',(0.0674150455290644,0.026237697301048,0.0399255061059616));
#1590=CARTESIAN_POINT('',(0.0684099319300226,0.026237697301048,0.0424649829293233));
#1591=CARTESIAN_POINT('',(0.0684099319300226,0.026237697301048,0.0424649829293233));
#1592=CARTESIAN_POINT('',(0.0684099319300226,0.026237697301048,0.0424649829293233));
#1593=CARTESIAN_POINT('',(0.0700809222243912,0.0339231570455555,0.0423925448899267));
#1594=CARTESIAN_POINT('',(0.072320578363139,0.0505452603616034,0.0423269877392757));
#1595=CARTESIAN_POINT('',(0.0714927468329597,0.0773211508261038,0.0425271034630791));
#1596=CARTESIAN_POINT('',(0.0687362574024083,0.103111797763797,0.0428226599085703));
#1597=CARTESIAN_POINT('',(0.0658783957016481,0.119937456186344,0.0431375473989102));
#1598=CARTESIAN_POINT('',(0.0643644814501026,0.126747697301048,0.0432988219515598));
#1599=CARTESIAN_POINT('',(0.0643644814501026,0.126747697301048,0.0432988219515598));
#1600=CARTESIAN_POINT('',(0.0643644814501024,0.126747697301048,0.0432988219515598));
#1601=CARTESIAN_POINT('',(0.0634605218258329,0.126747697301048,0.0409914384021655));
#1602=CARTESIAN_POINT('',(0.0617768406127999,0.126747697301048,0.0377055480570095));
#1603=CARTESIAN_POINT('',(0.0588771041915272,0.126747697301048,0.0336780007953569));
#1604=CARTESIAN_POINT('',(0.056446251308064,0.126747697301048,0.0309314118632495));
#1605=CARTESIAN_POINT('',(0.0537602501720223,0.126747697301048,0.0284385827495154));
#1606=CARTESIAN_POINT('',(0.0498076730504504,0.126747697301048,0.0254470899465026));
#1607=CARTESIAN_POINT('',(0.0465561527801831,0.126747697301048,0.0236820029293454));
#1608=CARTESIAN_POINT('',(0.0442708148104865,0.126747697301048,0.0227236680122441));
#1609=CARTESIAN_POINT('',(0.0661103394619324,0.026237697301048,0.0464479939207581));
#1610=CARTESIAN_POINT('',(0.0677630954881329,0.0339234863155769,0.046407170922503));
#1611=CARTESIAN_POINT('',(0.0699861907680616,0.0505451856785806,0.046370225928335));
#1612=CARTESIAN_POINT('',(0.0692088681057253,0.0773207719437928,0.0464829989403478));
#1613=CARTESIAN_POINT('',(0.0665265824221679,0.103113370419262,0.0466495803436266));
#1614=CARTESIAN_POINT('',(0.0637485788745351,0.119935146724123,0.0468270052986769));
#1615=CARTESIAN_POINT('',(0.0622749981555091,0.126747697301048,0.0469179131793622));
#1616=CARTESIAN_POINT('',(0.0661179288760185,0.026237697301048,0.0464348486699612));
#1617=CARTESIAN_POINT('',(0.0677707450813219,0.0339234852288772,0.0463939213316364));
#1618=CARTESIAN_POINT('',(0.0699938950175503,0.0505451859250592,0.046356881907909));
#1619=CARTESIAN_POINT('',(0.0692164056592805,0.0773207731942295,0.0464699431796967));
#1620=CARTESIAN_POINT('',(0.0665338750788684,0.10311336522898,0.0466369502431809));
#1621=CARTESIAN_POINT('',(0.0637556079729744,0.119935154346111,0.0468148288699648));
#1622=CARTESIAN_POINT('',(0.0622818941399797,0.126747697301048,0.0469059689838909));
#1623=CARTESIAN_POINT('',(0.0661255182901047,0.026237697301048,0.0464217034191644));
#1624=CARTESIAN_POINT('',(0.0677783946745108,0.0339234841421774,0.0463806717407698));
#1625=CARTESIAN_POINT('',(0.070001599267039,0.0505451861715379,0.0463435378874831));
#1626=CARTESIAN_POINT('',(0.0692239432128357,0.0773207744446661,0.0464568874190457));
#1627=CARTESIAN_POINT('',(0.0665411677355688,0.103113360038698,0.0466243201427351));
#1628=CARTESIAN_POINT('',(0.0637626370714137,0.119935161968098,0.0468026524412527));
#1629=CARTESIAN_POINT('',(0.0622887901244503,0.126747697301048,0.0468940247884196));
#1630=CARTESIAN_POINT('',(0.0661331077041908,0.026237697301048,0.0464085581683676));
#1631=CARTESIAN_POINT('',(0.0677860442676998,0.0339234830554777,0.0463674221499032));
#1632=CARTESIAN_POINT('',(0.0700093035165277,0.0505451864180165,0.0463301938670572));
#1633=CARTESIAN_POINT('',(0.0692314807663909,0.0773207756951028,0.0464438316583946));
#1634=CARTESIAN_POINT('',(0.0665484603922693,0.103113354848416,0.0466116900422894));
#1635=CARTESIAN_POINT('',(0.063769666169853,0.119935169590086,0.0467904760125406));
#1636=CARTESIAN_POINT('',(0.0622956861089209,0.126747697301048,0.0468820805929483));
#1637=CARTESIAN_POINT('',(0.0668920491128014,0.026237697301048,0.0450940330886862));
#1638=CARTESIAN_POINT('',(0.068551003586597,0.0339233743855037,0.0450424630632444));
#1639=CARTESIAN_POINT('',(0.0707797284653982,0.0505452110658788,0.0449957918244633));
#1640=CARTESIAN_POINT('',(0.0699852361219139,0.0773209007387698,0.0451382555932894));
#1641=CARTESIAN_POINT('',(0.0672777260623156,0.103112835820209,0.0453486799977164));
#1642=CARTESIAN_POINT('',(0.0644725760137847,0.119935931788838,0.0455728331413305));
#1643=CARTESIAN_POINT('',(0.0629852845559815,0.126747697301048,0.0456876610458188));
#1644=CARTESIAN_POINT('',(0.067650990521412,0.026237697301048,0.0437795080090047));
#1645=CARTESIAN_POINT('',(0.0693159629054941,0.0339232657155296,0.0437175039765856));
#1646=CARTESIAN_POINT('',(0.0715501534142686,0.0505452357137411,0.0436613897818695));
#1647=CARTESIAN_POINT('',(0.0707389914774368,0.0773210257824368,0.0438326795281842));
#1648=CARTESIAN_POINT('',(0.0680069917323619,0.103112316792003,0.0440856699531433));
#1649=CARTESIAN_POINT('',(0.0651754858577164,0.119936693987591,0.0443551902701203));
#1650=CARTESIAN_POINT('',(0.063674883003042,0.126747697301048,0.0444932414986893));
#1651=CARTESIAN_POINT('',(0.0684099319300226,0.026237697301048,0.0424649829293233));
#1652=CARTESIAN_POINT('',(0.0700809222243912,0.0339231570455555,0.0423925448899267));
#1653=CARTESIAN_POINT('',(0.072320578363139,0.0505452603616034,0.0423269877392757));
#1654=CARTESIAN_POINT('',(0.0714927468329597,0.0773211508261038,0.0425271034630791));
#1655=CARTESIAN_POINT('',(0.0687362574024083,0.103111797763797,0.0428226599085703));
#1656=CARTESIAN_POINT('',(0.0658783957016481,0.119937456186344,0.0431375473989102));
#1657=CARTESIAN_POINT('',(0.0643644814501026,0.126747697301048,0.0432988219515598));
#1658=CARTESIAN_POINT('',(0.0672715198171066,0.026237697301048,0.0444367705488454));
#1659=CARTESIAN_POINT('',(0.0661331079541907,0.026237697301048,0.0464085577353549));
#1660=CARTESIAN_POINT('',(0.0622956860092234,0.126747697255449,0.0468820810324235));
#1661=CARTESIAN_POINT('',(0.0631892885163777,0.12261757786822,0.046826550963405));
#1662=CARTESIAN_POINT('',(0.0647385046309664,0.114306078381493,0.0467072461492515));
#1663=CARTESIAN_POINT('',(0.0671193802780821,0.0975911726468237,0.0465883809271597));
#1664=CARTESIAN_POINT('',(0.0692067795980557,0.0765889626864734,0.046437893252578));
#1665=CARTESIAN_POINT('',(0.0700300217802807,0.0511895068952711,0.0463326828027174));
#1666=CARTESIAN_POINT('',(0.067911947839032,0.0345088989365675,0.0463642860423411));
#1667=CARTESIAN_POINT('',(0.0661331077090703,0.0262376973237366,0.0464085581682462));
#1668=CARTESIAN_POINT('',(0.0622956861089209,0.126747697301048,0.0468820810929483));
#1669=CARTESIAN_POINT('',(0.0633300837795118,0.126747697301048,0.0450904512722541));
#1670=CARTESIAN_POINT('',(0.0661331077041906,0.0262376973010474,0.0515911429309222));
#1671=CARTESIAN_POINT('',(0.0661331077041907,0.0262376973010475,0.0463089075881788));
#1672=CARTESIAN_POINT('',(0.0679095548189973,0.0344977719319978,0.0515911429309222));
#1673=CARTESIAN_POINT('',(0.0679095548189973,0.0344977719319978,0.0463089075881789));
#1674=CARTESIAN_POINT('',(0.0695070998551862,0.0470302164038561,0.0515911429309222));
#1675=CARTESIAN_POINT('',(0.0695070998551862,0.0470302164038561,0.0463089075881789));
#1676=CARTESIAN_POINT('',(0.0696110465314166,0.0639361782930453,0.0515911429309224));
#1677=CARTESIAN_POINT('',(0.0696110465314167,0.0639361782930454,0.046308907588179));
#1678=CARTESIAN_POINT('',(0.0687915236825237,0.080794530276596,0.0515911429309223));
#1679=CARTESIAN_POINT('',(0.0687915236825237,0.080794530276596,0.046308907588179));
#1680=CARTESIAN_POINT('',(0.066699385612695,0.101804784476093,0.0515911429309225));
#1681=CARTESIAN_POINT('',(0.066699385612695,0.101804784476093,0.0463089075881791));
#1682=CARTESIAN_POINT('',(0.064081414028831,0.118494285472759,0.0515911429309225));
#1683=CARTESIAN_POINT('',(0.064081414028831,0.118494285472759,0.0463089075881791));
#1684=CARTESIAN_POINT('',(0.0622956861191898,0.126747697253586,0.0515911429309225));
#1685=CARTESIAN_POINT('',(0.0622956861191898,0.126747697253586,0.0463089075881792));
#1686=CARTESIAN_POINT('',(0.0661331077041907,0.026237697301048,0.0489998505496448));
#1687=CARTESIAN_POINT('',(0.0661331077041907,0.026237697301048,0.0515911429309221));
#1688=CARTESIAN_POINT('',(0.0622956861089209,0.126747697301048,0.0515911429309225));
#1689=CARTESIAN_POINT('',(0.0640814140212455,0.118494285516616,0.0515911429309224));
#1690=CARTESIAN_POINT('',(0.0666993856084468,0.101804784512299,0.0515911429309224));
#1691=CARTESIAN_POINT('',(0.0687915236805506,0.0807945303028016,0.0515911429309223));
#1692=CARTESIAN_POINT('',(0.0696110465310553,0.0639361783112714,0.0515911429309223));
#1693=CARTESIAN_POINT('',(0.0695070998562412,0.047030216413919,0.0515911429309222));
#1694=CARTESIAN_POINT('',(0.0679095548198487,0.0344977719359566,0.0515911429309221));
#1695=CARTESIAN_POINT('',(0.0661331077041907,0.026237697301048,0.0515911429309221));
#1696=CARTESIAN_POINT('',(0.0622956861089209,0.126747697301048,0.0515911429309225));
#1697=CARTESIAN_POINT('',(0.0622956861089209,0.126747697301048,0.0492366117619354));
#1698=CARTESIAN_POINT('',(0.0479544298279999,0.0262376973010478,0.0161009485306725));
#1699=CARTESIAN_POINT('',(0.0494633153796537,0.0339275374330063,0.0158192725653847));
#1700=CARTESIAN_POINT('',(0.051555587771004,0.0505433567671293,0.0155643202901942));
#1701=CARTESIAN_POINT('',(0.0511767218663426,0.0773200080978727,0.0163424175206216));
#1702=CARTESIAN_POINT('',(0.0490817442770976,0.103118573392223,0.0174923040602271));
#1703=CARTESIAN_POINT('',(0.046931415307019,0.119927353881072,0.0187158520185355));
#1704=CARTESIAN_POINT('',(0.0457779577430578,0.126747697301048,0.0193436167495614));
#1705=CARTESIAN_POINT('',(0.0626181315000307,0.026237697301048,0.0222852043352167));
#1706=CARTESIAN_POINT('',(0.0641982492343629,0.0339257225045932,0.0220974203583584));
#1707=CARTESIAN_POINT('',(0.0664696921818725,0.0505440998328263,0.0218136440824517));
#1708=CARTESIAN_POINT('',(0.0657136299831262,0.0773206770849206,0.0225113158296821));
#1709=CARTESIAN_POINT('',(0.0632415609014023,0.103115056436241,0.0233640264029992));
#1710=CARTESIAN_POINT('',(0.0604135361695727,0.119932574003555,0.0245443196252124));
#1711=CARTESIAN_POINT('',(0.0591018662641438,0.126747697301048,0.0249628294458962));
#1712=CARTESIAN_POINT('',(0.0728904046805229,0.0262376973010481,0.0358062907310738));
#1713=CARTESIAN_POINT('',(0.0745417545975333,0.0339239075761799,0.0357123987426447));
#1714=CARTESIAN_POINT('',(0.0769038457831199,0.0505448428985233,0.0355476941342706));
#1715=CARTESIAN_POINT('',(0.0759097707727435,0.0773213460719683,0.0359324043035345));
#1716=CARTESIAN_POINT('',(0.0731275957859542,0.103111539480258,0.0363760250064978));
#1717=CARTESIAN_POINT('',(0.0699054645959455,0.119937794126038,0.0370392662574283));
#1718=CARTESIAN_POINT('',(0.0684355823490488,0.126747697301048,0.0372485211677702));
#1719=CARTESIAN_POINT('',(0.0749171280487468,0.0262376973010481,0.0515911429309221));
#1720=CARTESIAN_POINT('',(0.0766397101484355,0.0339220926477665,0.0515911429309223));
#1721=CARTESIAN_POINT('',(0.0789262359619595,0.0505455859642202,0.0515911429309226));
#1722=CARTESIAN_POINT('',(0.0779554855020071,0.077322015059016,0.0515911429309203));
#1723=CARTESIAN_POINT('',(0.0749889798559036,0.103108022524276,0.0515911429309228));
#1724=CARTESIAN_POINT('',(0.0719052226371098,0.11994301424852,0.0515911429309226));
#1725=CARTESIAN_POINT('',(0.0702771280487454,0.126747697301048,0.0515911429309225));
#1726=CARTESIAN_POINT('',(0.0749171280487468,0.0262376973010481,0.0515911429309221));
#1727=CARTESIAN_POINT('',(0.0744168536617904,0.0262376973010481,0.0476948256627218));
#1728=CARTESIAN_POINT('',(0.0729370470191715,0.0262376973010481,0.0420867417802791));
#1729=CARTESIAN_POINT('',(0.0694819981171138,0.0262376973010481,0.03500713106858));
#1730=CARTESIAN_POINT('',(0.0662696673409809,0.026237697301048,0.030164704029378));
#1731=CARTESIAN_POINT('',(0.0624420347596326,0.026237697301048,0.0257495431547515));
#1732=CARTESIAN_POINT('',(0.056564347003717,0.0262376973010479,0.020549465973792));
#1733=CARTESIAN_POINT('',(0.0515739961378365,0.0262376973010478,0.0176274610349629));
#1734=CARTESIAN_POINT('',(0.0479544298279999,0.0262376973010478,0.0161009485306725));
#1735=CARTESIAN_POINT('',(0.0749171280487468,0.0262376973010481,0.0515911429309221));
#1736=CARTESIAN_POINT('',(0.0479544298279999,0.0262376973010478,0.0161009485306725));
#1737=CARTESIAN_POINT('',(0.0479544298279999,0.0262376973010478,0.0161009485306725));
#1738=CARTESIAN_POINT('',(0.0494633153796537,0.0339275374330063,0.0158192725653847));
#1739=CARTESIAN_POINT('',(0.051555587771004,0.0505433567671293,0.0155643202901941));
#1740=CARTESIAN_POINT('',(0.0511767218663426,0.0773200080978727,0.0163424175206216));
#1741=CARTESIAN_POINT('',(0.0490817442770976,0.103118573392223,0.0174923040602271));
#1742=CARTESIAN_POINT('',(0.0469314153070191,0.119927353881072,0.0187158520185355));
#1743=CARTESIAN_POINT('',(0.0457779577430578,0.126747697301048,0.0193436167495614));
#1744=CARTESIAN_POINT('',(0.0457779577430578,0.126747697301048,0.0193436167495614));
#1745=CARTESIAN_POINT('',(0.0457779577430578,0.126747697301048,0.0193436167495614));
#1746=CARTESIAN_POINT('',(0.0474181466469634,0.126747697301048,0.0200353484811796));
#1747=CARTESIAN_POINT('',(0.0505763205761044,0.126747697301048,0.0216178125989362));
#1748=CARTESIAN_POINT('',(0.0549939182630384,0.126747697301048,0.0246080665928897));
#1749=CARTESIAN_POINT('',(0.0589610932641247,0.126747697301048,0.028136046173467));
#1750=CARTESIAN_POINT('',(0.0624086334776527,0.126747697301048,0.0321043195972306));
#1751=CARTESIAN_POINT('',(0.065366178483293,0.126747697301048,0.0365722687376995));
#1752=CARTESIAN_POINT('',(0.067673097039718,0.126747697301048,0.0413038839754613));
#1753=CARTESIAN_POINT('',(0.0693631227584377,0.126747697301048,0.0463191053736381));
#1754=CARTESIAN_POINT('',(0.0700504264817536,0.126747697301048,0.0498255094041452));
#1755=CARTESIAN_POINT('',(0.0702771280487454,0.126747697301048,0.0515911429309225));
#1756=CARTESIAN_POINT('',(0.0702771280487454,0.126747697301048,0.0515911429309225));
#1757=CARTESIAN_POINT('',(0.0749171280487468,0.0262376973010481,0.0515911429309221));
#1758=CARTESIAN_POINT('',(0.0766397101484355,0.0339220926477665,0.051591142930922));
#1759=CARTESIAN_POINT('',(0.0789262359619595,0.0505455859642202,0.0515911429309219));
#1760=CARTESIAN_POINT('',(0.0779554855020071,0.077322015059016,0.0515911429309244));
#1761=CARTESIAN_POINT('',(0.0749889798559036,0.103108022524276,0.0515911429309221));
#1762=CARTESIAN_POINT('',(0.0719052226371098,0.11994301424852,0.0515911429309223));
#1763=CARTESIAN_POINT('',(0.0702771280487454,0.126747697301048,0.0515911429309225));
#1764=CARTESIAN_POINT('',(-0.00630988027904419,0.0262376973010471,0.0120150472072277));
#1765=CARTESIAN_POINT('',(-0.00523083307901481,0.033940016736535,0.0117010192045638));
#1766=CARTESIAN_POINT('',(-0.00352968665588603,0.0505375785132517,0.011416657075914));
#1767=CARTESIAN_POINT('',(-0.00271818987046541,0.0773182734011999,0.012284072624668));
#1768=CARTESIAN_POINT('',(-0.00305538809385037,0.103132356925787,0.0135675152543857));
#1769=CARTESIAN_POINT('',(-0.0033344778172026,0.119906619556344,0.0149296399851248));
#1770=CARTESIAN_POINT('',(-0.00352833066876611,0.126747697301047,0.0156310360740012));
#1771=CARTESIAN_POINT('',(0.0116641200794682,0.0262376973010474,0.00665391351490617));
#1772=CARTESIAN_POINT('',(0.012886446730039,0.0339358569686921,0.006350669524701));
#1773=CARTESIAN_POINT('',(0.0147156683899547,0.0505395045978776,0.00594058656380019));
#1774=CARTESIAN_POINT('',(0.0151339940330473,0.0773188516334242,0.00699131366622549));
#1775=CARTESIAN_POINT('',(0.0142126098488866,0.103127762414599,0.00833278984555369));
#1776=CARTESIAN_POINT('',(0.0133171422446727,0.11991353099792,0.0100828861626374));
#1777=CARTESIAN_POINT('',(0.0128034211556433,0.126747697301047,0.0107597384655637));
#1778=CARTESIAN_POINT('',(0.030985884308456,0.0262376973010476,0.00810877071070898));
#1779=CARTESIAN_POINT('',(0.0323514904095683,0.0339316972008493,0.00781631073296252));
#1780=CARTESIAN_POINT('',(0.0343359555004637,0.0505414306825035,0.00741790353288049));
#1781=CARTESIAN_POINT('',(0.034318393498072,0.0773194298656485,0.0084359137713407));
#1782=CARTESIAN_POINT('',(0.0327922649506171,0.103123167903411,0.00973145433527409));
#1783=CARTESIAN_POINT('',(0.031193383682506,0.119920442439496,0.0114293597465112));
#1784=CARTESIAN_POINT('',(0.0303597943560107,0.126747697301048,0.0120816682634873));
#1785=CARTESIAN_POINT('',(0.0479544298279999,0.0262376973010478,0.0161009485306725));
#1786=CARTESIAN_POINT('',(0.0494633153796537,0.0339275374330063,0.0158192725653847));
#1787=CARTESIAN_POINT('',(0.051555587771004,0.0505433567671293,0.0155643202901941));
#1788=CARTESIAN_POINT('',(0.0511767218663426,0.0773200080978727,0.0163424175206216));
#1789=CARTESIAN_POINT('',(0.0490817442770976,0.103118573392223,0.0174923040602271));
#1790=CARTESIAN_POINT('',(0.0469314153070191,0.119927353881072,0.0187158520185355));
#1791=CARTESIAN_POINT('',(0.0457779577430578,0.126747697301048,0.0193436167495614));
#1792=CARTESIAN_POINT('',(0.0479544298279999,0.0262376973010478,0.0161009485306725));
#1793=CARTESIAN_POINT('',(0.0458439500406899,0.0262376973010478,0.0151069134363745));
#1794=CARTESIAN_POINT('',(0.0415532277413492,0.0262376973010477,0.0133216579831341));
#1795=CARTESIAN_POINT('',(0.0348893773509323,0.0262376973010477,0.0112381197957038));
#1796=CARTESIAN_POINT('',(0.0280592553339153,0.0262376973010476,0.00977424520423035));
#1797=CARTESIAN_POINT('',(0.0212077026735417,0.0262376973010475,0.00894756906733424));
#1798=CARTESIAN_POINT('',(0.014308967477133,0.0262376973010474,0.00873874913036599));
#1799=CARTESIAN_POINT('',(0.00733303756015958,0.0262376973010473,0.00916376788825786));
#1800=CARTESIAN_POINT('',(0.000435387432767227,0.0262376973010472,0.0102257039138051));
#1801=CARTESIAN_POINT('',(-0.00407434651460957,0.0262376973010471,0.0113482509934868));
#1802=CARTESIAN_POINT('',(-0.00630988027904419,0.0262376973010471,0.0120150472072277));
#1803=CARTESIAN_POINT('',(-0.00630988027904419,0.0262376973010471,0.0120150472072277));
#1804=CARTESIAN_POINT('',(-0.00630988027904419,0.0262376973010471,0.0120150472072277));
#1805=CARTESIAN_POINT('',(-0.00523083307901481,0.033940016736535,0.0117010192045638));
#1806=CARTESIAN_POINT('',(-0.00352968665588594,0.0505375785132517,0.011416657075914));
#1807=CARTESIAN_POINT('',(-0.00271818987046541,0.0773182734011999,0.012284072624668));
#1808=CARTESIAN_POINT('',(-0.00305538809385027,0.103132356925787,0.0135675152543857));
#1809=CARTESIAN_POINT('',(-0.0033344778172026,0.119906619556344,0.0149296399851248));
#1810=CARTESIAN_POINT('',(-0.00352833066876611,0.126747697301047,0.0156310360740012));
#1811=CARTESIAN_POINT('',(-0.00352833066876611,0.126747697301047,0.0156310360740012));
#1812=CARTESIAN_POINT('',(-0.00352833066876611,0.126747697301047,0.0156310360740012));
#1813=CARTESIAN_POINT('',(0.000534407480802456,0.126747697301047,0.0144192367003344));
#1814=CARTESIAN_POINT('',(0.00673595177000601,0.126747697301047,0.0131719511629178));
#1815=CARTESIAN_POINT('',(0.0152072993265092,0.126747697301047,0.0126534905478958));
#1816=CARTESIAN_POINT('',(0.0214815135549046,0.126747697301047,0.0128442267998863));
#1817=CARTESIAN_POINT('',(0.0277057129083193,0.126747697301048,0.0135963645623652));
#1818=CARTESIAN_POINT('',(0.0338904278508415,0.126747697301048,0.014920942976382));
#1819=CARTESIAN_POINT('',(0.0399618280525317,0.126747697301048,0.0168178473286774));
#1820=CARTESIAN_POINT('',(0.0438602172501351,0.126747697301048,0.0184403617820493));
#1821=CARTESIAN_POINT('',(0.0457779577430578,0.126747697301048,0.0193436167495614));
#1822=CARTESIAN_POINT('',(-0.0437000540090922,0.0262376973010464,0.0515911429309217));
#1823=CARTESIAN_POINT('',(-0.0429169753702423,0.0339497625203427,0.0515911429309218));
#1824=CARTESIAN_POINT('',(-0.0414855699111215,0.0505326061749788,0.0515911429309219));
#1825=CARTESIAN_POINT('',(-0.0398541269885379,0.0773188878439938,0.0515911429309197));
#1826=CARTESIAN_POINT('',(-0.0389786685121413,0.103135974508099,0.0515911429309221));
#1827=CARTESIAN_POINT('',(-0.0379713310276165,0.119900845141831,0.051591142930922));
#1828=CARTESIAN_POINT('',(-0.0375022388611896,0.126747697301046,0.0515911429309219));
#1829=CARTESIAN_POINT('',(-0.0401283895818301,0.0262376973010466,0.0321859063203606));
#1830=CARTESIAN_POINT('',(-0.0392466547559202,0.03394651392574,0.0320812303194727));
#1831=CARTESIAN_POINT('',(-0.0379045748739735,0.0505342636210696,0.0318611973007367));
#1832=CARTESIAN_POINT('',(-0.0362646298066738,0.0773186830297291,0.0323472593167972));
#1833=CARTESIAN_POINT('',(-0.0356577583862502,0.103134768647329,0.0328698479645739));
#1834=CARTESIAN_POINT('',(-0.0345050207768614,0.119902769946669,0.033725125357571));
#1835=CARTESIAN_POINT('',(-0.0342569102830985,0.126747697301047,0.033958924053863));
#1836=CARTESIAN_POINT('',(-0.0254811224101336,0.0262376973010468,0.0166823236982842));
#1837=CARTESIAN_POINT('',(-0.0245007313971639,0.0339432653311375,0.0164729716965084));
#1838=CARTESIAN_POINT('',(-0.0230247153380461,0.0505359210671606,0.0161115551135547));
#1839=CARTESIAN_POINT('',(-0.0217273021832231,0.0773184782154645,0.0169600187489534));
#1840=CARTESIAN_POINT('',(-0.0215579618781445,0.103133562786558,0.0179456813365212));
#1841=CARTESIAN_POINT('',(-0.0209750634959565,0.119904694751506,0.0194042754360315));
#1842=CARTESIAN_POINT('',(-0.0209479346748566,0.126747697301047,0.0198718728286158));
#1843=CARTESIAN_POINT('',(-0.00630988027904419,0.0262376973010471,0.0120150472072277));
#1844=CARTESIAN_POINT('',(-0.00523083307901481,0.033940016736535,0.0117010192045638));
#1845=CARTESIAN_POINT('',(-0.00352968665588594,0.0505375785132517,0.011416657075914));
#1846=CARTESIAN_POINT('',(-0.00271818987046541,0.0773182734011999,0.012284072624668));
#1847=CARTESIAN_POINT('',(-0.00305538809385027,0.103132356925787,0.0135675152543857));
#1848=CARTESIAN_POINT('',(-0.0033344778172026,0.119906619556344,0.0149296399851248));
#1849=CARTESIAN_POINT('',(-0.00352833066876611,0.126747697301047,0.0156310360740012));
#1850=CARTESIAN_POINT('',(-0.00630988027904419,0.0262376973010471,0.0120150472072277));
#1851=CARTESIAN_POINT('',(-0.00866040862063698,0.0262376973010471,0.0125872879413055));
#1852=CARTESIAN_POINT('',(-0.013221282572604,0.026237697301047,0.0140555826746116));
#1853=CARTESIAN_POINT('',(-0.0196619676019827,0.0262376973010469,0.0171926466105752));
#1854=CARTESIAN_POINT('',(-0.0256768264905622,0.0262376973010468,0.021294683354013));
#1855=CARTESIAN_POINT('',(-0.0309345375103201,0.0262376973010467,0.0261112086377126));
#1856=CARTESIAN_POINT('',(-0.0355462470440839,0.0262376973010466,0.0317413571034059));
#1857=CARTESIAN_POINT('',(-0.0392394805034676,0.0262376973010465,0.0378803787340168));
#1858=CARTESIAN_POINT('',(-0.042040374119967,0.0262376973010465,0.0445147862319601));
#1859=CARTESIAN_POINT('',(-0.0432621185396874,0.0262376973010464,0.0492117924692456));
#1860=CARTESIAN_POINT('',(-0.0437000540090922,0.0262376973010464,0.0515911429309217));
#1861=CARTESIAN_POINT('',(-0.0437000540090922,0.0262376973010464,0.0515911429309215));
#1862=CARTESIAN_POINT('',(-0.0437000540090922,0.0262376973010464,0.0515911429309212));
#1863=CARTESIAN_POINT('',(-0.0429169753702423,0.0339497625203427,0.0515911429309212));
#1864=CARTESIAN_POINT('',(-0.0414855699111215,0.0505326061749788,0.0515911429309213));
#1865=CARTESIAN_POINT('',(-0.0398541269885379,0.0773188878439938,0.0515911429309237));
#1866=CARTESIAN_POINT('',(-0.0389786685121413,0.103135974508099,0.0515911429309215));
#1867=CARTESIAN_POINT('',(-0.0379713310276165,0.119900845141831,0.0515911429309217));
#1868=CARTESIAN_POINT('',(-0.0375022388611896,0.126747697301046,0.0515911429309219));
#1869=CARTESIAN_POINT('',(-0.0375022388611896,0.126747697301046,0.0515911429309219));
#1870=CARTESIAN_POINT('',(-0.0375022388611896,0.126747697301046,0.0515911429309219));
#1871=CARTESIAN_POINT('',(-0.0369423585717175,0.126747697301046,0.0485492531587838));
#1872=CARTESIAN_POINT('',(-0.0356586363831535,0.126747697301046,0.04414978201789));
#1873=CARTESIAN_POINT('',(-0.0330854573510196,0.126747697301047,0.0385948869814903));
#1874=CARTESIAN_POINT('',(-0.0299198914666811,0.126747697301047,0.0332701160072157));
#1875=CARTESIAN_POINT('',(-0.0250912047643001,0.126747697301047,0.0273871813633056));
#1876=CARTESIAN_POINT('',(-0.0202594814921213,0.126747697301047,0.023459742462717));
#1877=CARTESIAN_POINT('',(-0.0177084663178195,0.126747697301047,0.021786318947771));
#1878=CARTESIAN_POINT('',(-0.01770846631782,0.126747697301047,0.0217863189477702));
#1879=CARTESIAN_POINT('',(-0.0177084663178195,0.126747697301047,0.021786318947771));
#1880=CARTESIAN_POINT('',(-0.0155585791352952,0.126747697301047,0.0203760287221546));
#1881=CARTESIAN_POINT('',(-0.0110266963813309,0.126747697301047,0.0179213807703082));
#1882=CARTESIAN_POINT('',(-0.00606113504197224,0.126747697301047,0.0162476522654132));
#1883=CARTESIAN_POINT('',(-0.00352833066876611,0.126747697301047,0.0156310360740012));
#1884=CARTESIAN_POINT('',(-0.0051751737784607,0.0262376973010471,0.0159259370009905));
#1885=CARTESIAN_POINT('',(-0.00408715702076193,0.0339395104004686,0.0156429382845214));
#1886=CARTESIAN_POINT('',(-0.00237780595356054,0.0505379114547378,0.015386684606238));
#1887=CARTESIAN_POINT('',(-0.00159119911660833,0.0773179219477214,0.0161683614557634));
#1888=CARTESIAN_POINT('',(-0.0019652050174334,0.103133328658327,0.0173250473520762));
#1889=CARTESIAN_POINT('',(-0.00228331811790843,0.119905229035618,0.0185524291013006));
#1890=CARTESIAN_POINT('',(-0.00249730003610583,0.126747697301047,0.0191845956740008));
#1891=CARTESIAN_POINT('',(-0.0193267241256923,0.0262376973010469,0.019443415828327));
#1892=CARTESIAN_POINT('',(-0.0183231931006907,0.0339422710589107,0.0192306156341961));
#1893=CARTESIAN_POINT('',(-0.0167609570892804,0.0505365107366248,0.0189304987276669));
#1894=CARTESIAN_POINT('',(-0.0156300492675824,0.0773180626742082,0.0196871810038735));
#1895=CARTESIAN_POINT('',(-0.0156048371678569,0.103134474346719,0.0206382722978111));
#1896=CARTESIAN_POINT('',(-0.0153311122477755,0.119903417024435,0.0219052972640613));
#1897=CARTESIAN_POINT('',(-0.0153558514766127,0.126747697301047,0.0223806894822704));
#1898=CARTESIAN_POINT('',(-0.0311113336591131,0.0262376973010467,0.0292115268685197));
#1899=CARTESIAN_POINT('',(-0.0301922883668092,0.0339450317173529,0.0290689251967269));
#1900=CARTESIAN_POINT('',(-0.0287294546707892,0.0505351100185119,0.0288509451673916));
#1901=CARTESIAN_POINT('',(-0.0273292645207724,0.077318203400695,0.0293845231297685));
#1902=CARTESIAN_POINT('',(-0.0269409390550346,0.103135620035112,0.0300346744749837));
#1903=CARTESIAN_POINT('',(-0.0262282282212399,0.119901605013252,0.0309376898515384));
#1904=CARTESIAN_POINT('',(-0.0260637247607169,0.126747697301047,0.0312563077152562));
#1905=CARTESIAN_POINT('',(-0.0371928578903682,0.0262376973010466,0.0424649829293234));
#1906=CARTESIAN_POINT('',(-0.0363582983307613,0.0339477923757951,0.0423925797798688));
#1907=CARTESIAN_POINT('',(-0.0348799042831675,0.0505337093003991,0.0423269941353095));
#1908=CARTESIAN_POINT('',(-0.0333911874005619,0.077318344127182,0.0425270020302962));
#1909=CARTESIAN_POINT('',(-0.0327267417920352,0.103136765723504,0.0428230489760883));
#1910=CARTESIAN_POINT('',(-0.0319433384124295,0.119899793002069,0.043136978442336));
#1911=CARTESIAN_POINT('',(-0.0315895922625466,0.126747697301047,0.0432988219515628));
#1912=CARTESIAN_POINT('',(-0.0372536731326807,0.0262376973010466,0.0425975174899313));
#1913=CARTESIAN_POINT('',(-0.0364199584304007,0.0339478199823795,0.0425258163257001));
#1914=CARTESIAN_POINT('',(-0.0349414087792913,0.050533695293218,0.0424617546249886));
#1915=CARTESIAN_POINT('',(-0.0334518066293598,0.0773183455344469,0.0426584268193015));
#1916=CARTESIAN_POINT('',(-0.0327845998194052,0.103136777180388,0.0429509327210994));
#1917=CARTESIAN_POINT('',(-0.0320004895143415,0.119899774881957,0.0432589713282439));
#1918=CARTESIAN_POINT('',(-0.0316448509375648,0.126747697301047,0.0434192470939259));
#1919=CARTESIAN_POINT('',(-0.0373144883749931,0.0262376973010466,0.0427300520505394));
#1920=CARTESIAN_POINT('',(-0.0364816185300403,0.0339478475889639,0.0426590528715316));
#1921=CARTESIAN_POINT('',(-0.0350029132754151,0.0505336812860368,0.0425965151146678));
#1922=CARTESIAN_POINT('',(-0.0335124258581577,0.0773183469417117,0.0427898516083067));
#1923=CARTESIAN_POINT('',(-0.0328424578467753,0.103136788637272,0.0430788164661104));
#1924=CARTESIAN_POINT('',(-0.0320576406162532,0.119899756761845,0.0433809642141519));
#1925=CARTESIAN_POINT('',(-0.0317001096125831,0.126747697301047,0.0435396722362889));
#1926=CARTESIAN_POINT('',(-0.0373753036173057,0.0262376973010466,0.0428625866111475));
#1927=CARTESIAN_POINT('',(-0.0365432786296799,0.0339478751955483,0.042792289417363));
#1928=CARTESIAN_POINT('',(-0.0350644177715389,0.0505336672788557,0.042731275604347));
#1929=CARTESIAN_POINT('',(-0.0335730450869555,0.0773183483489766,0.042921276397312));
#1930=CARTESIAN_POINT('',(-0.0329003158741453,0.103136800094156,0.0432067002111215));
#1931=CARTESIAN_POINT('',(-0.0321147917181651,0.119899738641733,0.0435029571000599));
#1932=CARTESIAN_POINT('',(-0.0317553682876016,0.126747697301047,0.043660097378652));
#1933=CARTESIAN_POINT('',(-0.0371928578903682,0.0262376973010466,0.0424649829293234));
#1934=CARTESIAN_POINT('',(-0.0364393676137349,0.0262376973010466,0.0408229027708218));
#1935=CARTESIAN_POINT('',(-0.0347594792099801,0.0262376973010466,0.0376476446144834));
#1936=CARTESIAN_POINT('',(-0.0317134013594729,0.0262376973010467,0.0331829616082534));
#1937=CARTESIAN_POINT('',(-0.0281821361251684,0.0262376973010467,0.0290907354286908));
#1938=CARTESIAN_POINT('',(-0.0242703107859365,0.0262376973010468,0.0254656364033585));
#1939=CARTESIAN_POINT('',(-0.0199366751447275,0.0262376973010469,0.0222624854965724));
#1940=CARTESIAN_POINT('',(-0.0136897375261304,0.026237697301047,0.0186597105565303));
#1941=CARTESIAN_POINT('',(-0.0086818499525506,0.026237697301047,0.016797548866407));
#1942=CARTESIAN_POINT('',(-0.0051751737784607,0.0262376973010471,0.0159259370009905));
#1943=CARTESIAN_POINT('',(-0.0371928591269542,0.0262376974605039,0.0424649856603308));
#1944=CARTESIAN_POINT('',(-0.00249730003610583,0.126747697301047,0.0191845956740008));
#1945=CARTESIAN_POINT('',(-0.0056829060070923,0.126747697301047,0.0199764030223295));
#1946=CARTESIAN_POINT('',(-0.0102707563024643,0.126747697301047,0.0216822298306299));
#1947=CARTESIAN_POINT('',(-0.0159549293454357,0.126747697301047,0.0249731037429663));
#1948=CARTESIAN_POINT('',(-0.0198516050399562,0.126747697301047,0.0278566837938168));
#1949=CARTESIAN_POINT('',(-0.0234300315560435,0.126747697301047,0.0311726337338486));
#1950=CARTESIAN_POINT('',(-0.0277131463125404,0.126747697301047,0.0361543516828412));
#1951=CARTESIAN_POINT('',(-0.0302206087675267,0.126747697301047,0.040315398403564));
#1952=CARTESIAN_POINT('',(-0.0315895922625466,0.126747697301047,0.0432988219515628));
#1953=CARTESIAN_POINT('',(-0.0315895922625466,0.126747697301047,0.0432988219515629));
#1954=CARTESIAN_POINT('',(-0.0371928601785374,0.026237697580321,0.0424649862674627));
#1955=CARTESIAN_POINT('',(-0.0362896562130085,0.0345823917851319,0.042386724351332));
#1956=CARTESIAN_POINT('',(-0.0348278319475964,0.0512970474364941,0.0423298043017759));
#1957=CARTESIAN_POINT('',(-0.0334557200159569,0.0764364599754154,0.0425229378696219));
#1958=CARTESIAN_POINT('',(-0.0327613044078877,0.101604227176969,0.0428046408468642));
#1959=CARTESIAN_POINT('',(-0.0320221625911345,0.118368950296884,0.0431002422787977));
#1960=CARTESIAN_POINT('',(-0.0315895834223412,0.126747697301044,0.0432988026861292));
#1961=CARTESIAN_POINT('',(-0.0349160389602141,0.0262376957886631,0.0462880367122485));
#1962=CARTESIAN_POINT('',(-0.0349160387296387,0.0262376978736427,0.051622811545912));
#1963=CARTESIAN_POINT('',(-0.0339883265486852,0.0346276240651476,0.0462880333931433));
#1964=CARTESIAN_POINT('',(-0.0339883263181098,0.0346276261501272,0.0516228082268068));
#1965=CARTESIAN_POINT('',(-0.032504760626744,0.0514460083041395,0.0462880267559475));
#1966=CARTESIAN_POINT('',(-0.0325047603961686,0.051446010389119,0.0516228015896109));
#1967=CARTESIAN_POINT('',(-0.0311820916370785,0.076735933357248,0.0462880168148009));
#1968=CARTESIAN_POINT('',(-0.0311820914065031,0.0767359354422276,0.0516227916484643));
#1969=CARTESIAN_POINT('',(-0.0305575813959063,0.102052104525873,0.0462880068935717));
#1970=CARTESIAN_POINT('',(-0.0305575811653309,0.102052106610853,0.0516227817272351));
#1971=CARTESIAN_POINT('',(-0.0298807810696993,0.118919407882912,0.0462880002721263));
#1972=CARTESIAN_POINT('',(-0.0298807808391239,0.118919409967891,0.0516227751057897));
#1973=CARTESIAN_POINT('',(-0.0294931167718793,0.127351166131636,0.0462879969600143));
#1974=CARTESIAN_POINT('',(-0.0294931165413039,0.127351168216615,0.0516227717936777));
#1975=CARTESIAN_POINT('',(-0.0349160336645362,0.0262376973010466,0.0489998505496448));
#1976=CARTESIAN_POINT('',(-0.0349160336645362,0.0262376973010466,0.0515911429309212));
#1977=CARTESIAN_POINT('',(-0.0349160361975172,0.026237697583589,0.0464085591297942));
#1978=CARTESIAN_POINT('',(-0.0295207770907499,0.126747696386399,0.0468820812048056));
#1979=CARTESIAN_POINT('',(-0.0299038172751538,0.118364968186534,0.0467695865392338));
#1980=CARTESIAN_POINT('',(-0.0305696726771758,0.101596075984121,0.0466009920848203));
#1981=CARTESIAN_POINT('',(-0.0311937043448412,0.0764249269936397,0.0464414957989336));
#1982=CARTESIAN_POINT('',(-0.0325177759634882,0.0512911272447395,0.0463318006430044));
#1983=CARTESIAN_POINT('',(-0.0339935678632372,0.0345802235996457,0.0463640954806943));
#1984=CARTESIAN_POINT('',(-0.0349160387307902,0.0262376978634918,0.0464085590912346));
#1985=CARTESIAN_POINT('',(-0.0295207896043376,0.126747697301047,0.0468820763684647));
#1986=CARTESIAN_POINT('',(-0.0295207770489689,0.126747697300772,0.0468820805929508));
#1987=CARTESIAN_POINT('',(-0.0295207770091574,0.126747697300772,0.048451768038941));
#1988=CARTESIAN_POINT('',(-0.0295207769693332,0.126747697301047,0.0500214554849312));
#1989=CARTESIAN_POINT('',(-0.0295207769295217,0.126747697301047,0.0515911429309214));
#1990=CARTESIAN_POINT('',(-0.0295207869254431,0.126747697301047,0.0515911429309217));
#1991=CARTESIAN_POINT('',(-0.0295207769711766,0.126747696389439,0.0515911429309214));
#1992=CARTESIAN_POINT('',(-0.0299037637653028,0.118366136400148,0.0515911429302803));
#1993=CARTESIAN_POINT('',(-0.0305695784015046,0.101599172184896,0.0515911429261714));
#1994=CARTESIAN_POINT('',(-0.0311934144028566,0.0764340710984636,0.0515911429095326));
#1995=CARTESIAN_POINT('',(-0.0325173246713471,0.0512954492781424,0.051591142912803));
#1996=CARTESIAN_POINT('',(-0.0339938594207191,0.0345775865759436,0.0515911429245441));
#1997=CARTESIAN_POINT('',(-0.0349160387310074,0.0262376978612657,0.0515911429309212));
#1998=CARTESIAN_POINT('',(-0.0372673261949956,0.0256368218377691,0.0424548997953287));
#1999=CARTESIAN_POINT('',(-0.0333907535506648,0.0256368106757461,0.0491693227720296));
#2000=CARTESIAN_POINT('',(-0.0365400601112737,0.0340820629298388,0.042035026702867));
#2001=CARTESIAN_POINT('',(-0.0326634874669429,0.0340820517678159,0.0487494496795679));
#2002=CARTESIAN_POINT('',(-0.0353952595791388,0.0510067403647834,0.0413741041592866));
#2003=CARTESIAN_POINT('',(-0.031518686934808,0.0510067292027604,0.0480885271359875));
#2004=CARTESIAN_POINT('',(-0.0344359080185391,0.0764459778263357,0.0408202647488642));
#2005=CARTESIAN_POINT('',(-0.0305593353742083,0.0764459666643128,0.0475346877255651));
#2006=CARTESIAN_POINT('',(-0.0340347663159218,0.101902908347073,0.0405887078741491));
#2007=CARTESIAN_POINT('',(-0.030158193671591,0.10190289718505,0.04730313085085));
#2008=CARTESIAN_POINT('',(-0.0335997532154398,0.118869043323796,0.0403375812301024));
#2009=CARTESIAN_POINT('',(-0.029723180571109,0.118869032161773,0.0470520042068033));
#2010=CARTESIAN_POINT('',(-0.0333571482135862,0.127351182307032,0.040197527313483));
#2011=CARTESIAN_POINT('',(-0.0294805755692554,0.127351171145009,0.0469119502901839));
#2012=CARTESIAN_POINT('',(-0.0360544457774522,0.0262376973010466,0.0444367705488456));
#2013=CARTESIAN_POINT('',(-0.0315895772902158,0.126747697301025,0.0432988133072856));
#2014=CARTESIAN_POINT('',(-0.0308999789559142,0.126747697301025,0.0444932329195166));
#2015=CARTESIAN_POINT('',(-0.0302103806216122,0.126747697301047,0.0456876525317472));
#2016=CARTESIAN_POINT('',(-0.0295207822873107,0.126747697301047,0.0468820721439782));
#2017=CARTESIAN_POINT('',(0.0462957352861269,0.0262376973010476,0.0833614031036352));
#2018=CARTESIAN_POINT('',(0.047791464350855,0.0339276741934433,0.0836135542942042));
#2019=CARTESIAN_POINT('',(0.0498717981073368,0.0505433899922564,0.0838417789658861));
#2020=CARTESIAN_POINT('',(0.0495293593290449,0.0773195755818349,0.0831452677730332));
#2021=CARTESIAN_POINT('',(0.0474879130583057,0.103120225193929,0.0821157965641189));
#2022=CARTESIAN_POINT('',(0.0453951714379031,0.119924938937342,0.0810207098979465));
#2023=CARTESIAN_POINT('',(0.044270814810486,0.126747697301047,0.0804586178496002));
#2024=CARTESIAN_POINT('',(0.0302067504501157,0.0262376973010473,0.0909623415596574));
#2025=CARTESIAN_POINT('',(0.0315665754125007,0.0339316195957849,0.0912247752588598));
#2026=CARTESIAN_POINT('',(0.0335447766875064,0.0505415638130834,0.0915893910714199));
#2027=CARTESIAN_POINT('',(0.033544837359292,0.0773190243704636,0.0906647337650456));
#2028=CARTESIAN_POINT('',(0.0320429138113649,0.103124593015395,0.0894967192583623));
#2029=CARTESIAN_POINT('',(0.0304727467940556,0.119918368970101,0.0879505239545776));
#2030=CARTESIAN_POINT('',(0.029651848403045,0.126747697301047,0.0873650737314467));
#2031=CARTESIAN_POINT('',(0.0118744154186507,0.026237697301047,0.092349599951793));
#2032=CARTESIAN_POINT('',(0.0130983362786926,0.0339355649981265,0.0926223161596288));
#2033=CARTESIAN_POINT('',(0.0149291836687643,0.0505397376339105,0.0929980678882264));
#2034=CARTESIAN_POINT('',(0.0153428453224346,0.0773184731590924,0.0920422030344077));
#2035=CARTESIAN_POINT('',(0.0144146639161044,0.103128960836861,0.090830426918848));
#2036=CARTESIAN_POINT('',(0.0135119423840679,0.119911799002859,0.0892343894913724));
#2037=CARTESIAN_POINT('',(0.0129945022294638,0.126747697301047,0.0886255810934569));
#2038=CARTESIAN_POINT('',(-0.00517517377846112,0.0262376973010468,0.0872563488608529));
#2039=CARTESIAN_POINT('',(-0.00408715702076235,0.0339395104004683,0.0875393475773221));
#2040=CARTESIAN_POINT('',(-0.00237780595356106,0.0505379114547375,0.0877956012556058));
#2041=CARTESIAN_POINT('',(-0.00159119911660873,0.0773179219477212,0.0870139244060805));
#2042=CARTESIAN_POINT('',(-0.00196520501743389,0.103133328658326,0.085857238509768));
#2043=CARTESIAN_POINT('',(-0.00228331811790879,0.119905229035618,0.0846298567605439));
#2044=CARTESIAN_POINT('',(-0.00249730003610639,0.126747697301047,0.0839976901878439));
#2045=CARTESIAN_POINT('',(-0.00517517377846112,0.0262376973010468,0.0872563488608529));
#2046=CARTESIAN_POINT('',(-0.00305470275198988,0.0262376973010468,0.087889800567168));
#2047=CARTESIAN_POINT('',(0.00122298425381496,0.0262376973010469,0.0889561311669355));
#2048=CARTESIAN_POINT('',(0.00776908952443663,0.026237697301047,0.0899645649080764));
#2049=CARTESIAN_POINT('',(0.0143834538600772,0.0262376973010471,0.0903668644898509));
#2050=CARTESIAN_POINT('',(0.0209271962669167,0.0262376973010472,0.0901671527750347));
#2051=CARTESIAN_POINT('',(0.0274272663019226,0.0262376973010473,0.0893799745834587));
#2052=CARTESIAN_POINT('',(0.0339098026644996,0.0262376973010474,0.087985799008091));
#2053=CARTESIAN_POINT('',(0.040226148480908,0.0262376973010475,0.0860045759456136));
#2054=CARTESIAN_POINT('',(0.0442947359106634,0.0262376973010475,0.084306737645153));
#2055=CARTESIAN_POINT('',(0.0462957352861269,0.0262376973010476,0.0833614031036352));
#2056=CARTESIAN_POINT('',(-0.00517517377846112,0.0262376973010468,0.0872563488608529));
#2057=CARTESIAN_POINT('',(0.0462957352861269,0.0262376973010476,0.0833614031036352));
#2058=CARTESIAN_POINT('',(-0.00517517377846112,0.0262376973010468,0.0872563488608529));
#2059=CARTESIAN_POINT('',(-0.00408715702076235,0.0339395104004683,0.0875393475773221));
#2060=CARTESIAN_POINT('',(-0.00237780595356106,0.0505379114547375,0.0877956012556058));
#2061=CARTESIAN_POINT('',(-0.00159119911660873,0.0773179219477212,0.0870139244060805));
#2062=CARTESIAN_POINT('',(-0.00196520501743389,0.103133328658326,0.085857238509768));
#2063=CARTESIAN_POINT('',(-0.00228331811790879,0.119905229035618,0.0846298567605439));
#2064=CARTESIAN_POINT('',(-0.00249730003610639,0.126747697301047,0.0839976901878439));
#2065=CARTESIAN_POINT('',(-0.0024973000361063,0.126747697301047,0.0839976901878436));
#2066=CARTESIAN_POINT('',(0.044270814810486,0.126747697301047,0.0804586178496002));
#2067=CARTESIAN_POINT('',(0.0406343119030829,0.126747697301047,0.082176615291704));
#2068=CARTESIAN_POINT('',(0.0349969126519531,0.126747697301047,0.0842328883509485));
#2069=CARTESIAN_POINT('',(0.0271259257376378,0.126747697301047,0.0859278986655009));
#2070=CARTESIAN_POINT('',(0.021214303703713,0.126747697301047,0.0866430637107616));
#2071=CARTESIAN_POINT('',(0.0152695601317661,0.126747697301047,0.0868234502525355));
#2072=CARTESIAN_POINT('',(0.00927957626268737,0.126747697301047,0.0864600088121471));
#2073=CARTESIAN_POINT('',(0.00331612743742429,0.126747697301047,0.0855425720094614));
#2074=CARTESIAN_POINT('',(-0.000570483611379351,0.126747697301047,0.0845732911447834));
#2075=CARTESIAN_POINT('',(-0.00249730003610639,0.126747697301047,0.0839976901878439));
#2076=CARTESIAN_POINT('',(0.0442708148104861,0.126747697301047,0.0804586178496003));
#2077=CARTESIAN_POINT('',(0.0462957352861269,0.0262376973010476,0.0833614031036352));
#2078=CARTESIAN_POINT('',(0.0477914643508551,0.0339276741934433,0.0836135542942043));
#2079=CARTESIAN_POINT('',(0.0498717981073368,0.0505433899922564,0.0838417789658863));
#2080=CARTESIAN_POINT('',(0.0495293593290449,0.0773195755818349,0.0831452677730334));
#2081=CARTESIAN_POINT('',(0.0474879130583057,0.103120225193929,0.0821157965641189));
#2082=CARTESIAN_POINT('',(0.0453951714379032,0.119924938937342,0.0810207098979467));
#2083=CARTESIAN_POINT('',(0.0442708148104861,0.126747697301047,0.0804586178496006));
#2084=CARTESIAN_POINT('',(0.0684099319300225,0.026237697301048,0.0607173029325209));
#2085=CARTESIAN_POINT('',(0.0700809222243911,0.0339231570455555,0.0607897409719175));
#2086=CARTESIAN_POINT('',(0.0723205783631389,0.0505452603616033,0.0608552981225687));
#2087=CARTESIAN_POINT('',(0.0714927468329595,0.0773211508261037,0.0606551823987656));
#2088=CARTESIAN_POINT('',(0.0687362574024082,0.103111797763797,0.0603596259532745));
#2089=CARTESIAN_POINT('',(0.0658783957016479,0.119937456186344,0.0600447384629347));
#2090=CARTESIAN_POINT('',(0.0643644814501024,0.126747697301048,0.0598834639102851));
#2091=CARTESIAN_POINT('',(0.064403317854977,0.0262376973010479,0.0709443032955096));
#2092=CARTESIAN_POINT('',(0.0660158877394655,0.033924662761518,0.0710766457186304));
#2093=CARTESIAN_POINT('',(0.0682702636749147,0.0505446369051544,0.0712504279330771));
#2094=CARTESIAN_POINT('',(0.0674975850530648,0.0773206257446808,0.0707999389294401));
#2095=CARTESIAN_POINT('',(0.0649281178825917,0.103114606907174,0.0702188800376362));
#2096=CARTESIAN_POINT('',(0.0621080054154932,0.11993328377001,0.0694709240491993));
#2097=CARTESIAN_POINT('',(0.0607239437053238,0.126747697301048,0.0691760436646508));
#2098=CARTESIAN_POINT('',(0.056425011958407,0.0262376973010477,0.0791137864934259));
#2099=CARTESIAN_POINT('',(0.0579791614330153,0.0339261684774807,0.0793060333002709));
#2100=CARTESIAN_POINT('',(0.0601681958895632,0.0505440134487053,0.0795465651931578));
#2101=CARTESIAN_POINT('',(0.0595765503765339,0.0773201006632578,0.0789109145839285));
#2102=CARTESIAN_POINT('',(0.0572546885110874,0.103117416050551,0.0780757380209896));
#2103=CARTESIAN_POINT('',(0.0547288088614863,0.119929111353676,0.0770275837066682));
#2104=CARTESIAN_POINT('',(0.0534745996926931,0.126747697301048,0.0765990974902209));
#2105=CARTESIAN_POINT('',(0.0462957352861269,0.0262376973010476,0.0833614031036352));
#2106=CARTESIAN_POINT('',(0.0477914643508551,0.0339276741934433,0.0836135542942043));
#2107=CARTESIAN_POINT('',(0.0498717981073368,0.0505433899922564,0.0838417789658863));
#2108=CARTESIAN_POINT('',(0.0495293593290449,0.0773195755818349,0.0831452677730334));
#2109=CARTESIAN_POINT('',(0.0474879130583057,0.103120225193929,0.0821157965641189));
#2110=CARTESIAN_POINT('',(0.0453951714379032,0.119924938937342,0.0810207098979467));
#2111=CARTESIAN_POINT('',(0.0442708148104861,0.126747697301047,0.0804586178496006));
#2112=CARTESIAN_POINT('',(0.0462957352861269,0.0262376973010476,0.0833614031036352));
#2113=CARTESIAN_POINT('',(0.0488109529999617,0.0262376973010476,0.0823066702845767));
#2114=CARTESIAN_POINT('',(0.0523952057600291,0.0262376973010477,0.0803603131290084));
#2115=CARTESIAN_POINT('',(0.0567396577463672,0.0262376973010477,0.0770713481580671));
#2116=CARTESIAN_POINT('',(0.0596947143238167,0.0262376973010478,0.0743291920214634));
#2117=CARTESIAN_POINT('',(0.0623723805981429,0.0262376973010478,0.0713037623793955));
#2118=CARTESIAN_POINT('',(0.0655646184938931,0.0262376973010479,0.0668686688358191));
#2119=CARTESIAN_POINT('',(0.0674150455290642,0.0262376973010479,0.0632567797558826));
#2120=CARTESIAN_POINT('',(0.0684099319300225,0.026237697301048,0.0607173029325209));
#2121=CARTESIAN_POINT('',(0.0684099319300225,0.026237697301048,0.0607173029325209));
#2122=CARTESIAN_POINT('',(0.0643644814501024,0.126747697301048,0.0598834639102851));
#2123=CARTESIAN_POINT('',(0.0634605218258328,0.126747697301048,0.0621908474596794));
#2124=CARTESIAN_POINT('',(0.0617768406127998,0.126747697301048,0.0654767378048354));
#2125=CARTESIAN_POINT('',(0.058877104191527,0.126747697301048,0.069504285066488));
#2126=CARTESIAN_POINT('',(0.0564462513080639,0.126747697301048,0.0722508739985953));
#2127=CARTESIAN_POINT('',(0.0537602501720221,0.126747697301048,0.0747437031123293));
#2128=CARTESIAN_POINT('',(0.0498076730504501,0.126747697301047,0.0777351959153422));
#2129=CARTESIAN_POINT('',(0.0465561527801828,0.126747697301047,0.0795002829324993));
#2130=CARTESIAN_POINT('',(0.0442708148104861,0.126747697301047,0.0804586178496006));
#2131=CARTESIAN_POINT('',(0.0643644814501025,0.126747697301048,0.0598834639102851));
#2132=CARTESIAN_POINT('',(0.0684099319300225,0.026237697301048,0.0607173029325209));
#2133=CARTESIAN_POINT('',(0.0700809222243911,0.0339231570455555,0.0607897409719175));
#2134=CARTESIAN_POINT('',(0.0723205783631389,0.0505452603616033,0.0608552981225687));
#2135=CARTESIAN_POINT('',(0.0714927468329596,0.0773211508261037,0.0606551823987656));
#2136=CARTESIAN_POINT('',(0.0687362574024082,0.103111797763797,0.0603596259532745));
#2137=CARTESIAN_POINT('',(0.065878395701648,0.119937456186344,0.0600447384629347));
#2138=CARTESIAN_POINT('',(0.0643644814501025,0.126747697301048,0.0598834639102851));
#2139=CARTESIAN_POINT('',(0.0661103394619324,0.0262376973010479,0.0567342919410861));
#2140=CARTESIAN_POINT('',(0.0677630954881328,0.0339234863155769,0.0567751149393413));
#2141=CARTESIAN_POINT('',(0.0699861907680616,0.0505451856785806,0.0568120599335094));
#2142=CARTESIAN_POINT('',(0.0692088681057252,0.0773207719437928,0.0566992869214968));
#2143=CARTESIAN_POINT('',(0.0665265824221678,0.103113370419262,0.0565327055182182));
#2144=CARTESIAN_POINT('',(0.063748578874535,0.119935146724123,0.056355280563168));
#2145=CARTESIAN_POINT('',(0.062274998155509,0.126747697301048,0.0562643726824827));
#2146=CARTESIAN_POINT('',(0.0661179288760185,0.0262376973010479,0.0567474371918829));
#2147=CARTESIAN_POINT('',(0.0677707450813218,0.0339234852288772,0.0567883645302078));
#2148=CARTESIAN_POINT('',(0.0699938950175503,0.0505451859250592,0.0568254039539354));
#2149=CARTESIAN_POINT('',(0.0692164056592804,0.0773207731942295,0.0567123426821479));
#2150=CARTESIAN_POINT('',(0.0665338750788683,0.10311336522898,0.0565453356186639));
#2151=CARTESIAN_POINT('',(0.0637556079729743,0.119935154346111,0.0563674569918801));
#2152=CARTESIAN_POINT('',(0.0622818941399796,0.126747697301048,0.056276316877954));
#2153=CARTESIAN_POINT('',(0.0661255182901046,0.0262376973010479,0.0567605824426797));
#2154=CARTESIAN_POINT('',(0.0677783946745108,0.0339234841421774,0.0568016141210744));
#2155=CARTESIAN_POINT('',(0.070001599267039,0.0505451861715379,0.0568387479743613));
#2156=CARTESIAN_POINT('',(0.0692239432128357,0.0773207744446661,0.0567253984427989));
#2157=CARTESIAN_POINT('',(0.0665411677355688,0.103113360038698,0.0565579657191096));
#2158=CARTESIAN_POINT('',(0.0637626370714136,0.119935161968098,0.0563796334205922));
#2159=CARTESIAN_POINT('',(0.0622887901244502,0.126747697301048,0.0562882610734253));
#2160=CARTESIAN_POINT('',(0.0661331077041907,0.0262376973010479,0.0567737276934766));
#2161=CARTESIAN_POINT('',(0.0677860442676998,0.0339234830554777,0.056814863711941));
#2162=CARTESIAN_POINT('',(0.0700093035165277,0.0505451864180165,0.0568520919947873));
#2163=CARTESIAN_POINT('',(0.0692314807663909,0.0773207756951028,0.05673845420345));
#2164=CARTESIAN_POINT('',(0.0665484603922692,0.103113354848416,0.0565705958195554));
#2165=CARTESIAN_POINT('',(0.063769666169853,0.119935169590086,0.0563918098493043));
#2166=CARTESIAN_POINT('',(0.0622956861089208,0.126747697301048,0.0563002052688966));
#2167=CARTESIAN_POINT('',(0.0668920491128013,0.0262376973010479,0.058088252773158));
#2168=CARTESIAN_POINT('',(0.0685510035865969,0.0339233743855036,0.0581398227985999));
#2169=CARTESIAN_POINT('',(0.0707797284653981,0.0505452110658788,0.0581864940373811));
#2170=CARTESIAN_POINT('',(0.0699852361219138,0.0773209007387698,0.0580440302685552));
#2171=CARTESIAN_POINT('',(0.0672777260623155,0.103112835820209,0.0578336058641284));
#2172=CARTESIAN_POINT('',(0.0644725760137846,0.119935931788838,0.0576094527205144));
#2173=CARTESIAN_POINT('',(0.0629852845559814,0.126747697301048,0.0574946248160261));
#2174=CARTESIAN_POINT('',(0.0676509905214119,0.0262376973010479,0.0594027778528395));
#2175=CARTESIAN_POINT('',(0.069315962905494,0.0339232657155296,0.0594647818852587));
#2176=CARTESIAN_POINT('',(0.0715501534142685,0.050545235713741,0.0595208960799749));
#2177=CARTESIAN_POINT('',(0.0707389914774367,0.0773210257824368,0.0593496063336604));
#2178=CARTESIAN_POINT('',(0.0680069917323619,0.103112316792003,0.0590966159087014));
#2179=CARTESIAN_POINT('',(0.0651754858577163,0.119936693987591,0.0588270955917245));
#2180=CARTESIAN_POINT('',(0.0636748830030419,0.126747697301048,0.0586890443631556));
#2181=CARTESIAN_POINT('',(0.0684099319300225,0.026237697301048,0.0607173029325209));
#2182=CARTESIAN_POINT('',(0.0700809222243911,0.0339231570455555,0.0607897409719175));
#2183=CARTESIAN_POINT('',(0.0723205783631389,0.0505452603616033,0.0608552981225687));
#2184=CARTESIAN_POINT('',(0.0714927468329596,0.0773211508261037,0.0606551823987656));
#2185=CARTESIAN_POINT('',(0.0687362574024082,0.103111797763797,0.0603596259532745));
#2186=CARTESIAN_POINT('',(0.065878395701648,0.119937456186344,0.0600447384629347));
#2187=CARTESIAN_POINT('',(0.0643644814501025,0.126747697301048,0.0598834639102851));
#2188=CARTESIAN_POINT('',(0.0661331077041907,0.0262376973010479,0.0567737276934766));
#2189=CARTESIAN_POINT('',(0.0661331077041907,0.0262376973010479,0.0567737276934766));
#2190=CARTESIAN_POINT('',(0.0622956861089208,0.126747697301048,0.0563002052688966));
#2191=CARTESIAN_POINT('',(0.0622956861089208,0.126747697301048,0.0563002052688966));
#2192=CARTESIAN_POINT('',(0.0661331077041906,0.0262376973010479,0.0567737276934766));
#2193=CARTESIAN_POINT('',(0.067023057835426,0.0303757627917439,0.0567958769488422));
#2194=CARTESIAN_POINT('',(0.0684513743279174,0.0387348457873954,0.0568195575112691));
#2195=CARTESIAN_POINT('',(0.0695347156089973,0.0513223435134449,0.0568327790636258));
#2196=CARTESIAN_POINT('',(0.0696102727044121,0.0639404197369072,0.0567940859643446));
#2197=CARTESIAN_POINT('',(0.0687910732638028,0.0808084476194589,0.0567156989972246));
#2198=CARTESIAN_POINT('',(0.0671153333017643,0.0976214348786922,0.0565935531016103));
#2199=CARTESIAN_POINT('',(0.0647356961428156,0.114322097714582,0.0564748598300216));
#2200=CARTESIAN_POINT('',(0.0631891860989786,0.12261805173726,0.0563557289673933));
#2201=CARTESIAN_POINT('',(0.0622956861140548,0.126747697277319,0.0563002052692157));
#2202=CARTESIAN_POINT('',(0.0661331077041905,0.0262376973010474,0.0568712753867089));
#2203=CARTESIAN_POINT('',(0.0661331077041906,0.0262376973010474,0.051591142930922));
#2204=CARTESIAN_POINT('',(0.067909554819423,0.0344977719339769,0.0568712753867089));
#2205=CARTESIAN_POINT('',(0.067909554819423,0.0344977719339769,0.051591142930922));
#2206=CARTESIAN_POINT('',(0.0695070998557137,0.0470302164088875,0.056871275386709));
#2207=CARTESIAN_POINT('',(0.0695070998557137,0.0470302164088875,0.0515911429309221));
#2208=CARTESIAN_POINT('',(0.0696110465312359,0.0639361783021589,0.0568712753867091));
#2209=CARTESIAN_POINT('',(0.069611046531236,0.0639361783021589,0.0515911429309222));
#2210=CARTESIAN_POINT('',(0.068791523681537,0.0807945302896997,0.0568712753867092));
#2211=CARTESIAN_POINT('',(0.0687915236815371,0.0807945302896997,0.0515911429309223));
#2212=CARTESIAN_POINT('',(0.0666993856105707,0.101804784494197,0.0568712753867092));
#2213=CARTESIAN_POINT('',(0.0666993856105707,0.101804784494197,0.0515911429309223));
#2214=CARTESIAN_POINT('',(0.0640814140250379,0.11849428549469,0.0568712753867093));
#2215=CARTESIAN_POINT('',(0.0640814140250379,0.11849428549469,0.0515911429309224));
#2216=CARTESIAN_POINT('',(0.0622956861140549,0.126747697277319,0.0568712753867093));
#2217=CARTESIAN_POINT('',(0.0622956861140549,0.126747697277319,0.0515911429309224));
#2218=CARTESIAN_POINT('',(0.0661331077041907,0.0262376973010479,0.0567737276934766));
#2219=CARTESIAN_POINT('',(0.0622956861089208,0.126747697301048,0.0563002052688966));
#2220=CARTESIAN_POINT('',(0.0479544298279995,0.0262376973010476,0.0870813373311715));
#2221=CARTESIAN_POINT('',(0.0494633153796533,0.033927537433006,0.0873630132964593));
#2222=CARTESIAN_POINT('',(0.0515555877710035,0.050543356767129,0.08761796557165));
#2223=CARTESIAN_POINT('',(0.0511767218663422,0.0773200080978724,0.0868398683412228));
#2224=CARTESIAN_POINT('',(0.0490817442770972,0.103118573392223,0.0856899818016175));
#2225=CARTESIAN_POINT('',(0.0469314153070186,0.119927353881072,0.0844664338433091));
#2226=CARTESIAN_POINT('',(0.0457779577430574,0.126747697301047,0.0838386691122834));
#2227=CARTESIAN_POINT('',(0.0626181315000304,0.0262376973010478,0.0808970815266274));
#2228=CARTESIAN_POINT('',(0.0641982492343625,0.033925722504593,0.0810848655034858));
#2229=CARTESIAN_POINT('',(0.0664696921818722,0.0505440998328261,0.0813686417793927));
#2230=CARTESIAN_POINT('',(0.0657136299831259,0.0773206770849203,0.0806709700321625));
#2231=CARTESIAN_POINT('',(0.063241560901402,0.103115056436241,0.0798182594588456));
#2232=CARTESIAN_POINT('',(0.0604135361695724,0.119932574003555,0.0786379662366324));
#2233=CARTESIAN_POINT('',(0.0591018662641435,0.126747697301048,0.0782194564159486));
#2234=CARTESIAN_POINT('',(0.0728904046805227,0.026237697301048,0.0673759951307704));
#2235=CARTESIAN_POINT('',(0.0745417545975332,0.0339239075761798,0.0674698871191997));
#2236=CARTESIAN_POINT('',(0.0769038457831197,0.0505448428985232,0.0676345917275738));
#2237=CARTESIAN_POINT('',(0.0759097707727433,0.0773213460719682,0.0672498815583101));
#2238=CARTESIAN_POINT('',(0.073127595785954,0.103111539480258,0.066806260855347));
#2239=CARTESIAN_POINT('',(0.0699054645959453,0.119937794126038,0.0661430196044166));
#2240=CARTESIAN_POINT('',(0.0684355823490487,0.126747697301048,0.0659337646940748));
#2241=CARTESIAN_POINT('',(0.0749171280487468,0.0262376973010481,0.0515911429309221));
#2242=CARTESIAN_POINT('',(0.0766397101484355,0.0339220926477665,0.051591142930922));
#2243=CARTESIAN_POINT('',(0.0789262359619595,0.0505455859642202,0.0515911429309219));
#2244=CARTESIAN_POINT('',(0.0779554855020071,0.077322015059016,0.0515911429309244));
#2245=CARTESIAN_POINT('',(0.0749889798559036,0.103108022524276,0.0515911429309221));
#2246=CARTESIAN_POINT('',(0.0719052226371098,0.11994301424852,0.0515911429309223));
#2247=CARTESIAN_POINT('',(0.0702771280487454,0.126747697301048,0.0515911429309225));
#2248=CARTESIAN_POINT('',(0.0749171280487468,0.0262376973010481,0.0515911429309221));
#2249=CARTESIAN_POINT('',(0.0744168536617904,0.026237697301048,0.0554874601991224));
#2250=CARTESIAN_POINT('',(0.0729370470191714,0.026237697301048,0.0610955440815651));
#2251=CARTESIAN_POINT('',(0.0694819981171136,0.0262376973010479,0.0681751547932642));
#2252=CARTESIAN_POINT('',(0.0662696673409807,0.0262376973010478,0.0730175818324662));
#2253=CARTESIAN_POINT('',(0.0624420347596323,0.0262376973010478,0.0774327427070926));
#2254=CARTESIAN_POINT('',(0.0565643470037167,0.0262376973010477,0.0826328198880521));
#2255=CARTESIAN_POINT('',(0.0515739961378361,0.0262376973010476,0.0855548248268811));
#2256=CARTESIAN_POINT('',(0.0479544298279995,0.0262376973010476,0.0870813373311715));
#2257=CARTESIAN_POINT('',(0.0479544298279995,0.0262376973010476,0.0870813373311715));
#2258=CARTESIAN_POINT('',(0.0457779577430574,0.126747697301047,0.0838386691122834));
#2259=CARTESIAN_POINT('',(0.047418146646963,0.126747697301047,0.0831469373806652));
#2260=CARTESIAN_POINT('',(0.050576320576104,0.126747697301047,0.0815644732629086));
#2261=CARTESIAN_POINT('',(0.0549939182630381,0.126747697301048,0.0785742192689552));
#2262=CARTESIAN_POINT('',(0.0589610932641245,0.126747697301048,0.0750462396883779));
#2263=CARTESIAN_POINT('',(0.0624086334776525,0.126747697301048,0.0710779662646143));
#2264=CARTESIAN_POINT('',(0.0653661784832928,0.126747697301048,0.0666100171241455));
#2265=CARTESIAN_POINT('',(0.067673097039718,0.126747697301048,0.0618784018863836));
#2266=CARTESIAN_POINT('',(0.0693631227584377,0.126747697301048,0.0568631804882069));
#2267=CARTESIAN_POINT('',(0.0700504264817536,0.126747697301048,0.0533567764576998));
#2268=CARTESIAN_POINT('',(0.0702771280487454,0.126747697301048,0.0515911429309225));
#2269=CARTESIAN_POINT('',(0.0457779577430574,0.126747697301047,0.0838386691122834));
#2270=CARTESIAN_POINT('',(0.0479544298279995,0.0262376973010476,0.0870813373311715));
#2271=CARTESIAN_POINT('',(0.0494633153796533,0.033927537433006,0.0873630132964593));
#2272=CARTESIAN_POINT('',(0.0515555877710035,0.050543356767129,0.0876179655716501));
#2273=CARTESIAN_POINT('',(0.0511767218663422,0.0773200080978724,0.0868398683412228));
#2274=CARTESIAN_POINT('',(0.0490817442770972,0.103118573392223,0.0856899818016175));
#2275=CARTESIAN_POINT('',(0.0469314153070187,0.119927353881072,0.0844664338433091));
#2276=CARTESIAN_POINT('',(0.0457779577430574,0.126747697301047,0.0838386691122834));
#2277=CARTESIAN_POINT('',(-0.00630988027904464,0.0262376973010468,0.0911672386546157));
#2278=CARTESIAN_POINT('',(-0.00523083307901526,0.0339400167365347,0.0914812666572796));
#2279=CARTESIAN_POINT('',(-0.00352968665588648,0.0505375785132514,0.0917656287859296));
#2280=CARTESIAN_POINT('',(-0.00271818987046585,0.0773182734011996,0.0908982132371758));
#2281=CARTESIAN_POINT('',(-0.00305538809385081,0.103132356925787,0.0896147706074583));
#2282=CARTESIAN_POINT('',(-0.00333447781720302,0.119906619556344,0.0882526458767194));
#2283=CARTESIAN_POINT('',(-0.00352833066876652,0.126747697301047,0.087551249787843));
#2284=CARTESIAN_POINT('',(0.0116641200794677,0.026237697301047,0.0965283723469374));
#2285=CARTESIAN_POINT('',(0.0128864467300385,0.0339358569686918,0.0968316163371426));
#2286=CARTESIAN_POINT('',(0.0147156683899542,0.0505395045978773,0.0972416992980436));
#2287=CARTESIAN_POINT('',(0.0151339940330468,0.0773188516334239,0.0961909721956185));
#2288=CARTESIAN_POINT('',(0.0142126098488861,0.103127762414599,0.0948494960162905));
#2289=CARTESIAN_POINT('',(0.0133171422446722,0.11991353099792,0.0930993996992069));
#2290=CARTESIAN_POINT('',(0.0128034211556429,0.126747697301047,0.0924225473962807));
#2291=CARTESIAN_POINT('',(0.0309858843084555,0.0262376973010473,0.0950735151511348));
#2292=CARTESIAN_POINT('',(0.0323514904095678,0.033931697200849,0.0953659751288813));
#2293=CARTESIAN_POINT('',(0.0343359555004632,0.0505414306825031,0.0957643823289635));
#2294=CARTESIAN_POINT('',(0.0343183934980716,0.0773194298656481,0.0947463720905035));
#2295=CARTESIAN_POINT('',(0.0327922649506167,0.103123167903411,0.0934508315265703));
#2296=CARTESIAN_POINT('',(0.0311933836825056,0.119920442439496,0.0917529261153333));
#2297=CARTESIAN_POINT('',(0.0303597943560102,0.126747697301047,0.0911006175983573));
#2298=CARTESIAN_POINT('',(0.0479544298279995,0.0262376973010476,0.0870813373311715));
#2299=CARTESIAN_POINT('',(0.0494633153796533,0.033927537433006,0.0873630132964593));
#2300=CARTESIAN_POINT('',(0.0515555877710035,0.050543356767129,0.0876179655716501));
#2301=CARTESIAN_POINT('',(0.0511767218663422,0.0773200080978724,0.0868398683412228));
#2302=CARTESIAN_POINT('',(0.0490817442770972,0.103118573392223,0.0856899818016175));
#2303=CARTESIAN_POINT('',(0.0469314153070187,0.119927353881072,0.0844664338433091));
#2304=CARTESIAN_POINT('',(0.0457779577430574,0.126747697301047,0.0838386691122834));
#2305=CARTESIAN_POINT('',(0.0479544298279995,0.0262376973010476,0.0870813373311715));
#2306=CARTESIAN_POINT('',(0.0458439500406895,0.0262376973010475,0.0880753724254695));
#2307=CARTESIAN_POINT('',(0.0415532277413488,0.0262376973010475,0.0898606278787098));
#2308=CARTESIAN_POINT('',(0.0348893773509319,0.0262376973010474,0.09194416606614));
#2309=CARTESIAN_POINT('',(0.0280592553339148,0.0262376973010473,0.0934080406576135));
#2310=CARTESIAN_POINT('',(0.0212077026735413,0.0262376973010472,0.0942347167945094));
#2311=CARTESIAN_POINT('',(0.0143089674771325,0.0262376973010471,0.0944435367314776));
#2312=CARTESIAN_POINT('',(0.00733303756015908,0.026237697301047,0.0940185179735857));
#2313=CARTESIAN_POINT('',(0.000435387432766761,0.0262376973010469,0.0929565819480383));
#2314=CARTESIAN_POINT('',(-0.00407434651461003,0.0262376973010468,0.0918340348683566));
#2315=CARTESIAN_POINT('',(-0.00630988027904464,0.0262376973010468,0.0911672386546157));
#2316=CARTESIAN_POINT('',(-0.00630988027904464,0.0262376973010468,0.0911672386546157));
#2317=CARTESIAN_POINT('',(-0.00352833066876652,0.126747697301047,0.087551249787843));
#2318=CARTESIAN_POINT('',(0.000534407480802026,0.126747697301047,0.0887630491615099));
#2319=CARTESIAN_POINT('',(0.00673595177000554,0.126747697301047,0.0900103346989264));
#2320=CARTESIAN_POINT('',(0.0152072993265087,0.126747697301047,0.0905287953139486));
#2321=CARTESIAN_POINT('',(0.0214815135549041,0.126747697301047,0.0903380590619581));
#2322=CARTESIAN_POINT('',(0.0277057129083189,0.126747697301047,0.0895859212994793));
#2323=CARTESIAN_POINT('',(0.033890427850841,0.126747697301047,0.0882613428854626));
#2324=CARTESIAN_POINT('',(0.0399618280525313,0.126747697301047,0.0863644385331672));
#2325=CARTESIAN_POINT('',(0.0438602172501347,0.126747697301047,0.0847419240797954));
#2326=CARTESIAN_POINT('',(0.0457779577430574,0.126747697301047,0.0838386691122834));
#2327=CARTESIAN_POINT('',(-0.00352833066876652,0.126747697301047,0.087551249787843));
#2328=CARTESIAN_POINT('',(-0.00630988027904464,0.0262376973010468,0.0911672386546157));
#2329=CARTESIAN_POINT('',(-0.00523083307901526,0.0339400167365347,0.0914812666572796));
#2330=CARTESIAN_POINT('',(-0.00352968665588638,0.0505375785132514,0.0917656287859296));
#2331=CARTESIAN_POINT('',(-0.00271818987046585,0.0773182734011996,0.0908982132371758));
#2332=CARTESIAN_POINT('',(-0.00305538809385071,0.103132356925787,0.0896147706074583));
#2333=CARTESIAN_POINT('',(-0.00333447781720302,0.119906619556344,0.0882526458767194));
#2334=CARTESIAN_POINT('',(-0.00352833066876652,0.126747697301047,0.087551249787843));
#2335=CARTESIAN_POINT('',(-0.0437000540090922,0.0262376973010464,0.0515911429309212));
#2336=CARTESIAN_POINT('',(-0.0429169753702423,0.0339497625203427,0.0515911429309212));
#2337=CARTESIAN_POINT('',(-0.0414855699111215,0.0505326061749788,0.0515911429309213));
#2338=CARTESIAN_POINT('',(-0.0398541269885379,0.0773188878439938,0.0515911429309237));
#2339=CARTESIAN_POINT('',(-0.0389786685121413,0.103135974508099,0.0515911429309215));
#2340=CARTESIAN_POINT('',(-0.0379713310276165,0.119900845141831,0.0515911429309217));
#2341=CARTESIAN_POINT('',(-0.0375022388611896,0.126747697301046,0.0515911429309219));
#2342=CARTESIAN_POINT('',(-0.0401283895818303,0.0262376973010464,0.0709963795414823));
#2343=CARTESIAN_POINT('',(-0.0392466547559205,0.0339465139257398,0.0711010555423703));
#2344=CARTESIAN_POINT('',(-0.0379045748739736,0.0505342636210694,0.0713210885611065));
#2345=CARTESIAN_POINT('',(-0.0362646298066741,0.0773186830297289,0.0708350265450462));
#2346=CARTESIAN_POINT('',(-0.0356577583862504,0.103134768647329,0.0703124378972697));
#2347=CARTESIAN_POINT('',(-0.0345050207768616,0.119902769946669,0.0694571605042728));
#2348=CARTESIAN_POINT('',(-0.0342569102830987,0.126747697301046,0.0692233618079808));
#2349=CARTESIAN_POINT('',(-0.025481122410134,0.0262376973010466,0.0864999621635589));
#2350=CARTESIAN_POINT('',(-0.0245007313971643,0.0339432653311372,0.0867093141653348));
#2351=CARTESIAN_POINT('',(-0.0230247153380465,0.0505359210671604,0.0870707307482886));
#2352=CARTESIAN_POINT('',(-0.0217273021832235,0.0773184782154642,0.0862222671128902));
#2353=CARTESIAN_POINT('',(-0.0215579618781449,0.103133562786558,0.0852366045253226));
#2354=CARTESIAN_POINT('',(-0.0209750634959568,0.119904694751506,0.0837780104258124));
#2355=CARTESIAN_POINT('',(-0.0209479346748569,0.126747697301047,0.0833104130332282));
#2356=CARTESIAN_POINT('',(-0.00630988027904464,0.0262376973010468,0.0911672386546157));
#2357=CARTESIAN_POINT('',(-0.00523083307901526,0.0339400167365347,0.0914812666572796));
#2358=CARTESIAN_POINT('',(-0.00352968665588638,0.0505375785132514,0.0917656287859296));
#2359=CARTESIAN_POINT('',(-0.00271818987046585,0.0773182734011996,0.0908982132371758));
#2360=CARTESIAN_POINT('',(-0.00305538809385071,0.103132356925787,0.0896147706074583));
#2361=CARTESIAN_POINT('',(-0.00333447781720302,0.119906619556344,0.0882526458767194));
#2362=CARTESIAN_POINT('',(-0.00352833066876652,0.126747697301047,0.087551249787843));
#2363=CARTESIAN_POINT('',(-0.00630988027904464,0.0262376973010468,0.0911672386546157));
#2364=CARTESIAN_POINT('',(-0.00866040862063742,0.0262376973010468,0.0905949979205379));
#2365=CARTESIAN_POINT('',(-0.0132212825726044,0.0262376973010467,0.0891267031872317));
#2366=CARTESIAN_POINT('',(-0.019661967601983,0.0262376973010467,0.085989639251268));
#2367=CARTESIAN_POINT('',(-0.0256768264905625,0.0262376973010466,0.0818876025078302));
#2368=CARTESIAN_POINT('',(-0.0309345375103204,0.0262376973010465,0.0770710772241305));
#2369=CARTESIAN_POINT('',(-0.0355462470440841,0.0262376973010465,0.0714409287584372));
#2370=CARTESIAN_POINT('',(-0.0392394805034677,0.0262376973010464,0.0653019071278262));
#2371=CARTESIAN_POINT('',(-0.0420403741199671,0.0262376973010464,0.058667499629883));
#2372=CARTESIAN_POINT('',(-0.0432621185396874,0.0262376973010464,0.0539704933925973));
#2373=CARTESIAN_POINT('',(-0.0437000540090922,0.0262376973010464,0.0515911429309212));
#2374=CARTESIAN_POINT('',(-0.0177084663178256,0.126747697301047,0.0813959669140692));
#2375=CARTESIAN_POINT('',(-0.0155585791353006,0.126747697301047,0.0828062571396866));
#2376=CARTESIAN_POINT('',(-0.0110266963813346,0.126747697301047,0.0852609050915347));
#2377=CARTESIAN_POINT('',(-0.00606113504197379,0.126747697301047,0.0869346335964307));
#2378=CARTESIAN_POINT('',(-0.00352833066876653,0.126747697301047,0.087551249787843));
#2379=CARTESIAN_POINT('',(-0.0177084663178257,0.126747697301047,0.0813959669140692));
#2380=CARTESIAN_POINT('',(-0.0375022388611896,0.126747697301046,0.0515911429309219));
#2381=CARTESIAN_POINT('',(-0.0369423585717177,0.126747697301046,0.0546330327030594));
#2382=CARTESIAN_POINT('',(-0.035658636383154,0.126747697301046,0.0590325038439525));
#2383=CARTESIAN_POINT('',(-0.033085457351021,0.126747697301046,0.0645873988803512));
#2384=CARTESIAN_POINT('',(-0.0299198914666835,0.126747697301046,0.0699121698546251));
#2385=CARTESIAN_POINT('',(-0.0250912047643041,0.126747697301047,0.0757951044985344));
#2386=CARTESIAN_POINT('',(-0.0202594814921267,0.126747697301047,0.0797225433991231));
#2387=CARTESIAN_POINT('',(-0.0177084663178256,0.126747697301047,0.0813959669140692));
#2388=CARTESIAN_POINT('',(-0.00517517377846112,0.0262376973010468,0.0872563488608529));
#2389=CARTESIAN_POINT('',(-0.00408715702076235,0.0339395104004683,0.087539347577322));
#2390=CARTESIAN_POINT('',(-0.00237780595356096,0.0505379114547375,0.0877956012556056));
#2391=CARTESIAN_POINT('',(-0.00159119911660873,0.0773179219477212,0.0870139244060804));
#2392=CARTESIAN_POINT('',(-0.00196520501743379,0.103133328658326,0.0858572385097678));
#2393=CARTESIAN_POINT('',(-0.00228331811790879,0.119905229035618,0.0846298567605436));
#2394=CARTESIAN_POINT('',(-0.00249730003610619,0.126747697301047,0.0839976901878434));
#2395=CARTESIAN_POINT('',(-0.0193267241256927,0.0262376973010466,0.0837388700335162));
#2396=CARTESIAN_POINT('',(-0.0183231931006911,0.0339422710589105,0.0839516702276471));
#2397=CARTESIAN_POINT('',(-0.0167609570892807,0.0505365107366246,0.0842517871341765));
#2398=CARTESIAN_POINT('',(-0.0156300492675827,0.077318062674208,0.0834951048579701));
#2399=CARTESIAN_POINT('',(-0.0156048371678572,0.103134474346719,0.0825440135640327));
#2400=CARTESIAN_POINT('',(-0.0153311122477759,0.119903417024435,0.0812769885977827));
#2401=CARTESIAN_POINT('',(-0.015355851476613,0.126747697301047,0.0808015963795736));
#2402=CARTESIAN_POINT('',(-0.0311113336591133,0.0262376973010465,0.0739707589933233));
#2403=CARTESIAN_POINT('',(-0.0301922883668095,0.0339450317173527,0.0741133606651162));
#2404=CARTESIAN_POINT('',(-0.0287294546707895,0.0505351100185117,0.0743313406944517));
#2405=CARTESIAN_POINT('',(-0.0273292645207726,0.0773182034006948,0.073797762732075));
#2406=CARTESIAN_POINT('',(-0.0269409390550348,0.103135620035112,0.0731476113868601));
#2407=CARTESIAN_POINT('',(-0.0262282282212401,0.119901605013252,0.0722445960103055));
#2408=CARTESIAN_POINT('',(-0.0260637247607171,0.126747697301047,0.0719259781465877));
#2409=CARTESIAN_POINT('',(-0.0371928578903683,0.0262376973010465,0.0607173029325197));
#2410=CARTESIAN_POINT('',(-0.0363582983307614,0.033947792375795,0.0607897060819743));
#2411=CARTESIAN_POINT('',(-0.0348799042831676,0.050533709300399,0.0608552917265338));
#2412=CARTESIAN_POINT('',(-0.033391187400562,0.0773183441271819,0.0606552838315473));
#2413=CARTESIAN_POINT('',(-0.0327267417920354,0.103136765723504,0.0603592368857554));
#2414=CARTESIAN_POINT('',(-0.0319433384124296,0.119899793002069,0.0600453074195078));
#2415=CARTESIAN_POINT('',(-0.0315895922625467,0.126747697301047,0.059883463910281));
#2416=CARTESIAN_POINT('',(-0.0372536731326809,0.0262376973010465,0.0605847683719116));
#2417=CARTESIAN_POINT('',(-0.0364199584304008,0.0339478199823794,0.0606564695361429));
#2418=CARTESIAN_POINT('',(-0.0349414087792914,0.0505336952932179,0.0607205312368546));
#2419=CARTESIAN_POINT('',(-0.03345180662936,0.0773183455344468,0.060523859042542));
#2420=CARTESIAN_POINT('',(-0.0327845998194054,0.103136777180388,0.0602313531407443));
#2421=CARTESIAN_POINT('',(-0.0320004895143415,0.119899774881957,0.0599233145335998));
#2422=CARTESIAN_POINT('',(-0.0316448509375648,0.126747697301047,0.059763038767918));
#2423=CARTESIAN_POINT('',(-0.0373144883749933,0.0262376973010465,0.0604522338113036));
#2424=CARTESIAN_POINT('',(-0.0364816185300404,0.0339478475889638,0.0605232329903115));
#2425=CARTESIAN_POINT('',(-0.0350029132754152,0.0505336812860367,0.0605857707471754));
#2426=CARTESIAN_POINT('',(-0.0335124258581578,0.0773183469417116,0.0603924342535367));
#2427=CARTESIAN_POINT('',(-0.0328424578467753,0.103136788637272,0.0601034693957333));
#2428=CARTESIAN_POINT('',(-0.0320576406162534,0.119899756761845,0.0598013216476919));
#2429=CARTESIAN_POINT('',(-0.0317001096125832,0.126747697301047,0.0596426136255549));
#2430=CARTESIAN_POINT('',(-0.0373753036173059,0.0262376973010465,0.0603196992506956));
#2431=CARTESIAN_POINT('',(-0.03654327862968,0.0339478751955483,0.0603899964444801));
#2432=CARTESIAN_POINT('',(-0.035064417771539,0.0505336672788556,0.0604510102574962));
#2433=CARTESIAN_POINT('',(-0.0335730450869556,0.0773183483489765,0.0602610094645314));
#2434=CARTESIAN_POINT('',(-0.0329003158741454,0.103136800094156,0.0599755856507222));
#2435=CARTESIAN_POINT('',(-0.0321147917181651,0.119899738641733,0.0596793287617839));
#2436=CARTESIAN_POINT('',(-0.0317553682876016,0.126747697301047,0.0595221884831918));
#2437=CARTESIAN_POINT('',(-0.0371928578903683,0.0262376973010465,0.0607173029325197));
#2438=CARTESIAN_POINT('',(-0.0364393676137356,0.0262376973010465,0.0623593830910213));
#2439=CARTESIAN_POINT('',(-0.0347594792099761,0.0262376973010465,0.0655346412473663));
#2440=CARTESIAN_POINT('',(-0.0317134013594708,0.0262376973010465,0.0699993242535926));
#2441=CARTESIAN_POINT('',(-0.028182136125166,0.0262376973010465,0.0740915504331551));
#2442=CARTESIAN_POINT('',(-0.0242703107859346,0.0262376973010466,0.0777166494584865));
#2443=CARTESIAN_POINT('',(-0.0199366751447259,0.0262376973010466,0.080919800365272));
#2444=CARTESIAN_POINT('',(-0.0136897375261297,0.0262376973010467,0.0845225753053134));
#2445=CARTESIAN_POINT('',(-0.00868184995255052,0.0262376973010468,0.0863847369954365));
#2446=CARTESIAN_POINT('',(-0.00517517377846112,0.0262376973010468,0.0872563488608529));
#2447=CARTESIAN_POINT('',(-0.0371928578903707,0.0262376973010465,0.0607173029325143));
#2448=CARTESIAN_POINT('',(-0.0315895838440437,0.126747697301045,0.0598834822566982));
#2449=CARTESIAN_POINT('',(-0.0320221841231358,0.11836876578478,0.0600820218149228));
#2450=CARTESIAN_POINT('',(-0.0327613965655081,0.10160428039882,0.0603774237071274));
#2451=CARTESIAN_POINT('',(-0.0334555700716199,0.0764387668007227,0.0606595057983629));
#2452=CARTESIAN_POINT('',(-0.0348277123206278,0.051299324106894,0.0608522897595911));
#2453=CARTESIAN_POINT('',(-0.0362897435176686,0.0345810122328301,0.0607956819774148));
#2454=CARTESIAN_POINT('',(-0.0371928578902032,0.0262376973025701,0.060717302932534));
#2455=CARTESIAN_POINT('',(-0.0315895851334922,0.126747697301047,0.0598834680262415));
#2456=CARTESIAN_POINT('',(-0.00249730003610619,0.126747697301047,0.0839976901878434));
#2457=CARTESIAN_POINT('',(-0.00568290600709264,0.126747697301047,0.0832058828395146));
#2458=CARTESIAN_POINT('',(-0.0102707563024647,0.126747697301047,0.0815000560312142));
#2459=CARTESIAN_POINT('',(-0.015954929345436,0.126747697301047,0.0782091821188777));
#2460=CARTESIAN_POINT('',(-0.0198516050399565,0.126747697301047,0.0753256020680272));
#2461=CARTESIAN_POINT('',(-0.0234300315560436,0.126747697301047,0.0720096521279953));
#2462=CARTESIAN_POINT('',(-0.0277131463125407,0.126747697301047,0.0670279341790029));
#2463=CARTESIAN_POINT('',(-0.030220608767526,0.126747697301047,0.0628668874582792));
#2464=CARTESIAN_POINT('',(-0.0315895922625467,0.126747697301047,0.059883463910281));
#2465=CARTESIAN_POINT('',(-0.0349827538773137,0.0256372589216454,0.0515596137653647));
#2466=CARTESIAN_POINT('',(-0.0349827541068708,0.0256372568458739,0.056870828060804));
#2467=CARTESIAN_POINT('',(-0.0340461416936804,0.0340262621712319,0.0515596170844932));
#2468=CARTESIAN_POINT('',(-0.0340461419232376,0.0340262600954604,0.0568708313799324));
#2469=CARTESIAN_POINT('',(-0.0325470658516917,0.050843269861337,0.0515596237218216));
#2470=CARTESIAN_POINT('',(-0.0325470660812488,0.0508432677855656,0.0568708380172608));
#2471=CARTESIAN_POINT('',(-0.0312027532526821,0.0761321340532398,0.0515596336634893));
#2472=CARTESIAN_POINT('',(-0.0312027534822393,0.0761321319774683,0.0568708479589286));
#2473=CARTESIAN_POINT('',(-0.0305733537875392,0.101448195032474,0.0515596435848868));
#2474=CARTESIAN_POINT('',(-0.0305733540170964,0.101448192956703,0.0568708578803261));
#2475=CARTESIAN_POINT('',(-0.0299066383094093,0.11831587073832,0.0515596502060421));
#2476=CARTESIAN_POINT('',(-0.0299066385389665,0.118315868662548,0.0568708645014814));
#2477=CARTESIAN_POINT('',(-0.0295207967606539,0.126747699372424,0.0515596535181029));
#2478=CARTESIAN_POINT('',(-0.029520796990211,0.126747697296653,0.0568708678135422));
#2479=CARTESIAN_POINT('',(-0.0349160336645363,0.0262376973010465,0.0567737276934752));
#2480=CARTESIAN_POINT('',(-0.0349160371206476,0.0262376973810595,0.0567737336953917));
#2481=CARTESIAN_POINT('',(-0.0295207969213646,0.126747697301047,0.0563002052688926));
#2482=CARTESIAN_POINT('',(-0.0295207969655382,0.126747697519878,0.0563002375062967));
#2483=CARTESIAN_POINT('',(-0.0349160380421803,0.0262376974837439,0.0567737336954185));
#2484=CARTESIAN_POINT('',(-0.0339937620554434,0.0345785109105379,0.0568184311726742));
#2485=CARTESIAN_POINT('',(-0.0325173496513982,0.0512930830568651,0.0568498512635986));
#2486=CARTESIAN_POINT('',(-0.0311938295375909,0.0764339875787764,0.0567418308658277));
#2487=CARTESIAN_POINT('',(-0.0305685666223312,0.101598595644173,0.0565790801377453));
#2488=CARTESIAN_POINT('',(-0.0299043384225381,0.118366133052021,0.0564136315821264));
#2489=CARTESIAN_POINT('',(-0.0295207969655478,0.126747697519671,0.0563002375063));
#2490=CARTESIAN_POINT('',(-0.0333392873076304,0.0262376862058055,0.0540427207082857));
#2491=CARTESIAN_POINT('',(-0.0372158414126992,0.0262376973677649,0.0607571115740302));
#2492=CARTESIAN_POINT('',(-0.0326235182402925,0.0346336465033513,0.0544559560793396));
#2493=CARTESIAN_POINT('',(-0.0365000723453613,0.0346336576653107,0.0611703469450842));
#2494=CARTESIAN_POINT('',(-0.0314970275314982,0.05145899001956,0.0551063076100778));
#2495=CARTESIAN_POINT('',(-0.035373581636567,0.0514590011815194,0.0618206984758223));
#2496=CARTESIAN_POINT('',(-0.0305533653409041,0.07674780641281,0.0556510890115278));
#2497=CARTESIAN_POINT('',(-0.0344299194459729,0.0767478175747695,0.0623654798772724));
#2498=CARTESIAN_POINT('',(-0.0301553461761554,0.102053807592723,0.0558808433396584));
#2499=CARTESIAN_POINT('',(-0.0340319002812242,0.102053818754682,0.062595234205403));
#2500=CARTESIAN_POINT('',(-0.0297217614990738,0.118919321718758,0.0561311454506123));
#2501=CARTESIAN_POINT('',(-0.0335983156041426,0.118919332880717,0.0628455363163568));
#2502=CARTESIAN_POINT('',(-0.0294805948662302,0.127351171347282,0.056270369008369));
#2503=CARTESIAN_POINT('',(-0.0333571489712989,0.127351182509241,0.0629847598741135));
#2504=CARTESIAN_POINT('',(-0.0349160336645363,0.0262376973010465,0.0567737276934752));
#2505=CARTESIAN_POINT('',(-0.0315895780044384,0.126747697301026,0.0598834721422018));
#2506=CARTESIAN_POINT('',(-0.0308999843268813,0.126747697301026,0.0586890605957014));
#2507=CARTESIAN_POINT('',(-0.0302103906493236,0.126747697301047,0.0574946490492012));
#2508=CARTESIAN_POINT('',(-0.0295207969717665,0.126747697301047,0.0563002375027008));
#2509=CARTESIAN_POINT('',(0.00553099033206754,0.0262376973010471,0.0425298378142101));
#2510=CARTESIAN_POINT('',(0.0299967364593909,0.126747697301047,0.0464192724641123));
#2511=CARTESIAN_POINT('',(0.0151775842532516,0.126747697301047,0.0515911429309219));
#2512=CARTESIAN_POINT('',(0.0175347372675389,0.126747697301047,0.0515911429309222));
#2513=CARTESIAN_POINT('',(0.0151775842532516,0.126747697301047,0.0515911429309219));
#2514=CARTESIAN_POINT('',(0.0175347372675376,0.222759697301047,0.0515911429309226));
#2515=CARTESIAN_POINT('',(0.0151775842532503,0.222759697301047,0.0515911429309223));
#2516=CARTESIAN_POINT('',(-0.0375022388611909,0.222759697301046,0.0515911429309223));
#2517=CARTESIAN_POINT('',(-0.0347592990662331,0.222759697301046,0.0366109389416834));
#2518=CARTESIAN_POINT('',(-0.0347592990662318,0.126747697301047,0.036610938941683));
#2519=CARTESIAN_POINT('',(-0.0388737087586699,0.222759697301046,0.0515911429309223));
#2520=CARTESIAN_POINT('',(-0.0388737087586685,0.126747697301046,0.0515911429309219));
#2521=CARTESIAN_POINT('',(-0.0347592990662331,0.222759697301046,0.0665713469201612));
#2522=CARTESIAN_POINT('',(-0.0347592990662318,0.126747697301046,0.0665713469201608));
#2523=CARTESIAN_POINT('',(-0.0230424515673795,0.222759697301046,0.0792709506479258));
#2524=CARTESIAN_POINT('',(-0.0230424515673782,0.126747697301046,0.0792709506479254));
#2525=CARTESIAN_POINT('',(-0.00550695008032249,0.222759697301047,0.0877565545688584));
#2526=CARTESIAN_POINT('',(-0.00550695008032117,0.126747697301047,0.087756554568858));
#2527=CARTESIAN_POINT('',(0.0151775842532502,0.222759697301047,0.0907363024081881));
#2528=CARTESIAN_POINT('',(0.0151775842532516,0.126747697301047,0.0907363024081877));
#2529=CARTESIAN_POINT('',(0.0358621185868231,0.222759697301047,0.0877565545688584));
#2530=CARTESIAN_POINT('',(0.0358621185868244,0.126747697301047,0.087756554568858));
#2531=CARTESIAN_POINT('',(0.0533976200738801,0.222759697301047,0.0792709506479257));
#2532=CARTESIAN_POINT('',(0.0533976200738814,0.126747697301048,0.0792709506479253));
#2533=CARTESIAN_POINT('',(0.0651144675727335,0.222759697301048,0.0665713469201613));
#2534=CARTESIAN_POINT('',(0.0651144675727349,0.126747697301048,0.0665713469201609));
#2535=CARTESIAN_POINT('',(0.0692288772651704,0.222759697301048,0.0515911429309222));
#2536=CARTESIAN_POINT('',(0.0692288772651717,0.126747697301048,0.0515911429309219));
#2537=CARTESIAN_POINT('',(0.0651144675727337,0.222759697301048,0.0366109389416835));
#2538=CARTESIAN_POINT('',(0.065114467572735,0.126747697301048,0.0366109389416831));
#2539=CARTESIAN_POINT('',(0.0533976200738799,0.222759697301048,0.0239113352139188));
#2540=CARTESIAN_POINT('',(0.0533976200738812,0.126747697301048,0.0239113352139184));
#2541=CARTESIAN_POINT('',(0.0358621185868232,0.222759697301047,0.0154257312929863));
#2542=CARTESIAN_POINT('',(0.0358621185868245,0.126747697301048,0.0154257312929859));
#2543=CARTESIAN_POINT('',(0.01517758425325,0.222759697301047,0.0124459834536565));
#2544=CARTESIAN_POINT('',(0.0151775842532514,0.126747697301047,0.0124459834536561));
#2545=CARTESIAN_POINT('',(-0.00550695008032238,0.222759697301047,0.0154257312929862));
#2546=CARTESIAN_POINT('',(-0.00550695008032106,0.126747697301047,0.0154257312929859));
#2547=CARTESIAN_POINT('',(-0.0230424515673794,0.222759697301047,0.0239113352139187));
#2548=CARTESIAN_POINT('',(-0.0230424515673781,0.126747697301047,0.0239113352139184));
#2549=CARTESIAN_POINT('',(-0.0347592990662331,0.222759697301046,0.0366109389416834));
#2550=CARTESIAN_POINT('',(-0.0347592990662318,0.126747697301047,0.036610938941683));
#2551=CARTESIAN_POINT('',(-0.0388737087586699,0.222759697301046,0.0515911429309223));
#2552=CARTESIAN_POINT('',(-0.0388737087586685,0.126747697301046,0.0515911429309219));
#2553=CARTESIAN_POINT('',(-0.0347592990662331,0.222759697301046,0.0665713469201612));
#2554=CARTESIAN_POINT('',(-0.0347592990662318,0.126747697301046,0.0665713469201608));
#2555=CARTESIAN_POINT('',(0.0151775842532516,0.126747697301047,0.0515911429309219));
#2556=CARTESIAN_POINT('',(0.0175347372675389,0.126747697301047,0.0515911429309222));
#2557=CARTESIAN_POINT('',(0.0175347372675389,0.126747697301047,0.0515911429309222));
#2558=CARTESIAN_POINT('',(0.,0.,0.));
#2559=CARTESIAN_POINT('',(0.0464292806143204,0.299237697301048,0.0633450379129691));
#2560=CARTESIAN_POINT('',(0.0464292806143208,0.273837697301048,0.063345037912969));
#2561=CARTESIAN_POINT('',(0.0496127711603574,0.299237697301048,0.0515800579815891));
#2562=CARTESIAN_POINT('',(0.0496127711603577,0.273837697301048,0.051580057981589));
#2563=CARTESIAN_POINT('',(0.0464292806143204,0.299237697301048,0.0398150780502091));
#2564=CARTESIAN_POINT('',(0.0464292806143207,0.273837697301048,0.039815078050209));
#2565=CARTESIAN_POINT('',(0.0373634665534299,0.299237697301048,0.0298412096635731));
#2566=CARTESIAN_POINT('',(0.0373634665534303,0.273837697301048,0.029841209663573));
#2567=CARTESIAN_POINT('',(0.0237955169866474,0.299237697301047,0.0231768838702042));
#2568=CARTESIAN_POINT('',(0.0237955169866478,0.273837697301047,0.0231768838702041));
#2569=CARTESIAN_POINT('',(0.00779102924174653,0.299237697301047,0.0208366838598793));
#2570=CARTESIAN_POINT('',(0.00779102924174687,0.273837697301047,0.0208366838598792));
#2571=CARTESIAN_POINT('',(-0.00821345850315446,0.299237697301047,0.0231768838702042));
#2572=CARTESIAN_POINT('',(-0.00821345850315411,0.273837697301047,0.0231768838702041));
#2573=CARTESIAN_POINT('',(-0.021781408069937,0.299237697301047,0.0298412096635731));
#2574=CARTESIAN_POINT('',(-0.0217814080699366,0.273837697301047,0.029841209663573));
#2575=CARTESIAN_POINT('',(-0.0308472221308273,0.299237697301047,0.039815078050209));
#2576=CARTESIAN_POINT('',(-0.030847222130827,0.273837697301047,0.0398150780502089));
#2577=CARTESIAN_POINT('',(-0.0340307126768643,0.299237697301046,0.0515800579815891));
#2578=CARTESIAN_POINT('',(-0.034030712676864,0.273837697301046,0.051580057981589));
#2579=CARTESIAN_POINT('',(-0.0308472221308274,0.299237697301047,0.063345037912969));
#2580=CARTESIAN_POINT('',(-0.0308472221308271,0.273837697301047,0.0633450379129689));
#2581=CARTESIAN_POINT('',(-0.0217814080699369,0.299237697301046,0.0733189062996051));
#2582=CARTESIAN_POINT('',(-0.0217814080699365,0.273837697301046,0.0733189062996051));
#2583=CARTESIAN_POINT('',(-0.00821345850315457,0.299237697301047,0.0799832320929739));
#2584=CARTESIAN_POINT('',(-0.00821345850315422,0.273837697301047,0.0799832320929739));
#2585=CARTESIAN_POINT('',(0.00779102924174667,0.299237697301047,0.0823234321032989));
#2586=CARTESIAN_POINT('',(0.00779102924174701,0.273837697301047,0.0823234321032988));
#2587=CARTESIAN_POINT('',(0.0237955169866474,0.299237697301047,0.079983232092974));
#2588=CARTESIAN_POINT('',(0.0237955169866477,0.273837697301047,0.0799832320929739));
#2589=CARTESIAN_POINT('',(0.0373634665534298,0.299237697301047,0.0733189062996052));
#2590=CARTESIAN_POINT('',(0.0373634665534302,0.273837697301047,0.0733189062996051));
#2591=CARTESIAN_POINT('',(0.0464292806143204,0.299237697301048,0.0633450379129691));
#2592=CARTESIAN_POINT('',(0.0464292806143208,0.273837697301048,0.063345037912969));
#2593=CARTESIAN_POINT('',(0.0496127711603574,0.299237697301048,0.0515800579815891));
#2594=CARTESIAN_POINT('',(0.0496127711603577,0.273837697301048,0.051580057981589));
#2595=CARTESIAN_POINT('',(0.0464292806143204,0.299237697301048,0.0398150780502091));
#2596=CARTESIAN_POINT('',(0.0464292806143207,0.273837697301048,0.039815078050209));
#2597=CARTESIAN_POINT('',(0.00779102924174651,0.299237697301047,0.0515800579815891));
#2598=CARTESIAN_POINT('',(0.0485516076450117,0.299237697301048,0.0515800579815891));
#2599=CARTESIAN_POINT('',(0.00779102924174686,0.273837697301047,0.051580057981589));
#2600=CARTESIAN_POINT('',(0.0485516076450121,0.273837697301048,0.051580057981589));
#2601=CARTESIAN_POINT('',(0.00779102924174651,0.299237697301047,0.0515800579815891));
#2602=CARTESIAN_POINT('',(0.00779102924174685,0.273837697301047,0.051580057981589));
#2603=MECHANICAL_DESIGN_GEOMETRIC_PRESENTATION_REPRESENTATION('',(#642),
#2606);
#2604=MECHANICAL_DESIGN_GEOMETRIC_PRESENTATION_REPRESENTATION('',(#643),
#2607);
#2605=MECHANICAL_DESIGN_GEOMETRIC_PRESENTATION_REPRESENTATION('',(#644),
#2608);
#2606=(
GEOMETRIC_REPRESENTATION_CONTEXT(3)
GLOBAL_UNCERTAINTY_ASSIGNED_CONTEXT((#2609))
GLOBAL_UNIT_ASSIGNED_CONTEXT((#2618,#2615,#2612))
REPRESENTATION_CONTEXT('Rotawrist1V1','TOP_LEVEL_ASSEMBLY_PART')
);
#2607=(
GEOMETRIC_REPRESENTATION_CONTEXT(3)
GLOBAL_UNCERTAINTY_ASSIGNED_CONTEXT((#2610))
GLOBAL_UNIT_ASSIGNED_CONTEXT((#2619,#2616,#2613))
REPRESENTATION_CONTEXT('Forearm 1','TOP_LEVEL_ASSEMBLY_PART')
);
#2608=(
GEOMETRIC_REPRESENTATION_CONTEXT(3)
GLOBAL_UNCERTAINTY_ASSIGNED_CONTEXT((#2611))
GLOBAL_UNIT_ASSIGNED_CONTEXT((#2620,#2617,#2614))
REPRESENTATION_CONTEXT('Part 3','TOP_LEVEL_ASSEMBLY_PART')
);
#2609=UNCERTAINTY_MEASURE_WITH_UNIT(LENGTH_MEASURE(4.32988053933464E-5),
#2618,'DISTANCE_ACCURACY_VALUE','Maximum Tolerance applied to model');
#2610=UNCERTAINTY_MEASURE_WITH_UNIT(LENGTH_MEASURE(3.1267732657898E-5),
#2619,'DISTANCE_ACCURACY_VALUE','Maximum Tolerance applied to model');
#2611=UNCERTAINTY_MEASURE_WITH_UNIT(LENGTH_MEASURE(2.E-5),#2620,
'DISTANCE_ACCURACY_VALUE','Maximum Tolerance applied to model');
#2612=(
NAMED_UNIT(*)
SI_UNIT($,.STERADIAN.)
SOLID_ANGLE_UNIT()
);
#2613=(
NAMED_UNIT(*)
SI_UNIT($,.STERADIAN.)
SOLID_ANGLE_UNIT()
);
#2614=(
NAMED_UNIT(*)
SI_UNIT($,.STERADIAN.)
SOLID_ANGLE_UNIT()
);
#2615=(
NAMED_UNIT(*)
PLANE_ANGLE_UNIT()
SI_UNIT($,.RADIAN.)
);
#2616=(
NAMED_UNIT(*)
PLANE_ANGLE_UNIT()
SI_UNIT($,.RADIAN.)
);
#2617=(
NAMED_UNIT(*)
PLANE_ANGLE_UNIT()
SI_UNIT($,.RADIAN.)
);
#2618=(
LENGTH_UNIT()
NAMED_UNIT(*)
SI_UNIT($,.METRE.)
);
#2619=(
LENGTH_UNIT()
NAMED_UNIT(*)
SI_UNIT($,.METRE.)
);
#2620=(
LENGTH_UNIT()
NAMED_UNIT(*)
SI_UNIT($,.METRE.)
);
#2621=PRODUCT_DEFINITION_SHAPE('','',#2624);
#2622=PRODUCT_DEFINITION_SHAPE('','',#2625);
#2623=PRODUCT_DEFINITION_SHAPE('','',#2626);
#2624=PRODUCT_DEFINITION('','',#2630,#2627);
#2625=PRODUCT_DEFINITION('','',#2631,#2628);
#2626=PRODUCT_DEFINITION('','',#2632,#2629);
#2627=PRODUCT_DEFINITION_CONTEXT('',#2648,'design');
#2628=PRODUCT_DEFINITION_CONTEXT('',#2649,'design');
#2629=PRODUCT_DEFINITION_CONTEXT('',#2650,'design');
#2630=PRODUCT_DEFINITION_FORMATION_WITH_SPECIFIED_SOURCE('','',#2636,
 .NOT_KNOWN.);
#2631=PRODUCT_DEFINITION_FORMATION_WITH_SPECIFIED_SOURCE('','',#2637,
 .NOT_KNOWN.);
#2632=PRODUCT_DEFINITION_FORMATION_WITH_SPECIFIED_SOURCE('','',#2638,
 .NOT_KNOWN.);
#2633=PRODUCT_RELATED_PRODUCT_CATEGORY('','',(#2636));
#2634=PRODUCT_RELATED_PRODUCT_CATEGORY('','',(#2637));
#2635=PRODUCT_RELATED_PRODUCT_CATEGORY('','',(#2638));
#2636=PRODUCT('Rotawrist1V1','Rotawrist1V1','Rotawrist1V1',(#2642));
#2637=PRODUCT('Forearm 1','Forearm 1','Forearm 1',(#2643));
#2638=PRODUCT('Part 3','Part 3','Part 3',(#2644));
#2639=PRODUCT_CATEGORY('','');
#2640=PRODUCT_CATEGORY('','');
#2641=PRODUCT_CATEGORY('','');
#2642=PRODUCT_CONTEXT('',#2648,'mechanical');
#2643=PRODUCT_CONTEXT('',#2649,'mechanical');
#2644=PRODUCT_CONTEXT('',#2650,'mechanical');
#2645=APPLICATION_PROTOCOL_DEFINITION('international standard',
'ap242_managed_model_based_3d_engineering',2011,#2648);
#2646=APPLICATION_PROTOCOL_DEFINITION('international standard',
'ap242_managed_model_based_3d_engineering',2011,#2649);
#2647=APPLICATION_PROTOCOL_DEFINITION('international standard',
'ap242_managed_model_based_3d_engineering',2011,#2650);
#2648=APPLICATION_CONTEXT('managed model based 3d engineering');
#2649=APPLICATION_CONTEXT('managed model based 3d engineering');
#2650=APPLICATION_CONTEXT('managed model based 3d engineering');
ENDSEC;
END-ISO-10303-21;
