ISO-10303-21;
HEADER;
/* Generated by software containing ST-Developer
 * from STEP Tools, Inc. (www.steptools.com) 
 */
/* OPTION: using custom renumber hook */

FILE_DESCRIPTION(
/* description */ ('STEP AP242',
'CAx-IF Rec.Pracs.---Representation and Presentation of Product Manufa
cturing Information (PMI)---4.0---2014-10-13',
'CAx-IF Rec.Pracs.---3D Tessellated Geometry---0.4---2014-09-14','2;1'),

/* implementation_level */ '2;1');

FILE_NAME(
/* name */ '680aaff21b6950071c5614af',
/* time_stamp */ '2025-04-24T21:41:07Z',
/* author */ (''),
/* organization */ (''),
/* preprocessor_version */ 'ST-DEVELOPER v20',
/* originating_system */ 'ONSHAPE BY PTC INC, 1.196',
/* authorisation */ '  ');

FILE_SCHEMA (('AP242_MANAGED_MODEL_BASED_3D_ENGINEERING_MIM_LF { 1 0 10303 442 1 1 4 }'));
ENDSEC;

DATA;
#10=SHAPE_REPRESENTATION_RELATIONSHIP('','',#3520,#11);
#11=ADVANCED_BREP_SHAPE_REPRESENTATION('',(#3518),#6462);
#12=CONICAL_SURFACE('',#3693,0.001699988187164,0.785393471053051);
#13=CONICAL_SURFACE('',#3696,0.0031999956358,0.785397262531792);
#14=CONICAL_SURFACE('',#3791,0.0007499922194234,0.785387420391851);
#15=(
BOUNDED_SURFACE()
B_SPLINE_SURFACE(3,3,((#5006,#5007,#5008,#5009,#5010,#5011,#5012,#5013),
(#5014,#5015,#5016,#5017,#5018,#5019,#5020,#5021),(#5022,#5023,#5024,#5025,
#5026,#5027,#5028,#5029),(#5030,#5031,#5032,#5033,#5034,#5035,#5036,#5037)),
 .UNSPECIFIED.,.F.,.F.,.F.)
B_SPLINE_SURFACE_WITH_KNOTS((4,4),(4,1,1,1,1,4),(0.131714444187398,0.868073283644014),
(0.0922772317533379,0.198801205251,0.3991847262333,0.6003402944466,0.8008969654903,
0.936492362024846),.UNSPECIFIED.)
GEOMETRIC_REPRESENTATION_ITEM()
RATIONAL_B_SPLINE_SURFACE(((1.06077349102125,1.06077349102125,1.06077349102125,
1.06077349102125,1.06077349102125,1.06077349102125,1.06077349102125,1.06077349102125),
(0.97976552204751,0.979765522047511,0.979765522047511,0.979765522047511,
0.979765522047511,0.979765522047511,0.979765522047511,0.979765522047511),
(0.979742176389534,0.979742176389534,0.979742176389534,0.979742176389534,
0.979742176389534,0.979742176389534,0.979742176389534,0.979742176389534),
(1.06070345404732,1.06070345404732,1.06070345404732,1.06070345404732,1.06070345404732,
1.06070345404732,1.06070345404732,1.06070345404732)))
REPRESENTATION_ITEM('')
SURFACE()
);
#16=(
BOUNDED_SURFACE()
B_SPLINE_SURFACE(3,3,((#5169,#5170,#5171,#5172,#5173,#5174,#5175),(#5176,
#5177,#5178,#5179,#5180,#5181,#5182),(#5183,#5184,#5185,#5186,#5187,#5188,
#5189),(#5190,#5191,#5192,#5193,#5194,#5195,#5196)),.UNSPECIFIED.,.F.,.F.,
 .F.)
B_SPLINE_SURFACE_WITH_KNOTS((4,4),(4,1,1,1,4),(0.132763812924757,0.867322376430177),
(0.254514739399579,0.2941340497785,0.5524911014266,0.7841404482969,0.953969319064001),
 .UNSPECIFIED.)
GEOMETRIC_REPRESENTATION_ITEM()
RATIONAL_B_SPLINE_SURFACE(((1.05949590050348,1.05949590050348,1.05949590050348,
1.05949590050348,1.05949590050348,1.05949590050348,1.05949590050348),(0.980158724146123,
0.980158724146123,0.980158724146123,0.980158724146123,0.980158724146123,
0.980158724146123,0.980158724146123),(0.980168034258107,0.980168034258107,
0.980168034258107,0.980168034258107,0.980168034258107,0.980168034258107,
0.980168034258107),(1.05952383083943,1.05952383083943,1.05952383083943,
1.05952383083943,1.05952383083943,1.05952383083943,1.05952383083943)))
REPRESENTATION_ITEM('')
SURFACE()
);
#17=(
BOUNDED_SURFACE()
B_SPLINE_SURFACE(3,3,((#5231,#5232,#5233,#5234,#5235,#5236,#5237,#5238),
(#5239,#5240,#5241,#5242,#5243,#5244,#5245,#5246),(#5247,#5248,#5249,#5250,
#5251,#5252,#5253,#5254),(#5255,#5256,#5257,#5258,#5259,#5260,#5261,#5262)),
 .UNSPECIFIED.,.F.,.F.,.F.)
B_SPLINE_SURFACE_WITH_KNOTS((4,4),(4,1,1,1,1,4),(0.131714444189562,0.868073283646622),
(0.0922772317471502,0.198801205251,0.3991847262333,0.6003402944466,0.8008969654903,
0.936492362027558),.UNSPECIFIED.)
GEOMETRIC_REPRESENTATION_ITEM()
RATIONAL_B_SPLINE_SURFACE(((1.06077349102053,1.06077349102053,1.06077349102053,
1.06077349102053,1.06077349102053,1.06077349102053,1.06077349102053,1.06077349102053),
(0.979765522047223,0.979765522047223,0.979765522047223,0.979765522047223,
0.979765522047223,0.979765522047223,0.979765522047223,0.979765522047223),
(0.979742176389772,0.979742176389772,0.979742176389772,0.979742176389772,
0.979742176389772,0.979742176389772,0.979742176389772,0.979742176389772),
(1.06070345404818,1.06070345404818,1.06070345404818,1.06070345404818,1.06070345404818,
1.06070345404818,1.06070345404818,1.06070345404818)))
REPRESENTATION_ITEM('')
SURFACE()
);
#18=(
BOUNDED_SURFACE()
B_SPLINE_SURFACE(3,3,((#5281,#5282,#5283,#5284,#5285,#5286,#5287),(#5288,
#5289,#5290,#5291,#5292,#5293,#5294),(#5295,#5296,#5297,#5298,#5299,#5300,
#5301),(#5302,#5303,#5304,#5305,#5306,#5307,#5308)),.UNSPECIFIED.,.F.,.F.,
 .F.)
B_SPLINE_SURFACE_WITH_KNOTS((4,4),(4,1,1,1,4),(0.132762946071348,0.867374135974269),
(0.044874359776625,0.2199380895937,0.4522991193763,0.709300979109,0.794466252439935),
 .UNSPECIFIED.)
GEOMETRIC_REPRESENTATION_ITEM()
RATIONAL_B_SPLINE_SURFACE(((1.05949505529168,1.05949505529168,1.05949505529168,
1.05949505529168,1.05949505529168,1.05949505529168,1.05949505529168),(0.98015350938185,
0.98015350938185,0.980153509381849,0.980153509381849,0.980153509381849,
0.980153509381849,0.980153509381849),(0.980168317666171,0.980168317666171,
0.980168317666171,0.980168317666171,0.980168317666171,0.980168317666171,
0.980168317666171),(1.05953948014465,1.05953948014465,1.05953948014465,
1.05953948014465,1.05953948014465,1.05953948014465,1.05953948014465)))
REPRESENTATION_ITEM('')
SURFACE()
);
#19=(
BOUNDED_SURFACE()
B_SPLINE_SURFACE(3,3,((#5318,#5319,#5320,#5321,#5322,#5323,#5324),(#5325,
#5326,#5327,#5328,#5329,#5330,#5331),(#5332,#5333,#5334,#5335,#5336,#5337,
#5338),(#5339,#5340,#5341,#5342,#5343,#5344,#5345)),.UNSPECIFIED.,.F.,.F.,
 .F.)
B_SPLINE_SURFACE_WITH_KNOTS((4,4),(4,1,1,1,4),(0.132763812930796,0.867322376426118),
(0.254514739399459,0.2941340497786,0.5524911014267,0.7841404482969,0.953969319069133),
 .UNSPECIFIED.)
GEOMETRIC_REPRESENTATION_ITEM()
RATIONAL_B_SPLINE_SURFACE(((1.05949590050153,1.05949590050153,1.05949590050153,
1.05949590050153,1.05949590050153,1.05949590050153,1.05949590050153),(0.980158724146561,
0.980158724146561,0.980158724146561,0.980158724146561,0.980158724146561,
0.980158724146561,0.980158724146561),(0.980168034258759,0.980168034258759,
0.980168034258759,0.980168034258759,0.980168034258759,0.980168034258759,
0.980168034258759),(1.05952383083812,1.05952383083812,1.05952383083812,
1.05952383083812,1.05952383083812,1.05952383083812,1.05952383083812)))
REPRESENTATION_ITEM('')
SURFACE()
);
#20=(
BOUNDED_SURFACE()
B_SPLINE_SURFACE(3,3,((#5376,#5377,#5378,#5379,#5380,#5381,#5382,#5383),
(#5384,#5385,#5386,#5387,#5388,#5389,#5390,#5391),(#5392,#5393,#5394,#5395,
#5396,#5397,#5398,#5399),(#5400,#5401,#5402,#5403,#5404,#5405,#5406,#5407)),
 .UNSPECIFIED.,.F.,.F.,.F.)
B_SPLINE_SURFACE_WITH_KNOTS((4,4),(4,1,1,1,1,4),(0.131714444187419,0.868073283644013),
(0.0922772317533353,0.198801205251,0.3991847262333,0.6003402944466,0.8008969654903,
0.936492362024848),.UNSPECIFIED.)
GEOMETRIC_REPRESENTATION_ITEM()
RATIONAL_B_SPLINE_SURFACE(((1.06077349102124,1.06077349102124,1.06077349102124,
1.06077349102124,1.06077349102124,1.06077349102124,1.06077349102124,1.06077349102124),
(0.979765522047511,0.979765522047511,0.979765522047511,0.979765522047511,
0.979765522047511,0.979765522047511,0.979765522047511,0.979765522047511),
(0.979742176389537,0.979742176389537,0.979742176389537,0.979742176389537,
0.979742176389537,0.979742176389537,0.979742176389537,0.979742176389537),
(1.06070345404732,1.06070345404732,1.06070345404732,1.06070345404732,1.06070345404732,
1.06070345404732,1.06070345404732,1.06070345404732)))
REPRESENTATION_ITEM('')
SURFACE()
);
#21=(
BOUNDED_SURFACE()
B_SPLINE_SURFACE(3,3,((#5426,#5427,#5428,#5429,#5430,#5431,#5432),(#5433,
#5434,#5435,#5436,#5437,#5438,#5439),(#5440,#5441,#5442,#5443,#5444,#5445,
#5446),(#5447,#5448,#5449,#5450,#5451,#5452,#5453)),.UNSPECIFIED.,.F.,.F.,
 .F.)
B_SPLINE_SURFACE_WITH_KNOTS((4,4),(4,1,1,1,4),(0.132762946063241,0.867374135973445),
(0.0448743597790738,0.2199380895938,0.4522991193764,0.7093009791091,0.794466252442879),
 .UNSPECIFIED.)
GEOMETRIC_REPRESENTATION_ITEM()
RATIONAL_B_SPLINE_SURFACE(((1.05949505529431,1.05949505529431,1.05949505529431,
1.05949505529431,1.05949505529431,1.05949505529431,1.05949505529431),(0.980153509381938,
0.980153509381938,0.980153509381938,0.980153509381938,0.980153509381938,
0.980153509381938,0.980153509381938),(0.980168317665294,0.980168317665295,
0.980168317665295,0.980168317665295,0.980168317665295,0.980168317665295,
0.980168317665295),(1.05953948014438,1.05953948014438,1.05953948014438,
1.05953948014438,1.05953948014438,1.05953948014438,1.05953948014438)))
REPRESENTATION_ITEM('')
SURFACE()
);
#22=(
BOUNDED_SURFACE()
B_SPLINE_SURFACE(3,3,((#5463,#5464,#5465,#5466,#5467,#5468,#5469),(#5470,
#5471,#5472,#5473,#5474,#5475,#5476),(#5477,#5478,#5479,#5480,#5481,#5482,
#5483),(#5484,#5485,#5486,#5487,#5488,#5489,#5490)),.UNSPECIFIED.,.F.,.F.,
 .F.)
B_SPLINE_SURFACE_WITH_KNOTS((4,4),(4,1,1,1,4),(0.13276381292476,0.86732237643009),
(0.25451473939963,0.2941340497786,0.5524911014267,0.7841404482969,0.953969319064002),
 .UNSPECIFIED.)
GEOMETRIC_REPRESENTATION_ITEM()
RATIONAL_B_SPLINE_SURFACE(((1.05949590050348,1.05949590050348,1.05949590050348,
1.05949590050348,1.05949590050348,1.05949590050348,1.05949590050348),(0.980158724146132,
0.980158724146132,0.980158724146132,0.980158724146132,0.980158724146132,
0.980158724146132,0.980158724146132),(0.980168034258107,0.980168034258107,
0.980168034258107,0.980168034258107,0.980168034258107,0.980168034258107,
0.980168034258107),(1.05952383083941,1.05952383083941,1.05952383083941,
1.05952383083941,1.05952383083941,1.05952383083941,1.05952383083941)))
REPRESENTATION_ITEM('')
SURFACE()
);
#23=(
BOUNDED_SURFACE()
B_SPLINE_SURFACE(3,3,((#5521,#5522,#5523,#5524,#5525,#5526,#5527,#5528),
(#5529,#5530,#5531,#5532,#5533,#5534,#5535,#5536),(#5537,#5538,#5539,#5540,
#5541,#5542,#5543,#5544),(#5545,#5546,#5547,#5548,#5549,#5550,#5551,#5552)),
 .UNSPECIFIED.,.F.,.F.,.F.)
B_SPLINE_SURFACE_WITH_KNOTS((4,4),(4,1,1,1,1,4),(0.131714444189684,0.868073283623546),
(0.0922772317471529,0.198801205251,0.3991847262333,0.6003402944466,0.8008969654903,
0.936492362027542),.UNSPECIFIED.)
GEOMETRIC_REPRESENTATION_ITEM()
RATIONAL_B_SPLINE_SURFACE(((1.06077349102049,1.06077349102049,1.06077349102049,
1.06077349102049,1.06077349102049,1.06077349102049,1.06077349102049,1.06077349102049),
(0.979765522049762,0.979765522049762,0.979765522049762,0.979765522049762,
0.979765522049762,0.979765522049762,0.979765522049762,0.979765522049762),
(0.979742176389787,0.979742176389787,0.979742176389787,0.979742176389787,
0.979742176389787,0.979742176389787,0.979742176389787,0.979742176389787),
(1.06070345404057,1.06070345404057,1.06070345404057,1.06070345404057,1.06070345404057,
1.06070345404057,1.06070345404057,1.06070345404057)))
REPRESENTATION_ITEM('')
SURFACE()
);
#24=(
BOUNDED_SURFACE()
B_SPLINE_SURFACE(3,3,((#5571,#5572,#5573,#5574,#5575,#5576,#5577),(#5578,
#5579,#5580,#5581,#5582,#5583,#5584),(#5585,#5586,#5587,#5588,#5589,#5590,
#5591),(#5592,#5593,#5594,#5595,#5596,#5597,#5598)),.UNSPECIFIED.,.F.,.F.,
 .F.)
B_SPLINE_SURFACE_WITH_KNOTS((4,4),(4,1,1,1,4),(0.132762946070795,0.86737413597429),
(0.0448743597766286,0.2199380895938,0.4522991193763,0.709300979109,0.794466252440237),
 .UNSPECIFIED.)
GEOMETRIC_REPRESENTATION_ITEM()
RATIONAL_B_SPLINE_SURFACE(((1.05949505529186,1.05949505529186,1.05949505529186,
1.05949505529186,1.05949505529186,1.05949505529186,1.05949505529186),(0.980153509381847,
0.980153509381847,0.980153509381847,0.980153509381847,0.980153509381847,
0.980153509381847,0.980153509381847),(0.980168317666111,0.980168317666111,
0.980168317666111,0.980168317666111,0.980168317666111,0.980168317666111,
0.980168317666111),(1.05953948014465,1.05953948014465,1.05953948014465,
1.05953948014465,1.05953948014465,1.05953948014465,1.05953948014465)))
REPRESENTATION_ITEM('')
SURFACE()
);
#25=(
BOUNDED_SURFACE()
B_SPLINE_SURFACE(3,3,((#5608,#5609,#5610,#5611,#5612,#5613,#5614),(#5615,
#5616,#5617,#5618,#5619,#5620,#5621),(#5622,#5623,#5624,#5625,#5626,#5627,
#5628),(#5629,#5630,#5631,#5632,#5633,#5634,#5635)),.UNSPECIFIED.,.F.,.F.,
 .F.)
B_SPLINE_SURFACE_WITH_KNOTS((4,4),(4,1,1,1,4),(0.132763812930775,0.8673223764261),
(0.25451473939945,0.2941340497786,0.5524911014267,0.7841404482969,0.953969319069133),
 .UNSPECIFIED.)
GEOMETRIC_REPRESENTATION_ITEM()
RATIONAL_B_SPLINE_SURFACE(((1.05949590050153,1.05949590050153,1.05949590050153,
1.05949590050153,1.05949590050153,1.05949590050153,1.05949590050153),(0.980158724146564,
0.980158724146564,0.980158724146564,0.980158724146564,0.980158724146564,
0.980158724146564,0.980158724146564),(0.980168034258757,0.980168034258757,
0.980168034258757,0.980168034258757,0.980168034258757,0.980168034258757,
0.980168034258757),(1.05952383083811,1.05952383083811,1.05952383083811,
1.05952383083811,1.05952383083811,1.05952383083811,1.05952383083811)))
REPRESENTATION_ITEM('')
SURFACE()
);
#26=(
BOUNDED_SURFACE()
B_SPLINE_SURFACE(3,3,((#5656,#5657,#5658,#5659,#5660,#5661,#5662),(#5663,
#5664,#5665,#5666,#5667,#5668,#5669),(#5670,#5671,#5672,#5673,#5674,#5675,
#5676),(#5677,#5678,#5679,#5680,#5681,#5682,#5683)),.UNSPECIFIED.,.F.,.F.,
 .F.)
B_SPLINE_SURFACE_WITH_KNOTS((4,4),(4,1,1,1,4),(0.132762946063245,0.867374135973345),
(0.0448743597790226,0.2199380895938,0.4522991193763,0.7093009791091,0.79446625244288),
 .UNSPECIFIED.)
GEOMETRIC_REPRESENTATION_ITEM()
RATIONAL_B_SPLINE_SURFACE(((1.05949505529431,1.05949505529431,1.05949505529431,
1.05949505529431,1.05949505529431,1.05949505529431,1.05949505529431),(0.980153509381949,
0.980153509381949,0.980153509381949,0.980153509381949,0.980153509381949,
0.980153509381949,0.980153509381949),(0.980168317665295,0.980168317665295,
0.980168317665295,0.980168317665295,0.980168317665295,0.980168317665295,
0.980168317665295),(1.05953948014435,1.05953948014435,1.05953948014435,
1.05953948014435,1.05953948014435,1.05953948014435,1.05953948014435)))
REPRESENTATION_ITEM('')
SURFACE()
);
#27=(
BOUNDED_SURFACE()
B_SPLINE_SURFACE(3,3,((#5705,#5706,#5707,#5708,#5709,#5710,#5711,#5712,
#5713),(#5714,#5715,#5716,#5717,#5718,#5719,#5720,#5721,#5722),(#5723,#5724,
#5725,#5726,#5727,#5728,#5729,#5730,#5731),(#5732,#5733,#5734,#5735,#5736,
#5737,#5738,#5739,#5740)),.UNSPECIFIED.,.F.,.F.,.F.)
B_SPLINE_SURFACE_WITH_KNOTS((4,4),(4,1,1,1,1,1,4),(0.150435297122257,0.849401680258326),
(0.0699135639163801,0.1836197576617,0.3464439382046,0.4949826433373,0.6451095330975,
0.8119113324167,0.897807278986737),.UNSPECIFIED.)
GEOMETRIC_REPRESENTATION_ITEM()
RATIONAL_B_SPLINE_SURFACE(((1.04055211142164,1.04055211142164,1.04055211142164,
1.04055211142164,1.04055211142164,1.04055211142164,1.04055211142164,1.04055211142164,
1.04055211142164),(0.986495237418974,0.986495237418974,0.986495237418974,
0.986495237418974,0.986495237418974,0.986495237418974,0.986495237418974,
0.986495237418974,0.986495237418974),(0.986482632466122,0.986482632466122,
0.986482632466122,0.986482632466122,0.986482632466122,0.986482632466122,
0.986482632466122,0.986482632466122,0.986482632466122),(1.04051429656308,
1.04051429656308,1.04051429656308,1.04051429656308,1.04051429656308,1.04051429656308,
1.04051429656308,1.04051429656308,1.04051429656308)))
REPRESENTATION_ITEM('')
SURFACE()
);
#28=(
BOUNDED_SURFACE()
B_SPLINE_SURFACE(3,3,((#5762,#5763,#5764,#5765,#5766,#5767,#5768,#5769,
#5770),(#5771,#5772,#5773,#5774,#5775,#5776,#5777,#5778,#5779),(#5780,#5781,
#5782,#5783,#5784,#5785,#5786,#5787,#5788),(#5789,#5790,#5791,#5792,#5793,
#5794,#5795,#5796,#5797)),.UNSPECIFIED.,.F.,.F.,.F.)
B_SPLINE_SURFACE_WITH_KNOTS((4,4),(4,1,1,1,1,1,4),(0.15043529712037,0.84940168025649),
(0.069913563911223,0.1836197576616,0.3464439382045,0.4949826433372,0.6451095330975,
0.8119113324167,0.897807278983269),.UNSPECIFIED.)
GEOMETRIC_REPRESENTATION_ITEM()
RATIONAL_B_SPLINE_SURFACE(((1.04055211142208,1.04055211142208,1.04055211142208,
1.04055211142208,1.04055211142208,1.04055211142208,1.04055211142208,1.04055211142208,
1.04055211142208),(0.986495237419116,0.986495237419116,0.986495237419116,
0.986495237419116,0.986495237419116,0.986495237419116,0.986495237419116,
0.986495237419116,0.986495237419116),(0.986482632465976,0.986482632465976,
0.986482632465976,0.986482632465976,0.986482632465976,0.986482632465976,
0.986482632465976,0.986482632465976,0.986482632465976),(1.04051429656266,
1.04051429656266,1.04051429656266,1.04051429656266,1.04051429656266,1.04051429656266,
1.04051429656266,1.04051429656266,1.04051429656266)))
REPRESENTATION_ITEM('')
SURFACE()
);
#29=(
BOUNDED_SURFACE()
B_SPLINE_SURFACE(3,3,((#5819,#5820,#5821,#5822,#5823,#5824,#5825,#5826,
#5827),(#5828,#5829,#5830,#5831,#5832,#5833,#5834,#5835,#5836),(#5837,#5838,
#5839,#5840,#5841,#5842,#5843,#5844,#5845),(#5846,#5847,#5848,#5849,#5850,
#5851,#5852,#5853,#5854)),.UNSPECIFIED.,.F.,.F.,.F.)
B_SPLINE_SURFACE_WITH_KNOTS((4,4),(4,1,1,1,1,1,4),(0.150435297122188,0.849401680258356),
(0.0699135639163905,0.1836197576617,0.3464439382046,0.4949826433373,0.6451095330975,
0.8119113324167,0.897807278986727),.UNSPECIFIED.)
GEOMETRIC_REPRESENTATION_ITEM()
RATIONAL_B_SPLINE_SURFACE(((1.04055211142165,1.04055211142165,1.04055211142165,
1.04055211142165,1.04055211142165,1.04055211142165,1.04055211142165,1.04055211142165,
1.04055211142165),(0.986495237418972,0.986495237418972,0.986495237418972,
0.986495237418972,0.986495237418972,0.986495237418972,0.986495237418972,
0.986495237418972,0.986495237418972),(0.986482632466116,0.986482632466116,
0.986482632466117,0.986482632466117,0.986482632466117,0.986482632466117,
0.986482632466117,0.986482632466117,0.986482632466117),(1.04051429656309,
1.04051429656309,1.04051429656309,1.04051429656309,1.04051429656309,1.04051429656309,
1.04051429656309,1.04051429656309,1.04051429656309)))
REPRESENTATION_ITEM('')
SURFACE()
);
#30=(
BOUNDED_SURFACE()
B_SPLINE_SURFACE(3,3,((#5876,#5877,#5878,#5879,#5880,#5881,#5882,#5883,
#5884),(#5885,#5886,#5887,#5888,#5889,#5890,#5891,#5892,#5893),(#5894,#5895,
#5896,#5897,#5898,#5899,#5900,#5901,#5902),(#5903,#5904,#5905,#5906,#5907,
#5908,#5909,#5910,#5911)),.UNSPECIFIED.,.F.,.F.,.F.)
B_SPLINE_SURFACE_WITH_KNOTS((4,4),(4,1,1,1,1,1,4),(0.150435297120472,0.849401680256489),
(0.0699135639112176,0.1836197576616,0.3464439382044,0.4949826433372,0.6451095330974,
0.8119113324167,0.897807278983248),.UNSPECIFIED.)
GEOMETRIC_REPRESENTATION_ITEM()
RATIONAL_B_SPLINE_SURFACE(((1.04055211142205,1.04055211142205,1.04055211142205,
1.04055211142205,1.04055211142205,1.04055211142205,1.04055211142205,1.04055211142205,
1.04055211142205),(0.986495237419117,0.986495237419117,0.986495237419117,
0.986495237419117,0.986495237419117,0.986495237419117,0.986495237419117,
0.986495237419117,0.986495237419117),(0.986482632465983,0.986482632465983,
0.986482632465983,0.986482632465983,0.986482632465983,0.986482632465983,
0.986482632465983,0.986482632465983,0.986482632465983),(1.04051429656265,
1.04051429656265,1.04051429656265,1.04051429656265,1.04051429656265,1.04051429656265,
1.04051429656265,1.04051429656265,1.04051429656265)))
REPRESENTATION_ITEM('')
SURFACE()
);
#31=B_SPLINE_CURVE_WITH_KNOTS('',3,(#4995,#4996,#4997,#4998),
 .UNSPECIFIED.,.F.,.F.,(4,4),(0.,1.),.UNSPECIFIED.);
#32=B_SPLINE_CURVE_WITH_KNOTS('',3,(#5002,#5003,#5004,#5005),
 .UNSPECIFIED.,.F.,.F.,(4,4),(0.,1.),.UNSPECIFIED.);
#33=B_SPLINE_CURVE_WITH_KNOTS('',3,(#5038,#5039,#5040,#5041),
 .UNSPECIFIED.,.F.,.F.,(4,4),(0.,1.),.UNSPECIFIED.);
#34=B_SPLINE_CURVE_WITH_KNOTS('',3,(#5043,#5044,#5045,#5046),
 .UNSPECIFIED.,.F.,.F.,(4,4),(0.,1.),.UNSPECIFIED.);
#35=B_SPLINE_CURVE_WITH_KNOTS('',3,(#5048,#5049,#5050,#5051,#5052,#5053,
#5054,#5055),.UNSPECIFIED.,.F.,.F.,(4,1,1,1,1,4),(0.,0.2,0.4,0.6,0.8,1.),
 .UNSPECIFIED.);
#36=B_SPLINE_CURVE_WITH_KNOTS('',3,(#5073,#5074,#5075,#5076),
 .UNSPECIFIED.,.F.,.F.,(4,4),(0.,1.),.UNSPECIFIED.);
#37=B_SPLINE_CURVE_WITH_KNOTS('',3,(#5139,#5140,#5141,#5142),
 .UNSPECIFIED.,.F.,.F.,(4,4),(0.,1.),.UNSPECIFIED.);
#38=B_SPLINE_CURVE_WITH_KNOTS('',3,(#5161,#5162,#5163,#5164),
 .UNSPECIFIED.,.F.,.F.,(4,4),(0.,1.),.UNSPECIFIED.);
#39=B_SPLINE_CURVE_WITH_KNOTS('',3,(#5197,#5198,#5199,#5200,#5201,#5202),
 .UNSPECIFIED.,.F.,.F.,(4,1,1,4),(0.,0.3333333333333,0.6666666666667,1.),
 .UNSPECIFIED.);
#40=B_SPLINE_CURVE_WITH_KNOTS('',3,(#5203,#5204,#5205,#5206),
 .UNSPECIFIED.,.F.,.F.,(4,4),(0.,1.),.UNSPECIFIED.);
#41=B_SPLINE_CURVE_WITH_KNOTS('',3,(#5212,#5213,#5214,#5215,#5216,#5217,
#5218),.UNSPECIFIED.,.F.,.F.,(4,1,1,1,4),(0.,0.25,0.5,0.75,1.),
 .UNSPECIFIED.);
#42=B_SPLINE_CURVE_WITH_KNOTS('',3,(#5220,#5221,#5222,#5223),
 .UNSPECIFIED.,.F.,.F.,(4,4),(0.,1.),.UNSPECIFIED.);
#43=B_SPLINE_CURVE_WITH_KNOTS('',3,(#5227,#5228,#5229,#5230),
 .UNSPECIFIED.,.F.,.F.,(4,4),(0.,1.),.UNSPECIFIED.);
#44=B_SPLINE_CURVE_WITH_KNOTS('',3,(#5263,#5264,#5265,#5266),
 .UNSPECIFIED.,.F.,.F.,(4,4),(0.,1.),.UNSPECIFIED.);
#45=B_SPLINE_CURVE_WITH_KNOTS('',3,(#5268,#5269,#5270,#5271),
 .UNSPECIFIED.,.F.,.F.,(4,4),(0.,1.),.UNSPECIFIED.);
#46=B_SPLINE_CURVE_WITH_KNOTS('',3,(#5273,#5274,#5275,#5276,#5277,#5278,
#5279,#5280),.UNSPECIFIED.,.F.,.F.,(4,1,1,1,1,4),(0.,0.2,0.4,0.6,0.8,1.),
 .UNSPECIFIED.);
#47=B_SPLINE_CURVE_WITH_KNOTS('',3,(#5309,#5310,#5311,#5312),
 .UNSPECIFIED.,.F.,.F.,(4,4),(0.,1.),.UNSPECIFIED.);
#48=B_SPLINE_CURVE_WITH_KNOTS('',3,(#5314,#5315,#5316,#5317),
 .UNSPECIFIED.,.F.,.F.,(4,4),(0.,1.),.UNSPECIFIED.);
#49=B_SPLINE_CURVE_WITH_KNOTS('',3,(#5346,#5347,#5348,#5349,#5350,#5351),
 .UNSPECIFIED.,.F.,.F.,(4,1,1,4),(0.,0.3333333333333,0.6666666666667,1.),
 .UNSPECIFIED.);
#50=B_SPLINE_CURVE_WITH_KNOTS('',3,(#5357,#5358,#5359,#5360,#5361,#5362,
#5363),.UNSPECIFIED.,.F.,.F.,(4,1,1,1,4),(0.,0.25,0.5,0.75,1.),
 .UNSPECIFIED.);
#51=B_SPLINE_CURVE_WITH_KNOTS('',3,(#5365,#5366,#5367,#5368),
 .UNSPECIFIED.,.F.,.F.,(4,4),(0.,1.),.UNSPECIFIED.);
#52=B_SPLINE_CURVE_WITH_KNOTS('',3,(#5372,#5373,#5374,#5375),
 .UNSPECIFIED.,.F.,.F.,(4,4),(0.,1.),.UNSPECIFIED.);
#53=B_SPLINE_CURVE_WITH_KNOTS('',3,(#5408,#5409,#5410,#5411),
 .UNSPECIFIED.,.F.,.F.,(4,4),(0.,1.),.UNSPECIFIED.);
#54=B_SPLINE_CURVE_WITH_KNOTS('',3,(#5413,#5414,#5415,#5416),
 .UNSPECIFIED.,.F.,.F.,(4,4),(0.,1.),.UNSPECIFIED.);
#55=B_SPLINE_CURVE_WITH_KNOTS('',3,(#5418,#5419,#5420,#5421,#5422,#5423,
#5424,#5425),.UNSPECIFIED.,.F.,.F.,(4,1,1,1,1,4),(0.,0.2,0.4,0.6,0.8,1.),
 .UNSPECIFIED.);
#56=B_SPLINE_CURVE_WITH_KNOTS('',3,(#5454,#5455,#5456,#5457),
 .UNSPECIFIED.,.F.,.F.,(4,4),(0.,1.),.UNSPECIFIED.);
#57=B_SPLINE_CURVE_WITH_KNOTS('',3,(#5459,#5460,#5461,#5462),
 .UNSPECIFIED.,.F.,.F.,(4,4),(0.,1.),.UNSPECIFIED.);
#58=B_SPLINE_CURVE_WITH_KNOTS('',3,(#5491,#5492,#5493,#5494,#5495,#5496),
 .UNSPECIFIED.,.F.,.F.,(4,1,1,4),(0.,0.3333333333333,0.6666666666667,1.),
 .UNSPECIFIED.);
#59=B_SPLINE_CURVE_WITH_KNOTS('',3,(#5502,#5503,#5504,#5505,#5506,#5507,
#5508),.UNSPECIFIED.,.F.,.F.,(4,1,1,1,4),(0.,0.25,0.5,0.75,1.),
 .UNSPECIFIED.);
#60=B_SPLINE_CURVE_WITH_KNOTS('',3,(#5510,#5511,#5512,#5513),
 .UNSPECIFIED.,.F.,.F.,(4,4),(0.,1.),.UNSPECIFIED.);
#61=B_SPLINE_CURVE_WITH_KNOTS('',3,(#5517,#5518,#5519,#5520),
 .UNSPECIFIED.,.F.,.F.,(4,4),(0.,1.),.UNSPECIFIED.);
#62=B_SPLINE_CURVE_WITH_KNOTS('',3,(#5553,#5554,#5555,#5556),
 .UNSPECIFIED.,.F.,.F.,(4,4),(0.,1.),.UNSPECIFIED.);
#63=B_SPLINE_CURVE_WITH_KNOTS('',3,(#5558,#5559,#5560,#5561),
 .UNSPECIFIED.,.F.,.F.,(4,4),(0.,1.),.UNSPECIFIED.);
#64=B_SPLINE_CURVE_WITH_KNOTS('',3,(#5563,#5564,#5565,#5566,#5567,#5568,
#5569,#5570),.UNSPECIFIED.,.F.,.F.,(4,1,1,1,1,4),(0.,0.2,0.4,0.6,0.8,1.),
 .UNSPECIFIED.);
#65=B_SPLINE_CURVE_WITH_KNOTS('',3,(#5599,#5600,#5601,#5602),
 .UNSPECIFIED.,.F.,.F.,(4,4),(0.,1.),.UNSPECIFIED.);
#66=B_SPLINE_CURVE_WITH_KNOTS('',3,(#5604,#5605,#5606,#5607),
 .UNSPECIFIED.,.F.,.F.,(4,4),(0.,1.),.UNSPECIFIED.);
#67=B_SPLINE_CURVE_WITH_KNOTS('',3,(#5636,#5637,#5638,#5639,#5640,#5641),
 .UNSPECIFIED.,.F.,.F.,(4,1,1,4),(0.,0.3333333333333,0.6666666666667,1.),
 .UNSPECIFIED.);
#68=B_SPLINE_CURVE_WITH_KNOTS('',3,(#5643,#5644,#5645,#5646),
 .UNSPECIFIED.,.F.,.F.,(4,4),(0.,1.),.UNSPECIFIED.);
#69=B_SPLINE_CURVE_WITH_KNOTS('',3,(#5652,#5653,#5654,#5655),
 .UNSPECIFIED.,.F.,.F.,(4,4),(0.,1.),.UNSPECIFIED.);
#70=B_SPLINE_CURVE_WITH_KNOTS('',3,(#5684,#5685,#5686,#5687,#5688,#5689,
#5690),.UNSPECIFIED.,.F.,.F.,(4,1,1,1,4),(0.,0.25,0.5,0.75,1.),
 .UNSPECIFIED.);
#71=B_SPLINE_CURVE_WITH_KNOTS('',3,(#5694,#5695,#5696,#5697),
 .UNSPECIFIED.,.F.,.F.,(4,4),(0.,1.),.UNSPECIFIED.);
#72=B_SPLINE_CURVE_WITH_KNOTS('',3,(#5699,#5700,#5701,#5702),
 .UNSPECIFIED.,.F.,.F.,(4,4),(0.,1.),.UNSPECIFIED.);
#73=B_SPLINE_CURVE_WITH_KNOTS('',3,(#5741,#5742,#5743,#5744),
 .UNSPECIFIED.,.F.,.F.,(4,4),(0.,1.),.UNSPECIFIED.);
#74=B_SPLINE_CURVE_WITH_KNOTS('',3,(#5746,#5747,#5748,#5749,#5750,#5751,
#5752,#5753,#5754),.UNSPECIFIED.,.F.,.F.,(4,1,1,1,1,1,4),(0.,0.1666666666667,
0.3333333333333,0.5,0.6666666666667,0.8333333333333,1.),.UNSPECIFIED.);
#75=B_SPLINE_CURVE_WITH_KNOTS('',3,(#5756,#5757,#5758,#5759),
 .UNSPECIFIED.,.F.,.F.,(4,4),(0.,1.),.UNSPECIFIED.);
#76=B_SPLINE_CURVE_WITH_KNOTS('',3,(#5798,#5799,#5800,#5801),
 .UNSPECIFIED.,.F.,.F.,(4,4),(0.,1.),.UNSPECIFIED.);
#77=B_SPLINE_CURVE_WITH_KNOTS('',3,(#5803,#5804,#5805,#5806,#5807,#5808,
#5809,#5810,#5811),.UNSPECIFIED.,.F.,.F.,(4,1,1,1,1,1,4),(0.,0.1666666666667,
0.3333333333333,0.5,0.6666666666667,0.8333333333333,1.),.UNSPECIFIED.);
#78=B_SPLINE_CURVE_WITH_KNOTS('',3,(#5813,#5814,#5815,#5816),
 .UNSPECIFIED.,.F.,.F.,(4,4),(0.,1.),.UNSPECIFIED.);
#79=B_SPLINE_CURVE_WITH_KNOTS('',3,(#5855,#5856,#5857,#5858),
 .UNSPECIFIED.,.F.,.F.,(4,4),(0.,1.),.UNSPECIFIED.);
#80=B_SPLINE_CURVE_WITH_KNOTS('',3,(#5860,#5861,#5862,#5863,#5864,#5865,
#5866,#5867,#5868),.UNSPECIFIED.,.F.,.F.,(4,1,1,1,1,1,4),(0.,0.1666666666667,
0.3333333333333,0.5,0.6666666666667,0.8333333333333,1.),.UNSPECIFIED.);
#81=B_SPLINE_CURVE_WITH_KNOTS('',3,(#5870,#5871,#5872,#5873),
 .UNSPECIFIED.,.F.,.F.,(4,4),(0.,1.),.UNSPECIFIED.);
#82=B_SPLINE_CURVE_WITH_KNOTS('',3,(#5912,#5913,#5914,#5915,#5916,#5917,
#5918,#5919,#5920),.UNSPECIFIED.,.F.,.F.,(4,1,1,1,1,1,4),(0.,0.1666666666667,
0.3333333333333,0.5,0.6666666666667,0.8333333333333,1.),.UNSPECIFIED.);
#83=B_SPLINE_CURVE_WITH_KNOTS('',3,(#6078,#6079,#6080,#6081),
 .UNSPECIFIED.,.F.,.F.,(4,4),(5.18499708951436E-9,0.000607504841590735),
 .UNSPECIFIED.);
#84=B_SPLINE_CURVE_WITH_KNOTS('',3,(#6102,#6103,#6104,#6105),
 .UNSPECIFIED.,.F.,.F.,(4,4),(5.18510547162792E-9,0.00060750484177521),
 .UNSPECIFIED.);
#85=ELLIPSE('',#3539,0.001012465125788,0.001);
#86=ELLIPSE('',#3542,0.001012465125788,0.001);
#87=ELLIPSE('',#3634,0.000506232562894,0.0005);
#88=ELLIPSE('',#3635,0.000506232562894,0.0005);
#89=ELLIPSE('',#3638,0.000506232562894,0.0005);
#90=ELLIPSE('',#3639,0.000506232562894,0.0005);
#91=ELLIPSE('',#3642,0.000506232562894,0.0005);
#92=ELLIPSE('',#3643,0.000506232562894,0.0005);
#93=ELLIPSE('',#3646,0.000506232562894,0.0005);
#94=ELLIPSE('',#3647,0.000506232562894,0.0005);
#95=ELLIPSE('',#3650,0.000708725588051599,0.0007);
#96=ELLIPSE('',#3651,0.000708725588051599,0.0007);
#97=ELLIPSE('',#3654,0.000708725588051599,0.0007);
#98=ELLIPSE('',#3655,0.000708725588051599,0.0007);
#99=ELLIPSE('',#3659,0.001012465125788,0.001);
#100=ELLIPSE('',#3660,0.001012465125788,0.001);
#101=ELLIPSE('',#3664,0.001012465125788,0.001);
#102=ELLIPSE('',#3665,0.001012465125788,0.001);
#103=CYLINDRICAL_SURFACE('',#3531,0.001);
#104=CYLINDRICAL_SURFACE('',#3536,0.001);
#105=CYLINDRICAL_SURFACE('',#3541,0.001);
#106=CYLINDRICAL_SURFACE('',#3547,0.001);
#107=CYLINDRICAL_SURFACE('',#3552,0.0003);
#108=CYLINDRICAL_SURFACE('',#3556,0.0003);
#109=CYLINDRICAL_SURFACE('',#3572,0.0005);
#110=CYLINDRICAL_SURFACE('',#3574,0.0005);
#111=CYLINDRICAL_SURFACE('',#3578,0.0002);
#112=CYLINDRICAL_SURFACE('',#3582,0.0005);
#113=CYLINDRICAL_SURFACE('',#3588,0.0002);
#114=CYLINDRICAL_SURFACE('',#3589,0.0002);
#115=CYLINDRICAL_SURFACE('',#3596,0.0005);
#116=CYLINDRICAL_SURFACE('',#3602,0.0002);
#117=CYLINDRICAL_SURFACE('',#3607,0.0005);
#118=CYLINDRICAL_SURFACE('',#3613,0.0002);
#119=CYLINDRICAL_SURFACE('',#3616,0.0005);
#120=CYLINDRICAL_SURFACE('',#3617,0.001);
#121=CYLINDRICAL_SURFACE('',#3619,0.0005);
#122=CYLINDRICAL_SURFACE('',#3620,0.001);
#123=CYLINDRICAL_SURFACE('',#3622,0.0005);
#124=CYLINDRICAL_SURFACE('',#3623,0.001);
#125=CYLINDRICAL_SURFACE('',#3624,0.0002);
#126=CYLINDRICAL_SURFACE('',#3626,0.001);
#127=CYLINDRICAL_SURFACE('',#3628,0.0002);
#128=CYLINDRICAL_SURFACE('',#3629,0.0002);
#129=CYLINDRICAL_SURFACE('',#3630,0.0002);
#130=CYLINDRICAL_SURFACE('',#3631,0.0002);
#131=CYLINDRICAL_SURFACE('',#3633,0.0005);
#132=CYLINDRICAL_SURFACE('',#3637,0.0005);
#133=CYLINDRICAL_SURFACE('',#3641,0.0005);
#134=CYLINDRICAL_SURFACE('',#3645,0.0005);
#135=CYLINDRICAL_SURFACE('',#3649,0.0007);
#136=CYLINDRICAL_SURFACE('',#3653,0.0007);
#137=CYLINDRICAL_SURFACE('',#3667,0.0015);
#138=CYLINDRICAL_SURFACE('',#3672,0.0015);
#139=CYLINDRICAL_SURFACE('',#3678,0.0015);
#140=CYLINDRICAL_SURFACE('',#3683,0.001);
#141=CYLINDRICAL_SURFACE('',#3686,0.001);
#142=CYLINDRICAL_SURFACE('',#3699,0.0007);
#143=CYLINDRICAL_SURFACE('',#3703,0.0007);
#144=CYLINDRICAL_SURFACE('',#3707,0.0007);
#145=CYLINDRICAL_SURFACE('',#3712,0.0007);
#146=CYLINDRICAL_SURFACE('',#3717,0.001);
#147=CYLINDRICAL_SURFACE('',#3719,0.0015);
#148=CYLINDRICAL_SURFACE('',#3724,0.001);
#149=CYLINDRICAL_SURFACE('',#3728,0.00065);
#150=CYLINDRICAL_SURFACE('',#3809,0.002);
#151=CIRCLE('',#3523,0.0005);
#152=CIRCLE('',#3524,0.001);
#153=CIRCLE('',#3526,0.0005);
#154=CIRCLE('',#3527,0.001);
#155=CIRCLE('',#3529,0.001);
#156=CIRCLE('',#3530,0.0005);
#157=CIRCLE('',#3532,0.001);
#158=CIRCLE('',#3533,0.001);
#159=CIRCLE('',#3534,0.001);
#160=CIRCLE('',#3537,0.001);
#161=CIRCLE('',#3538,0.001);
#162=CIRCLE('',#3543,0.001);
#163=CIRCLE('',#3544,0.001);
#164=CIRCLE('',#3545,0.001);
#165=CIRCLE('',#3548,0.001);
#166=CIRCLE('',#3549,0.001);
#167=CIRCLE('',#3550,0.001);
#168=CIRCLE('',#3553,0.0003);
#169=CIRCLE('',#3554,0.0003);
#170=CIRCLE('',#3557,0.0003);
#171=CIRCLE('',#3558,0.0003);
#172=CIRCLE('',#3560,0.0002);
#173=CIRCLE('',#3561,0.0002);
#174=CIRCLE('',#3564,0.0002);
#175=CIRCLE('',#3565,0.0002);
#176=CIRCLE('',#3571,0.0005);
#177=CIRCLE('',#3575,0.0005);
#178=CIRCLE('',#3579,0.0002);
#179=CIRCLE('',#3583,0.0005);
#180=CIRCLE('',#3586,0.001);
#181=CIRCLE('',#3597,0.0005);
#182=CIRCLE('',#3601,0.001);
#183=CIRCLE('',#3603,0.0002);
#184=CIRCLE('',#3605,0.0005);
#185=CIRCLE('',#3606,0.001);
#186=CIRCLE('',#3612,0.001);
#187=CIRCLE('',#3614,0.0002);
#188=CIRCLE('',#3625,0.0002);
#189=CIRCLE('',#3668,0.0015);
#190=CIRCLE('',#3669,0.0015);
#191=CIRCLE('',#3673,0.0015);
#192=CIRCLE('',#3674,0.0015);
#193=CIRCLE('',#3679,0.0015);
#194=CIRCLE('',#3680,0.0015);
#195=CIRCLE('',#3682,0.001);
#196=CIRCLE('',#3684,0.001);
#197=CIRCLE('',#3687,0.001);
#198=CIRCLE('',#3690,0.002);
#199=CIRCLE('',#3691,0.001499991995632);
#200=CIRCLE('',#3692,0.002999994594811);
#201=CIRCLE('',#3694,0.001899982169175);
#202=CIRCLE('',#3697,0.003399993874119);
#203=CIRCLE('',#3700,0.0007);
#204=CIRCLE('',#3701,0.0007);
#205=CIRCLE('',#3704,0.0007);
#206=CIRCLE('',#3705,0.0007);
#207=CIRCLE('',#3708,0.0007);
#208=CIRCLE('',#3709,0.0007);
#209=CIRCLE('',#3711,0.0007);
#210=CIRCLE('',#3713,0.0007);
#211=CIRCLE('',#3716,0.001);
#212=CIRCLE('',#3720,0.0015);
#213=CIRCLE('',#3721,0.0015);
#214=CIRCLE('',#3723,0.001);
#215=CIRCLE('',#3725,0.001);
#216=CIRCLE('',#3729,0.00065);
#217=CIRCLE('',#3730,0.00065);
#218=CIRCLE('',#3733,0.002);
#219=CIRCLE('',#3737,0.002);
#220=CIRCLE('',#3741,0.002);
#221=CIRCLE('',#3745,0.002);
#222=CIRCLE('',#3749,0.002);
#223=CIRCLE('',#3753,0.002);
#224=CIRCLE('',#3757,0.002);
#225=CIRCLE('',#3761,0.002);
#226=CIRCLE('',#3765,0.002);
#227=CIRCLE('',#3769,0.002);
#228=CIRCLE('',#3773,0.002);
#229=CIRCLE('',#3777,0.002);
#230=CIRCLE('',#3781,0.002);
#231=CIRCLE('',#3785,0.002);
#232=CIRCLE('',#3789,0.002);
#233=CIRCLE('',#3792,0.0008499885164074);
#234=CIRCLE('',#3794,0.002);
#235=CIRCLE('',#3795,0.002);
#236=CIRCLE('',#3796,0.002);
#237=CIRCLE('',#3797,0.002);
#238=CIRCLE('',#3798,0.002);
#239=CIRCLE('',#3799,0.002);
#240=CIRCLE('',#3800,0.002);
#241=CIRCLE('',#3801,0.002);
#242=CIRCLE('',#3802,0.002);
#243=CIRCLE('',#3803,0.002);
#244=CIRCLE('',#3804,0.002);
#245=CIRCLE('',#3805,0.002);
#246=CIRCLE('',#3806,0.002);
#247=CIRCLE('',#3807,0.002);
#248=CIRCLE('',#3808,0.002);
#249=ORIENTED_EDGE('',*,*,#1267,.F.);
#250=ORIENTED_EDGE('',*,*,#1268,.T.);
#251=ORIENTED_EDGE('',*,*,#1269,.T.);
#252=ORIENTED_EDGE('',*,*,#1270,.F.);
#253=ORIENTED_EDGE('',*,*,#1271,.T.);
#254=ORIENTED_EDGE('',*,*,#1272,.F.);
#255=ORIENTED_EDGE('',*,*,#1273,.F.);
#256=ORIENTED_EDGE('',*,*,#1274,.T.);
#257=ORIENTED_EDGE('',*,*,#1275,.F.);
#258=ORIENTED_EDGE('',*,*,#1276,.T.);
#259=ORIENTED_EDGE('',*,*,#1277,.F.);
#260=ORIENTED_EDGE('',*,*,#1278,.T.);
#261=ORIENTED_EDGE('',*,*,#1279,.F.);
#262=ORIENTED_EDGE('',*,*,#1280,.F.);
#263=ORIENTED_EDGE('',*,*,#1281,.F.);
#264=ORIENTED_EDGE('',*,*,#1282,.T.);
#265=ORIENTED_EDGE('',*,*,#1283,.F.);
#266=ORIENTED_EDGE('',*,*,#1284,.F.);
#267=ORIENTED_EDGE('',*,*,#1285,.T.);
#268=ORIENTED_EDGE('',*,*,#1286,.F.);
#269=ORIENTED_EDGE('',*,*,#1287,.T.);
#270=ORIENTED_EDGE('',*,*,#1288,.F.);
#271=ORIENTED_EDGE('',*,*,#1289,.T.);
#272=ORIENTED_EDGE('',*,*,#1290,.F.);
#273=ORIENTED_EDGE('',*,*,#1291,.F.);
#274=ORIENTED_EDGE('',*,*,#1292,.T.);
#275=ORIENTED_EDGE('',*,*,#1293,.T.);
#276=ORIENTED_EDGE('',*,*,#1294,.F.);
#277=ORIENTED_EDGE('',*,*,#1295,.T.);
#278=ORIENTED_EDGE('',*,*,#1296,.T.);
#279=ORIENTED_EDGE('',*,*,#1297,.T.);
#280=ORIENTED_EDGE('',*,*,#1274,.F.);
#281=ORIENTED_EDGE('',*,*,#1273,.T.);
#282=ORIENTED_EDGE('',*,*,#1298,.T.);
#283=ORIENTED_EDGE('',*,*,#1299,.F.);
#284=ORIENTED_EDGE('',*,*,#1300,.T.);
#285=ORIENTED_EDGE('',*,*,#1301,.T.);
#286=ORIENTED_EDGE('',*,*,#1302,.F.);
#287=ORIENTED_EDGE('',*,*,#1303,.T.);
#288=ORIENTED_EDGE('',*,*,#1304,.F.);
#289=ORIENTED_EDGE('',*,*,#1275,.T.);
#290=ORIENTED_EDGE('',*,*,#1305,.F.);
#291=ORIENTED_EDGE('',*,*,#1306,.T.);
#292=ORIENTED_EDGE('',*,*,#1307,.F.);
#293=ORIENTED_EDGE('',*,*,#1308,.F.);
#294=ORIENTED_EDGE('',*,*,#1291,.T.);
#295=ORIENTED_EDGE('',*,*,#1309,.F.);
#296=ORIENTED_EDGE('',*,*,#1310,.T.);
#297=ORIENTED_EDGE('',*,*,#1311,.F.);
#298=ORIENTED_EDGE('',*,*,#1312,.F.);
#299=ORIENTED_EDGE('',*,*,#1313,.F.);
#300=ORIENTED_EDGE('',*,*,#1314,.T.);
#301=ORIENTED_EDGE('',*,*,#1305,.T.);
#302=ORIENTED_EDGE('',*,*,#1282,.F.);
#303=ORIENTED_EDGE('',*,*,#1281,.T.);
#304=ORIENTED_EDGE('',*,*,#1315,.T.);
#305=ORIENTED_EDGE('',*,*,#1316,.F.);
#306=ORIENTED_EDGE('',*,*,#1317,.T.);
#307=ORIENTED_EDGE('',*,*,#1318,.T.);
#308=ORIENTED_EDGE('',*,*,#1319,.F.);
#309=ORIENTED_EDGE('',*,*,#1320,.T.);
#310=ORIENTED_EDGE('',*,*,#1321,.F.);
#311=ORIENTED_EDGE('',*,*,#1322,.T.);
#312=ORIENTED_EDGE('',*,*,#1323,.F.);
#313=ORIENTED_EDGE('',*,*,#1324,.F.);
#314=ORIENTED_EDGE('',*,*,#1309,.T.);
#315=ORIENTED_EDGE('',*,*,#1325,.F.);
#316=ORIENTED_EDGE('',*,*,#1326,.T.);
#317=ORIENTED_EDGE('',*,*,#1327,.T.);
#318=ORIENTED_EDGE('',*,*,#1328,.F.);
#319=ORIENTED_EDGE('',*,*,#1329,.T.);
#320=ORIENTED_EDGE('',*,*,#1330,.T.);
#321=ORIENTED_EDGE('',*,*,#1323,.T.);
#322=ORIENTED_EDGE('',*,*,#1331,.F.);
#323=ORIENTED_EDGE('',*,*,#1332,.F.);
#324=ORIENTED_EDGE('',*,*,#1333,.T.);
#325=ORIENTED_EDGE('',*,*,#1334,.F.);
#326=ORIENTED_EDGE('',*,*,#1335,.T.);
#327=ORIENTED_EDGE('',*,*,#1325,.T.);
#328=ORIENTED_EDGE('',*,*,#1336,.T.);
#329=ORIENTED_EDGE('',*,*,#1337,.T.);
#330=ORIENTED_EDGE('',*,*,#1338,.F.);
#331=ORIENTED_EDGE('',*,*,#1339,.T.);
#332=ORIENTED_EDGE('',*,*,#1340,.T.);
#333=ORIENTED_EDGE('',*,*,#1341,.F.);
#334=ORIENTED_EDGE('',*,*,#1342,.T.);
#335=ORIENTED_EDGE('',*,*,#1343,.F.);
#336=ORIENTED_EDGE('',*,*,#1286,.T.);
#337=ORIENTED_EDGE('',*,*,#1344,.F.);
#338=ORIENTED_EDGE('',*,*,#1345,.T.);
#339=ORIENTED_EDGE('',*,*,#1346,.F.);
#340=ORIENTED_EDGE('',*,*,#1347,.F.);
#341=ORIENTED_EDGE('',*,*,#1348,.F.);
#342=ORIENTED_EDGE('',*,*,#1349,.T.);
#343=ORIENTED_EDGE('',*,*,#1332,.T.);
#344=ORIENTED_EDGE('',*,*,#1285,.F.);
#345=ORIENTED_EDGE('',*,*,#1350,.F.);
#346=ORIENTED_EDGE('',*,*,#1351,.F.);
#347=ORIENTED_EDGE('',*,*,#1352,.F.);
#348=ORIENTED_EDGE('',*,*,#1353,.F.);
#349=ORIENTED_EDGE('',*,*,#1353,.T.);
#350=ORIENTED_EDGE('',*,*,#1354,.F.);
#351=ORIENTED_EDGE('',*,*,#1355,.F.);
#352=ORIENTED_EDGE('',*,*,#1356,.T.);
#353=ORIENTED_EDGE('',*,*,#1355,.T.);
#354=ORIENTED_EDGE('',*,*,#1357,.F.);
#355=ORIENTED_EDGE('',*,*,#1358,.F.);
#356=ORIENTED_EDGE('',*,*,#1359,.T.);
#357=ORIENTED_EDGE('',*,*,#1358,.T.);
#358=ORIENTED_EDGE('',*,*,#1360,.F.);
#359=ORIENTED_EDGE('',*,*,#1361,.F.);
#360=ORIENTED_EDGE('',*,*,#1362,.T.);
#361=ORIENTED_EDGE('',*,*,#1363,.T.);
#362=ORIENTED_EDGE('',*,*,#1350,.T.);
#363=ORIENTED_EDGE('',*,*,#1356,.F.);
#364=ORIENTED_EDGE('',*,*,#1359,.F.);
#365=ORIENTED_EDGE('',*,*,#1362,.F.);
#366=ORIENTED_EDGE('',*,*,#1364,.F.);
#367=ORIENTED_EDGE('',*,*,#1365,.T.);
#368=ORIENTED_EDGE('',*,*,#1366,.F.);
#369=ORIENTED_EDGE('',*,*,#1284,.T.);
#370=ORIENTED_EDGE('',*,*,#1367,.T.);
#371=ORIENTED_EDGE('',*,*,#1368,.F.);
#372=ORIENTED_EDGE('',*,*,#1369,.T.);
#373=ORIENTED_EDGE('',*,*,#1370,.T.);
#374=ORIENTED_EDGE('',*,*,#1371,.F.);
#375=ORIENTED_EDGE('',*,*,#1372,.T.);
#376=ORIENTED_EDGE('',*,*,#1373,.F.);
#377=ORIENTED_EDGE('',*,*,#1267,.T.);
#378=ORIENTED_EDGE('',*,*,#1297,.F.);
#379=ORIENTED_EDGE('',*,*,#1374,.F.);
#380=ORIENTED_EDGE('',*,*,#1344,.T.);
#381=ORIENTED_EDGE('',*,*,#1361,.T.);
#382=ORIENTED_EDGE('',*,*,#1375,.F.);
#383=ORIENTED_EDGE('',*,*,#1376,.F.);
#384=ORIENTED_EDGE('',*,*,#1364,.T.);
#385=ORIENTED_EDGE('',*,*,#1377,.F.);
#386=ORIENTED_EDGE('',*,*,#1378,.T.);
#387=ORIENTED_EDGE('',*,*,#1379,.T.);
#388=ORIENTED_EDGE('',*,*,#1380,.T.);
#389=ORIENTED_EDGE('',*,*,#1360,.T.);
#390=ORIENTED_EDGE('',*,*,#1357,.T.);
#391=ORIENTED_EDGE('',*,*,#1354,.T.);
#392=ORIENTED_EDGE('',*,*,#1352,.T.);
#393=ORIENTED_EDGE('',*,*,#1381,.T.);
#394=ORIENTED_EDGE('',*,*,#1382,.T.);
#395=ORIENTED_EDGE('',*,*,#1383,.T.);
#396=ORIENTED_EDGE('',*,*,#1375,.T.);
#397=ORIENTED_EDGE('',*,*,#1384,.T.);
#398=ORIENTED_EDGE('',*,*,#1379,.F.);
#399=ORIENTED_EDGE('',*,*,#1385,.F.);
#400=ORIENTED_EDGE('',*,*,#1386,.F.);
#401=ORIENTED_EDGE('',*,*,#1387,.F.);
#402=ORIENTED_EDGE('',*,*,#1380,.F.);
#403=ORIENTED_EDGE('',*,*,#1384,.F.);
#404=ORIENTED_EDGE('',*,*,#1388,.F.);
#405=ORIENTED_EDGE('',*,*,#1386,.T.);
#406=ORIENTED_EDGE('',*,*,#1389,.T.);
#407=ORIENTED_EDGE('',*,*,#1390,.F.);
#408=ORIENTED_EDGE('',*,*,#1388,.T.);
#409=ORIENTED_EDGE('',*,*,#1385,.T.);
#410=ORIENTED_EDGE('',*,*,#1378,.F.);
#411=ORIENTED_EDGE('',*,*,#1391,.F.);
#412=ORIENTED_EDGE('',*,*,#1389,.F.);
#413=ORIENTED_EDGE('',*,*,#1322,.F.);
#414=ORIENTED_EDGE('',*,*,#1392,.T.);
#415=ORIENTED_EDGE('',*,*,#1393,.T.);
#416=ORIENTED_EDGE('',*,*,#1394,.F.);
#417=ORIENTED_EDGE('',*,*,#1395,.T.);
#418=ORIENTED_EDGE('',*,*,#1396,.F.);
#419=ORIENTED_EDGE('',*,*,#1336,.F.);
#420=ORIENTED_EDGE('',*,*,#1331,.T.);
#421=ORIENTED_EDGE('',*,*,#1397,.T.);
#422=ORIENTED_EDGE('',*,*,#1398,.F.);
#423=ORIENTED_EDGE('',*,*,#1399,.F.);
#424=ORIENTED_EDGE('',*,*,#1400,.F.);
#425=ORIENTED_EDGE('',*,*,#1401,.T.);
#426=ORIENTED_EDGE('',*,*,#1400,.T.);
#427=ORIENTED_EDGE('',*,*,#1402,.F.);
#428=ORIENTED_EDGE('',*,*,#1403,.F.);
#429=ORIENTED_EDGE('',*,*,#1404,.T.);
#430=ORIENTED_EDGE('',*,*,#1405,.F.);
#431=ORIENTED_EDGE('',*,*,#1406,.F.);
#432=ORIENTED_EDGE('',*,*,#1277,.T.);
#433=ORIENTED_EDGE('',*,*,#1406,.T.);
#434=ORIENTED_EDGE('',*,*,#1407,.F.);
#435=ORIENTED_EDGE('',*,*,#1408,.F.);
#436=ORIENTED_EDGE('',*,*,#1278,.F.);
#437=ORIENTED_EDGE('',*,*,#1408,.T.);
#438=ORIENTED_EDGE('',*,*,#1409,.F.);
#439=ORIENTED_EDGE('',*,*,#1410,.F.);
#440=ORIENTED_EDGE('',*,*,#1279,.T.);
#441=ORIENTED_EDGE('',*,*,#1410,.T.);
#442=ORIENTED_EDGE('',*,*,#1411,.F.);
#443=ORIENTED_EDGE('',*,*,#1315,.F.);
#444=ORIENTED_EDGE('',*,*,#1280,.T.);
#445=ORIENTED_EDGE('',*,*,#1412,.T.);
#446=ORIENTED_EDGE('',*,*,#1413,.T.);
#447=ORIENTED_EDGE('',*,*,#1414,.F.);
#448=ORIENTED_EDGE('',*,*,#1370,.F.);
#449=ORIENTED_EDGE('',*,*,#1298,.F.);
#450=ORIENTED_EDGE('',*,*,#1272,.T.);
#451=ORIENTED_EDGE('',*,*,#1415,.T.);
#452=ORIENTED_EDGE('',*,*,#1416,.T.);
#453=ORIENTED_EDGE('',*,*,#1417,.T.);
#454=ORIENTED_EDGE('',*,*,#1415,.F.);
#455=ORIENTED_EDGE('',*,*,#1271,.F.);
#456=ORIENTED_EDGE('',*,*,#1418,.T.);
#457=ORIENTED_EDGE('',*,*,#1419,.T.);
#458=ORIENTED_EDGE('',*,*,#1420,.T.);
#459=ORIENTED_EDGE('',*,*,#1418,.F.);
#460=ORIENTED_EDGE('',*,*,#1270,.T.);
#461=ORIENTED_EDGE('',*,*,#1269,.F.);
#462=ORIENTED_EDGE('',*,*,#1421,.T.);
#463=ORIENTED_EDGE('',*,*,#1422,.T.);
#464=ORIENTED_EDGE('',*,*,#1419,.F.);
#465=ORIENTED_EDGE('',*,*,#1299,.T.);
#466=ORIENTED_EDGE('',*,*,#1416,.F.);
#467=ORIENTED_EDGE('',*,*,#1417,.F.);
#468=ORIENTED_EDGE('',*,*,#1420,.F.);
#469=ORIENTED_EDGE('',*,*,#1422,.F.);
#470=ORIENTED_EDGE('',*,*,#1423,.F.);
#471=ORIENTED_EDGE('',*,*,#1372,.F.);
#472=ORIENTED_EDGE('',*,*,#1424,.T.);
#473=ORIENTED_EDGE('',*,*,#1421,.F.);
#474=ORIENTED_EDGE('',*,*,#1268,.F.);
#475=ORIENTED_EDGE('',*,*,#1373,.T.);
#476=ORIENTED_EDGE('',*,*,#1423,.T.);
#477=ORIENTED_EDGE('',*,*,#1425,.F.);
#478=ORIENTED_EDGE('',*,*,#1365,.F.);
#479=ORIENTED_EDGE('',*,*,#1376,.T.);
#480=ORIENTED_EDGE('',*,*,#1383,.F.);
#481=ORIENTED_EDGE('',*,*,#1351,.T.);
#482=ORIENTED_EDGE('',*,*,#1363,.F.);
#483=ORIENTED_EDGE('',*,*,#1426,.F.);
#484=ORIENTED_EDGE('',*,*,#1381,.F.);
#485=ORIENTED_EDGE('',*,*,#1366,.T.);
#486=ORIENTED_EDGE('',*,*,#1425,.T.);
#487=ORIENTED_EDGE('',*,*,#1382,.F.);
#488=ORIENTED_EDGE('',*,*,#1426,.T.);
#489=ORIENTED_EDGE('',*,*,#1367,.F.);
#490=ORIENTED_EDGE('',*,*,#1283,.T.);
#491=ORIENTED_EDGE('',*,*,#1427,.T.);
#492=ORIENTED_EDGE('',*,*,#1428,.F.);
#493=ORIENTED_EDGE('',*,*,#1288,.T.);
#494=ORIENTED_EDGE('',*,*,#1429,.T.);
#495=ORIENTED_EDGE('',*,*,#1430,.F.);
#496=ORIENTED_EDGE('',*,*,#1431,.F.);
#497=ORIENTED_EDGE('',*,*,#1429,.F.);
#498=ORIENTED_EDGE('',*,*,#1287,.F.);
#499=ORIENTED_EDGE('',*,*,#1343,.T.);
#500=ORIENTED_EDGE('',*,*,#1432,.F.);
#501=ORIENTED_EDGE('',*,*,#1337,.F.);
#502=ORIENTED_EDGE('',*,*,#1396,.T.);
#503=ORIENTED_EDGE('',*,*,#1433,.T.);
#504=ORIENTED_EDGE('',*,*,#1434,.T.);
#505=ORIENTED_EDGE('',*,*,#1435,.T.);
#506=ORIENTED_EDGE('',*,*,#1433,.F.);
#507=ORIENTED_EDGE('',*,*,#1395,.F.);
#508=ORIENTED_EDGE('',*,*,#1436,.T.);
#509=ORIENTED_EDGE('',*,*,#1437,.T.);
#510=ORIENTED_EDGE('',*,*,#1438,.T.);
#511=ORIENTED_EDGE('',*,*,#1436,.F.);
#512=ORIENTED_EDGE('',*,*,#1394,.T.);
#513=ORIENTED_EDGE('',*,*,#1393,.F.);
#514=ORIENTED_EDGE('',*,*,#1439,.T.);
#515=ORIENTED_EDGE('',*,*,#1440,.T.);
#516=ORIENTED_EDGE('',*,*,#1437,.F.);
#517=ORIENTED_EDGE('',*,*,#1439,.F.);
#518=ORIENTED_EDGE('',*,*,#1392,.F.);
#519=ORIENTED_EDGE('',*,*,#1321,.T.);
#520=ORIENTED_EDGE('',*,*,#1441,.T.);
#521=ORIENTED_EDGE('',*,*,#1338,.T.);
#522=ORIENTED_EDGE('',*,*,#1434,.F.);
#523=ORIENTED_EDGE('',*,*,#1435,.F.);
#524=ORIENTED_EDGE('',*,*,#1438,.F.);
#525=ORIENTED_EDGE('',*,*,#1440,.F.);
#526=ORIENTED_EDGE('',*,*,#1441,.F.);
#527=ORIENTED_EDGE('',*,*,#1320,.F.);
#528=ORIENTED_EDGE('',*,*,#1442,.T.);
#529=ORIENTED_EDGE('',*,*,#1443,.T.);
#530=ORIENTED_EDGE('',*,*,#1444,.T.);
#531=ORIENTED_EDGE('',*,*,#1445,.F.);
#532=ORIENTED_EDGE('',*,*,#1340,.F.);
#533=ORIENTED_EDGE('',*,*,#1368,.T.);
#534=ORIENTED_EDGE('',*,*,#1428,.T.);
#535=ORIENTED_EDGE('',*,*,#1446,.T.);
#536=ORIENTED_EDGE('',*,*,#1447,.T.);
#537=ORIENTED_EDGE('',*,*,#1430,.T.);
#538=ORIENTED_EDGE('',*,*,#1432,.T.);
#539=ORIENTED_EDGE('',*,*,#1342,.F.);
#540=ORIENTED_EDGE('',*,*,#1448,.T.);
#541=ORIENTED_EDGE('',*,*,#1431,.T.);
#542=ORIENTED_EDGE('',*,*,#1447,.F.);
#543=ORIENTED_EDGE('',*,*,#1449,.F.);
#544=ORIENTED_EDGE('',*,*,#1289,.F.);
#545=ORIENTED_EDGE('',*,*,#1446,.F.);
#546=ORIENTED_EDGE('',*,*,#1427,.F.);
#547=ORIENTED_EDGE('',*,*,#1290,.T.);
#548=ORIENTED_EDGE('',*,*,#1449,.T.);
#549=ORIENTED_EDGE('',*,*,#1377,.T.);
#550=ORIENTED_EDGE('',*,*,#1387,.T.);
#551=ORIENTED_EDGE('',*,*,#1390,.T.);
#552=ORIENTED_EDGE('',*,*,#1391,.T.);
#553=ORIENTED_EDGE('',*,*,#1304,.T.);
#554=ORIENTED_EDGE('',*,*,#1450,.F.);
#555=ORIENTED_EDGE('',*,*,#1404,.F.);
#556=ORIENTED_EDGE('',*,*,#1276,.F.);
#557=ORIENTED_EDGE('',*,*,#1316,.T.);
#558=ORIENTED_EDGE('',*,*,#1411,.T.);
#559=ORIENTED_EDGE('',*,*,#1409,.T.);
#560=ORIENTED_EDGE('',*,*,#1407,.T.);
#561=ORIENTED_EDGE('',*,*,#1405,.T.);
#562=ORIENTED_EDGE('',*,*,#1450,.T.);
#563=ORIENTED_EDGE('',*,*,#1303,.F.);
#564=ORIENTED_EDGE('',*,*,#1451,.T.);
#565=ORIENTED_EDGE('',*,*,#1452,.T.);
#566=ORIENTED_EDGE('',*,*,#1453,.T.);
#567=ORIENTED_EDGE('',*,*,#1454,.F.);
#568=ORIENTED_EDGE('',*,*,#1318,.F.);
#569=ORIENTED_EDGE('',*,*,#1402,.T.);
#570=ORIENTED_EDGE('',*,*,#1455,.T.);
#571=ORIENTED_EDGE('',*,*,#1452,.F.);
#572=ORIENTED_EDGE('',*,*,#1456,.F.);
#573=ORIENTED_EDGE('',*,*,#1399,.T.);
#574=ORIENTED_EDGE('',*,*,#1457,.F.);
#575=ORIENTED_EDGE('',*,*,#1458,.F.);
#576=ORIENTED_EDGE('',*,*,#1459,.F.);
#577=ORIENTED_EDGE('',*,*,#1453,.F.);
#578=ORIENTED_EDGE('',*,*,#1455,.F.);
#579=ORIENTED_EDGE('',*,*,#1458,.T.);
#580=ORIENTED_EDGE('',*,*,#1460,.F.);
#581=ORIENTED_EDGE('',*,*,#1461,.F.);
#582=ORIENTED_EDGE('',*,*,#1462,.F.);
#583=ORIENTED_EDGE('',*,*,#1463,.T.);
#584=ORIENTED_EDGE('',*,*,#1462,.T.);
#585=ORIENTED_EDGE('',*,*,#1464,.F.);
#586=ORIENTED_EDGE('',*,*,#1465,.F.);
#587=ORIENTED_EDGE('',*,*,#1454,.T.);
#588=ORIENTED_EDGE('',*,*,#1459,.T.);
#589=ORIENTED_EDGE('',*,*,#1463,.F.);
#590=ORIENTED_EDGE('',*,*,#1466,.F.);
#591=ORIENTED_EDGE('',*,*,#1465,.T.);
#592=ORIENTED_EDGE('',*,*,#1467,.T.);
#593=ORIENTED_EDGE('',*,*,#1339,.F.);
#594=ORIENTED_EDGE('',*,*,#1442,.F.);
#595=ORIENTED_EDGE('',*,*,#1319,.T.);
#596=ORIENTED_EDGE('',*,*,#1466,.T.);
#597=ORIENTED_EDGE('',*,*,#1464,.T.);
#598=ORIENTED_EDGE('',*,*,#1468,.T.);
#599=ORIENTED_EDGE('',*,*,#1443,.F.);
#600=ORIENTED_EDGE('',*,*,#1467,.F.);
#601=ORIENTED_EDGE('',*,*,#1461,.T.);
#602=ORIENTED_EDGE('',*,*,#1469,.F.);
#603=ORIENTED_EDGE('',*,*,#1470,.F.);
#604=ORIENTED_EDGE('',*,*,#1471,.F.);
#605=ORIENTED_EDGE('',*,*,#1444,.F.);
#606=ORIENTED_EDGE('',*,*,#1468,.F.);
#607=ORIENTED_EDGE('',*,*,#1470,.T.);
#608=ORIENTED_EDGE('',*,*,#1472,.F.);
#609=ORIENTED_EDGE('',*,*,#1473,.F.);
#610=ORIENTED_EDGE('',*,*,#1474,.F.);
#611=ORIENTED_EDGE('',*,*,#1475,.T.);
#612=ORIENTED_EDGE('',*,*,#1474,.T.);
#613=ORIENTED_EDGE('',*,*,#1476,.F.);
#614=ORIENTED_EDGE('',*,*,#1477,.F.);
#615=ORIENTED_EDGE('',*,*,#1445,.T.);
#616=ORIENTED_EDGE('',*,*,#1471,.T.);
#617=ORIENTED_EDGE('',*,*,#1475,.F.);
#618=ORIENTED_EDGE('',*,*,#1478,.F.);
#619=ORIENTED_EDGE('',*,*,#1477,.T.);
#620=ORIENTED_EDGE('',*,*,#1479,.T.);
#621=ORIENTED_EDGE('',*,*,#1369,.F.);
#622=ORIENTED_EDGE('',*,*,#1448,.F.);
#623=ORIENTED_EDGE('',*,*,#1341,.T.);
#624=ORIENTED_EDGE('',*,*,#1478,.T.);
#625=ORIENTED_EDGE('',*,*,#1476,.T.);
#626=ORIENTED_EDGE('',*,*,#1480,.T.);
#627=ORIENTED_EDGE('',*,*,#1412,.F.);
#628=ORIENTED_EDGE('',*,*,#1479,.F.);
#629=ORIENTED_EDGE('',*,*,#1473,.T.);
#630=ORIENTED_EDGE('',*,*,#1481,.F.);
#631=ORIENTED_EDGE('',*,*,#1482,.F.);
#632=ORIENTED_EDGE('',*,*,#1483,.F.);
#633=ORIENTED_EDGE('',*,*,#1413,.F.);
#634=ORIENTED_EDGE('',*,*,#1480,.F.);
#635=ORIENTED_EDGE('',*,*,#1482,.T.);
#636=ORIENTED_EDGE('',*,*,#1484,.F.);
#637=ORIENTED_EDGE('',*,*,#1485,.F.);
#638=ORIENTED_EDGE('',*,*,#1486,.F.);
#639=ORIENTED_EDGE('',*,*,#1487,.T.);
#640=ORIENTED_EDGE('',*,*,#1486,.T.);
#641=ORIENTED_EDGE('',*,*,#1488,.F.);
#642=ORIENTED_EDGE('',*,*,#1489,.F.);
#643=ORIENTED_EDGE('',*,*,#1414,.T.);
#644=ORIENTED_EDGE('',*,*,#1483,.T.);
#645=ORIENTED_EDGE('',*,*,#1487,.F.);
#646=ORIENTED_EDGE('',*,*,#1490,.F.);
#647=ORIENTED_EDGE('',*,*,#1489,.T.);
#648=ORIENTED_EDGE('',*,*,#1491,.T.);
#649=ORIENTED_EDGE('',*,*,#1300,.F.);
#650=ORIENTED_EDGE('',*,*,#1424,.F.);
#651=ORIENTED_EDGE('',*,*,#1371,.T.);
#652=ORIENTED_EDGE('',*,*,#1490,.T.);
#653=ORIENTED_EDGE('',*,*,#1488,.T.);
#654=ORIENTED_EDGE('',*,*,#1492,.T.);
#655=ORIENTED_EDGE('',*,*,#1493,.F.);
#656=ORIENTED_EDGE('',*,*,#1491,.F.);
#657=ORIENTED_EDGE('',*,*,#1493,.T.);
#658=ORIENTED_EDGE('',*,*,#1494,.T.);
#659=ORIENTED_EDGE('',*,*,#1495,.F.);
#660=ORIENTED_EDGE('',*,*,#1301,.F.);
#661=ORIENTED_EDGE('',*,*,#1403,.T.);
#662=ORIENTED_EDGE('',*,*,#1456,.T.);
#663=ORIENTED_EDGE('',*,*,#1317,.F.);
#664=ORIENTED_EDGE('',*,*,#1451,.F.);
#665=ORIENTED_EDGE('',*,*,#1302,.T.);
#666=ORIENTED_EDGE('',*,*,#1496,.T.);
#667=ORIENTED_EDGE('',*,*,#1495,.T.);
#668=ORIENTED_EDGE('',*,*,#1497,.T.);
#669=ORIENTED_EDGE('',*,*,#1401,.F.);
#670=ORIENTED_EDGE('',*,*,#1496,.F.);
#671=ORIENTED_EDGE('',*,*,#1494,.F.);
#672=ORIENTED_EDGE('',*,*,#1492,.F.);
#673=ORIENTED_EDGE('',*,*,#1485,.T.);
#674=ORIENTED_EDGE('',*,*,#1498,.F.);
#675=ORIENTED_EDGE('',*,*,#1397,.F.);
#676=ORIENTED_EDGE('',*,*,#1497,.F.);
#677=ORIENTED_EDGE('',*,*,#1499,.T.);
#678=ORIENTED_EDGE('',*,*,#1498,.T.);
#679=ORIENTED_EDGE('',*,*,#1500,.F.);
#680=ORIENTED_EDGE('',*,*,#1501,.F.);
#681=ORIENTED_EDGE('',*,*,#1502,.T.);
#682=ORIENTED_EDGE('',*,*,#1398,.T.);
#683=ORIENTED_EDGE('',*,*,#1499,.F.);
#684=ORIENTED_EDGE('',*,*,#1503,.F.);
#685=ORIENTED_EDGE('',*,*,#1504,.T.);
#686=ORIENTED_EDGE('',*,*,#1457,.T.);
#687=ORIENTED_EDGE('',*,*,#1502,.F.);
#688=ORIENTED_EDGE('',*,*,#1505,.F.);
#689=ORIENTED_EDGE('',*,*,#1506,.T.);
#690=ORIENTED_EDGE('',*,*,#1460,.T.);
#691=ORIENTED_EDGE('',*,*,#1504,.F.);
#692=ORIENTED_EDGE('',*,*,#1507,.F.);
#693=ORIENTED_EDGE('',*,*,#1508,.T.);
#694=ORIENTED_EDGE('',*,*,#1469,.T.);
#695=ORIENTED_EDGE('',*,*,#1506,.F.);
#696=ORIENTED_EDGE('',*,*,#1509,.F.);
#697=ORIENTED_EDGE('',*,*,#1510,.T.);
#698=ORIENTED_EDGE('',*,*,#1472,.T.);
#699=ORIENTED_EDGE('',*,*,#1508,.F.);
#700=ORIENTED_EDGE('',*,*,#1511,.F.);
#701=ORIENTED_EDGE('',*,*,#1512,.T.);
#702=ORIENTED_EDGE('',*,*,#1481,.T.);
#703=ORIENTED_EDGE('',*,*,#1510,.F.);
#704=ORIENTED_EDGE('',*,*,#1513,.F.);
#705=ORIENTED_EDGE('',*,*,#1500,.T.);
#706=ORIENTED_EDGE('',*,*,#1484,.T.);
#707=ORIENTED_EDGE('',*,*,#1512,.F.);
#708=ORIENTED_EDGE('',*,*,#1514,.F.);
#709=ORIENTED_EDGE('',*,*,#1513,.T.);
#710=ORIENTED_EDGE('',*,*,#1511,.T.);
#711=ORIENTED_EDGE('',*,*,#1509,.T.);
#712=ORIENTED_EDGE('',*,*,#1507,.T.);
#713=ORIENTED_EDGE('',*,*,#1505,.T.);
#714=ORIENTED_EDGE('',*,*,#1503,.T.);
#715=ORIENTED_EDGE('',*,*,#1501,.T.);
#716=ORIENTED_EDGE('',*,*,#1514,.T.);
#717=ORIENTED_EDGE('',*,*,#1515,.F.);
#718=ORIENTED_EDGE('',*,*,#1516,.F.);
#719=ORIENTED_EDGE('',*,*,#1517,.T.);
#720=ORIENTED_EDGE('',*,*,#1518,.F.);
#721=ORIENTED_EDGE('',*,*,#1519,.F.);
#722=ORIENTED_EDGE('',*,*,#1520,.F.);
#723=ORIENTED_EDGE('',*,*,#1521,.T.);
#724=ORIENTED_EDGE('',*,*,#1515,.T.);
#725=ORIENTED_EDGE('',*,*,#1522,.F.);
#726=ORIENTED_EDGE('',*,*,#1523,.F.);
#727=ORIENTED_EDGE('',*,*,#1520,.T.);
#728=ORIENTED_EDGE('',*,*,#1524,.F.);
#729=ORIENTED_EDGE('',*,*,#1525,.T.);
#730=ORIENTED_EDGE('',*,*,#1522,.T.);
#731=ORIENTED_EDGE('',*,*,#1526,.F.);
#732=ORIENTED_EDGE('',*,*,#1527,.F.);
#733=ORIENTED_EDGE('',*,*,#1528,.F.);
#734=ORIENTED_EDGE('',*,*,#1529,.F.);
#735=ORIENTED_EDGE('',*,*,#1527,.T.);
#736=ORIENTED_EDGE('',*,*,#1530,.F.);
#737=ORIENTED_EDGE('',*,*,#1531,.F.);
#738=ORIENTED_EDGE('',*,*,#1532,.F.);
#739=ORIENTED_EDGE('',*,*,#1533,.T.);
#740=ORIENTED_EDGE('',*,*,#1528,.T.);
#741=ORIENTED_EDGE('',*,*,#1534,.F.);
#742=ORIENTED_EDGE('',*,*,#1535,.F.);
#743=ORIENTED_EDGE('',*,*,#1532,.T.);
#744=ORIENTED_EDGE('',*,*,#1536,.F.);
#745=ORIENTED_EDGE('',*,*,#1537,.F.);
#746=ORIENTED_EDGE('',*,*,#1517,.F.);
#747=ORIENTED_EDGE('',*,*,#1538,.T.);
#748=ORIENTED_EDGE('',*,*,#1534,.T.);
#749=ORIENTED_EDGE('',*,*,#1539,.F.);
#750=ORIENTED_EDGE('',*,*,#1540,.T.);
#751=ORIENTED_EDGE('',*,*,#1541,.T.);
#752=ORIENTED_EDGE('',*,*,#1542,.F.);
#753=ORIENTED_EDGE('',*,*,#1541,.F.);
#754=ORIENTED_EDGE('',*,*,#1543,.F.);
#755=ORIENTED_EDGE('',*,*,#1544,.T.);
#756=ORIENTED_EDGE('',*,*,#1545,.T.);
#757=ORIENTED_EDGE('',*,*,#1544,.F.);
#758=ORIENTED_EDGE('',*,*,#1546,.T.);
#759=ORIENTED_EDGE('',*,*,#1547,.T.);
#760=ORIENTED_EDGE('',*,*,#1548,.F.);
#761=ORIENTED_EDGE('',*,*,#1547,.F.);
#762=ORIENTED_EDGE('',*,*,#1549,.F.);
#763=ORIENTED_EDGE('',*,*,#1550,.T.);
#764=ORIENTED_EDGE('',*,*,#1551,.T.);
#765=ORIENTED_EDGE('',*,*,#1552,.F.);
#766=ORIENTED_EDGE('',*,*,#1553,.T.);
#767=ORIENTED_EDGE('',*,*,#1554,.T.);
#768=ORIENTED_EDGE('',*,*,#1555,.T.);
#769=ORIENTED_EDGE('',*,*,#1516,.T.);
#770=ORIENTED_EDGE('',*,*,#1521,.F.);
#771=ORIENTED_EDGE('',*,*,#1523,.T.);
#772=ORIENTED_EDGE('',*,*,#1525,.F.);
#773=ORIENTED_EDGE('',*,*,#1529,.T.);
#774=ORIENTED_EDGE('',*,*,#1533,.F.);
#775=ORIENTED_EDGE('',*,*,#1535,.T.);
#776=ORIENTED_EDGE('',*,*,#1538,.F.);
#777=ORIENTED_EDGE('',*,*,#1542,.T.);
#778=ORIENTED_EDGE('',*,*,#1545,.F.);
#779=ORIENTED_EDGE('',*,*,#1548,.T.);
#780=ORIENTED_EDGE('',*,*,#1551,.F.);
#781=ORIENTED_EDGE('',*,*,#1556,.T.);
#782=ORIENTED_EDGE('',*,*,#1554,.F.);
#783=ORIENTED_EDGE('',*,*,#1557,.T.);
#784=ORIENTED_EDGE('',*,*,#1558,.T.);
#785=ORIENTED_EDGE('',*,*,#1539,.T.);
#786=ORIENTED_EDGE('',*,*,#1558,.F.);
#787=ORIENTED_EDGE('',*,*,#1559,.T.);
#788=ORIENTED_EDGE('',*,*,#1560,.F.);
#789=ORIENTED_EDGE('',*,*,#1526,.T.);
#790=ORIENTED_EDGE('',*,*,#1524,.T.);
#791=ORIENTED_EDGE('',*,*,#1519,.T.);
#792=ORIENTED_EDGE('',*,*,#1518,.T.);
#793=ORIENTED_EDGE('',*,*,#1537,.T.);
#794=ORIENTED_EDGE('',*,*,#1536,.T.);
#795=ORIENTED_EDGE('',*,*,#1531,.T.);
#796=ORIENTED_EDGE('',*,*,#1530,.T.);
#797=ORIENTED_EDGE('',*,*,#1314,.F.);
#798=ORIENTED_EDGE('',*,*,#1561,.T.);
#799=ORIENTED_EDGE('',*,*,#1326,.F.);
#800=ORIENTED_EDGE('',*,*,#1335,.F.);
#801=ORIENTED_EDGE('',*,*,#1562,.T.);
#802=ORIENTED_EDGE('',*,*,#1549,.T.);
#803=ORIENTED_EDGE('',*,*,#1546,.F.);
#804=ORIENTED_EDGE('',*,*,#1543,.T.);
#805=ORIENTED_EDGE('',*,*,#1540,.F.);
#806=ORIENTED_EDGE('',*,*,#1560,.T.);
#807=ORIENTED_EDGE('',*,*,#1563,.T.);
#808=ORIENTED_EDGE('',*,*,#1306,.F.);
#809=ORIENTED_EDGE('',*,*,#1564,.T.);
#810=ORIENTED_EDGE('',*,*,#1565,.F.);
#811=ORIENTED_EDGE('',*,*,#1566,.F.);
#812=ORIENTED_EDGE('',*,*,#1567,.T.);
#813=ORIENTED_EDGE('',*,*,#1568,.F.);
#814=ORIENTED_EDGE('',*,*,#1569,.F.);
#815=ORIENTED_EDGE('',*,*,#1565,.T.);
#816=ORIENTED_EDGE('',*,*,#1570,.F.);
#817=ORIENTED_EDGE('',*,*,#1571,.T.);
#818=ORIENTED_EDGE('',*,*,#1329,.F.);
#819=ORIENTED_EDGE('',*,*,#1572,.F.);
#820=ORIENTED_EDGE('',*,*,#1568,.T.);
#821=ORIENTED_EDGE('',*,*,#1573,.T.);
#822=ORIENTED_EDGE('',*,*,#1346,.T.);
#823=ORIENTED_EDGE('',*,*,#1574,.F.);
#824=ORIENTED_EDGE('',*,*,#1575,.T.);
#825=ORIENTED_EDGE('',*,*,#1575,.F.);
#826=ORIENTED_EDGE('',*,*,#1576,.F.);
#827=ORIENTED_EDGE('',*,*,#1577,.T.);
#828=ORIENTED_EDGE('',*,*,#1578,.F.);
#829=ORIENTED_EDGE('',*,*,#1579,.T.);
#830=ORIENTED_EDGE('',*,*,#1577,.F.);
#831=ORIENTED_EDGE('',*,*,#1580,.F.);
#832=ORIENTED_EDGE('',*,*,#1581,.T.);
#833=ORIENTED_EDGE('',*,*,#1293,.F.);
#834=ORIENTED_EDGE('',*,*,#1582,.F.);
#835=ORIENTED_EDGE('',*,*,#1348,.T.);
#836=ORIENTED_EDGE('',*,*,#1583,.T.);
#837=ORIENTED_EDGE('',*,*,#1584,.F.);
#838=ORIENTED_EDGE('',*,*,#1295,.F.);
#839=ORIENTED_EDGE('',*,*,#1585,.T.);
#840=ORIENTED_EDGE('',*,*,#1586,.F.);
#841=ORIENTED_EDGE('',*,*,#1581,.F.);
#842=ORIENTED_EDGE('',*,*,#1587,.F.);
#843=ORIENTED_EDGE('',*,*,#1586,.T.);
#844=ORIENTED_EDGE('',*,*,#1588,.F.);
#845=ORIENTED_EDGE('',*,*,#1589,.F.);
#846=ORIENTED_EDGE('',*,*,#1585,.F.);
#847=ORIENTED_EDGE('',*,*,#1294,.T.);
#848=ORIENTED_EDGE('',*,*,#1583,.F.);
#849=ORIENTED_EDGE('',*,*,#1347,.T.);
#850=ORIENTED_EDGE('',*,*,#1573,.F.);
#851=ORIENTED_EDGE('',*,*,#1578,.T.);
#852=ORIENTED_EDGE('',*,*,#1579,.F.);
#853=ORIENTED_EDGE('',*,*,#1588,.T.);
#854=ORIENTED_EDGE('',*,*,#1589,.T.);
#855=ORIENTED_EDGE('',*,*,#1590,.F.);
#856=ORIENTED_EDGE('',*,*,#1590,.T.);
#857=ORIENTED_EDGE('',*,*,#1580,.T.);
#858=ORIENTED_EDGE('',*,*,#1576,.T.);
#859=ORIENTED_EDGE('',*,*,#1574,.T.);
#860=ORIENTED_EDGE('',*,*,#1345,.F.);
#861=ORIENTED_EDGE('',*,*,#1374,.T.);
#862=ORIENTED_EDGE('',*,*,#1296,.F.);
#863=ORIENTED_EDGE('',*,*,#1584,.T.);
#864=ORIENTED_EDGE('',*,*,#1587,.T.);
#865=ORIENTED_EDGE('',*,*,#1555,.F.);
#866=ORIENTED_EDGE('',*,*,#1556,.F.);
#867=ORIENTED_EDGE('',*,*,#1550,.F.);
#868=ORIENTED_EDGE('',*,*,#1562,.F.);
#869=ORIENTED_EDGE('',*,*,#1334,.T.);
#870=ORIENTED_EDGE('',*,*,#1591,.F.);
#871=ORIENTED_EDGE('',*,*,#1592,.F.);
#872=ORIENTED_EDGE('',*,*,#1593,.T.);
#873=ORIENTED_EDGE('',*,*,#1594,.F.);
#874=ORIENTED_EDGE('',*,*,#1595,.F.);
#875=ORIENTED_EDGE('',*,*,#1596,.F.);
#876=ORIENTED_EDGE('',*,*,#1595,.T.);
#877=ORIENTED_EDGE('',*,*,#1597,.T.);
#878=ORIENTED_EDGE('',*,*,#1598,.T.);
#879=ORIENTED_EDGE('',*,*,#1599,.T.);
#880=ORIENTED_EDGE('',*,*,#1594,.T.);
#881=ORIENTED_EDGE('',*,*,#1600,.T.);
#882=ORIENTED_EDGE('',*,*,#1601,.F.);
#883=ORIENTED_EDGE('',*,*,#1597,.F.);
#884=ORIENTED_EDGE('',*,*,#1602,.T.);
#885=ORIENTED_EDGE('',*,*,#1598,.F.);
#886=ORIENTED_EDGE('',*,*,#1601,.T.);
#887=ORIENTED_EDGE('',*,*,#1603,.T.);
#888=ORIENTED_EDGE('',*,*,#1592,.T.);
#889=ORIENTED_EDGE('',*,*,#1599,.F.);
#890=ORIENTED_EDGE('',*,*,#1602,.F.);
#891=ORIENTED_EDGE('',*,*,#1604,.T.);
#892=ORIENTED_EDGE('',*,*,#1605,.T.);
#893=ORIENTED_EDGE('',*,*,#1606,.F.);
#894=ORIENTED_EDGE('',*,*,#1607,.F.);
#895=ORIENTED_EDGE('',*,*,#1608,.T.);
#896=ORIENTED_EDGE('',*,*,#1609,.T.);
#897=ORIENTED_EDGE('',*,*,#1610,.F.);
#898=ORIENTED_EDGE('',*,*,#1611,.F.);
#899=ORIENTED_EDGE('',*,*,#1612,.F.);
#900=ORIENTED_EDGE('',*,*,#1613,.T.);
#901=ORIENTED_EDGE('',*,*,#1614,.F.);
#902=ORIENTED_EDGE('',*,*,#1609,.F.);
#903=ORIENTED_EDGE('',*,*,#1615,.T.);
#904=ORIENTED_EDGE('',*,*,#1616,.T.);
#905=ORIENTED_EDGE('',*,*,#1617,.F.);
#906=ORIENTED_EDGE('',*,*,#1613,.F.);
#907=ORIENTED_EDGE('',*,*,#1618,.F.);
#908=ORIENTED_EDGE('',*,*,#1619,.F.);
#909=ORIENTED_EDGE('',*,*,#1616,.F.);
#910=ORIENTED_EDGE('',*,*,#1620,.F.);
#911=ORIENTED_EDGE('',*,*,#1621,.F.);
#912=ORIENTED_EDGE('',*,*,#1608,.F.);
#913=ORIENTED_EDGE('',*,*,#1622,.F.);
#914=ORIENTED_EDGE('',*,*,#1621,.T.);
#915=ORIENTED_EDGE('',*,*,#1623,.F.);
#916=ORIENTED_EDGE('',*,*,#1603,.F.);
#917=ORIENTED_EDGE('',*,*,#1600,.F.);
#918=ORIENTED_EDGE('',*,*,#1593,.F.);
#919=ORIENTED_EDGE('',*,*,#1604,.F.);
#920=ORIENTED_EDGE('',*,*,#1620,.T.);
#921=ORIENTED_EDGE('',*,*,#1618,.T.);
#922=ORIENTED_EDGE('',*,*,#1615,.F.);
#923=ORIENTED_EDGE('',*,*,#1612,.T.);
#924=ORIENTED_EDGE('',*,*,#1624,.F.);
#925=ORIENTED_EDGE('',*,*,#1625,.T.);
#926=ORIENTED_EDGE('',*,*,#1605,.F.);
#927=ORIENTED_EDGE('',*,*,#1623,.T.);
#928=ORIENTED_EDGE('',*,*,#1626,.F.);
#929=ORIENTED_EDGE('',*,*,#1627,.F.);
#930=ORIENTED_EDGE('',*,*,#1606,.T.);
#931=ORIENTED_EDGE('',*,*,#1625,.F.);
#932=ORIENTED_EDGE('',*,*,#1624,.T.);
#933=ORIENTED_EDGE('',*,*,#1611,.T.);
#934=ORIENTED_EDGE('',*,*,#1628,.F.);
#935=ORIENTED_EDGE('',*,*,#1626,.T.);
#936=ORIENTED_EDGE('',*,*,#1610,.T.);
#937=ORIENTED_EDGE('',*,*,#1614,.T.);
#938=ORIENTED_EDGE('',*,*,#1617,.T.);
#939=ORIENTED_EDGE('',*,*,#1619,.T.);
#940=ORIENTED_EDGE('',*,*,#1622,.T.);
#941=ORIENTED_EDGE('',*,*,#1607,.T.);
#942=ORIENTED_EDGE('',*,*,#1627,.T.);
#943=ORIENTED_EDGE('',*,*,#1628,.T.);
#944=ORIENTED_EDGE('',*,*,#1333,.F.);
#945=ORIENTED_EDGE('',*,*,#1349,.F.);
#946=ORIENTED_EDGE('',*,*,#1582,.T.);
#947=ORIENTED_EDGE('',*,*,#1292,.F.);
#948=ORIENTED_EDGE('',*,*,#1308,.T.);
#949=ORIENTED_EDGE('',*,*,#1629,.T.);
#950=ORIENTED_EDGE('',*,*,#1552,.T.);
#951=ORIENTED_EDGE('',*,*,#1591,.T.);
#952=ORIENTED_EDGE('',*,*,#1563,.F.);
#953=ORIENTED_EDGE('',*,*,#1559,.F.);
#954=ORIENTED_EDGE('',*,*,#1557,.F.);
#955=ORIENTED_EDGE('',*,*,#1553,.F.);
#956=ORIENTED_EDGE('',*,*,#1629,.F.);
#957=ORIENTED_EDGE('',*,*,#1307,.T.);
#958=ORIENTED_EDGE('',*,*,#1630,.F.);
#959=ORIENTED_EDGE('',*,*,#1311,.T.);
#960=ORIENTED_EDGE('',*,*,#1631,.T.);
#961=ORIENTED_EDGE('',*,*,#1632,.F.);
#962=ORIENTED_EDGE('',*,*,#1567,.F.);
#963=ORIENTED_EDGE('',*,*,#1633,.F.);
#964=ORIENTED_EDGE('',*,*,#1632,.T.);
#965=ORIENTED_EDGE('',*,*,#1634,.F.);
#966=ORIENTED_EDGE('',*,*,#1635,.F.);
#967=ORIENTED_EDGE('',*,*,#1631,.F.);
#968=ORIENTED_EDGE('',*,*,#1310,.F.);
#969=ORIENTED_EDGE('',*,*,#1324,.T.);
#970=ORIENTED_EDGE('',*,*,#1330,.F.);
#971=ORIENTED_EDGE('',*,*,#1571,.F.);
#972=ORIENTED_EDGE('',*,*,#1570,.T.);
#973=ORIENTED_EDGE('',*,*,#1564,.F.);
#974=ORIENTED_EDGE('',*,*,#1634,.T.);
#975=ORIENTED_EDGE('',*,*,#1636,.F.);
#976=ORIENTED_EDGE('',*,*,#1635,.T.);
#977=ORIENTED_EDGE('',*,*,#1636,.T.);
#978=ORIENTED_EDGE('',*,*,#1566,.T.);
#979=ORIENTED_EDGE('',*,*,#1569,.T.);
#980=ORIENTED_EDGE('',*,*,#1572,.T.);
#981=ORIENTED_EDGE('',*,*,#1328,.T.);
#982=ORIENTED_EDGE('',*,*,#1637,.F.);
#983=ORIENTED_EDGE('',*,*,#1312,.T.);
#984=ORIENTED_EDGE('',*,*,#1630,.T.);
#985=ORIENTED_EDGE('',*,*,#1633,.T.);
#986=ORIENTED_EDGE('',*,*,#1327,.F.);
#987=ORIENTED_EDGE('',*,*,#1561,.F.);
#988=ORIENTED_EDGE('',*,*,#1313,.T.);
#989=ORIENTED_EDGE('',*,*,#1637,.T.);
#990=ORIENTED_EDGE('',*,*,#1638,.F.);
#991=ORIENTED_EDGE('',*,*,#1639,.T.);
#992=ORIENTED_EDGE('',*,*,#1640,.F.);
#993=ORIENTED_EDGE('',*,*,#1641,.F.);
#994=ORIENTED_EDGE('',*,*,#1642,.F.);
#995=ORIENTED_EDGE('',*,*,#1643,.F.);
#996=ORIENTED_EDGE('',*,*,#1641,.T.);
#997=ORIENTED_EDGE('',*,*,#1644,.T.);
#998=ORIENTED_EDGE('',*,*,#1645,.T.);
#999=ORIENTED_EDGE('',*,*,#1642,.T.);
#1000=ORIENTED_EDGE('',*,*,#1645,.F.);
#1001=ORIENTED_EDGE('',*,*,#1646,.T.);
#1002=ORIENTED_EDGE('',*,*,#1647,.T.);
#1003=ORIENTED_EDGE('',*,*,#1648,.F.);
#1004=ORIENTED_EDGE('',*,*,#1649,.F.);
#1005=ORIENTED_EDGE('',*,*,#1650,.F.);
#1006=ORIENTED_EDGE('',*,*,#1651,.F.);
#1007=ORIENTED_EDGE('',*,*,#1652,.T.);
#1008=ORIENTED_EDGE('',*,*,#1653,.T.);
#1009=ORIENTED_EDGE('',*,*,#1651,.T.);
#1010=ORIENTED_EDGE('',*,*,#1654,.T.);
#1011=ORIENTED_EDGE('',*,*,#1655,.T.);
#1012=ORIENTED_EDGE('',*,*,#1648,.T.);
#1013=ORIENTED_EDGE('',*,*,#1653,.F.);
#1014=ORIENTED_EDGE('',*,*,#1656,.F.);
#1015=ORIENTED_EDGE('',*,*,#1657,.F.);
#1016=ORIENTED_EDGE('',*,*,#1658,.F.);
#1017=ORIENTED_EDGE('',*,*,#1659,.F.);
#1018=ORIENTED_EDGE('',*,*,#1660,.T.);
#1019=ORIENTED_EDGE('',*,*,#1661,.T.);
#1020=ORIENTED_EDGE('',*,*,#1659,.T.);
#1021=ORIENTED_EDGE('',*,*,#1662,.T.);
#1022=ORIENTED_EDGE('',*,*,#1663,.T.);
#1023=ORIENTED_EDGE('',*,*,#1656,.T.);
#1024=ORIENTED_EDGE('',*,*,#1661,.F.);
#1025=ORIENTED_EDGE('',*,*,#1664,.F.);
#1026=ORIENTED_EDGE('',*,*,#1665,.F.);
#1027=ORIENTED_EDGE('',*,*,#1666,.F.);
#1028=ORIENTED_EDGE('',*,*,#1667,.F.);
#1029=ORIENTED_EDGE('',*,*,#1668,.T.);
#1030=ORIENTED_EDGE('',*,*,#1669,.T.);
#1031=ORIENTED_EDGE('',*,*,#1667,.T.);
#1032=ORIENTED_EDGE('',*,*,#1670,.T.);
#1033=ORIENTED_EDGE('',*,*,#1671,.T.);
#1034=ORIENTED_EDGE('',*,*,#1664,.T.);
#1035=ORIENTED_EDGE('',*,*,#1669,.F.);
#1036=ORIENTED_EDGE('',*,*,#1672,.F.);
#1037=ORIENTED_EDGE('',*,*,#1673,.F.);
#1038=ORIENTED_EDGE('',*,*,#1674,.F.);
#1039=ORIENTED_EDGE('',*,*,#1675,.F.);
#1040=ORIENTED_EDGE('',*,*,#1676,.T.);
#1041=ORIENTED_EDGE('',*,*,#1677,.T.);
#1042=ORIENTED_EDGE('',*,*,#1675,.T.);
#1043=ORIENTED_EDGE('',*,*,#1678,.T.);
#1044=ORIENTED_EDGE('',*,*,#1679,.T.);
#1045=ORIENTED_EDGE('',*,*,#1672,.T.);
#1046=ORIENTED_EDGE('',*,*,#1677,.F.);
#1047=ORIENTED_EDGE('',*,*,#1680,.F.);
#1048=ORIENTED_EDGE('',*,*,#1681,.F.);
#1049=ORIENTED_EDGE('',*,*,#1682,.F.);
#1050=ORIENTED_EDGE('',*,*,#1683,.F.);
#1051=ORIENTED_EDGE('',*,*,#1684,.T.);
#1052=ORIENTED_EDGE('',*,*,#1685,.T.);
#1053=ORIENTED_EDGE('',*,*,#1683,.T.);
#1054=ORIENTED_EDGE('',*,*,#1686,.T.);
#1055=ORIENTED_EDGE('',*,*,#1687,.T.);
#1056=ORIENTED_EDGE('',*,*,#1680,.T.);
#1057=ORIENTED_EDGE('',*,*,#1685,.F.);
#1058=ORIENTED_EDGE('',*,*,#1688,.F.);
#1059=ORIENTED_EDGE('',*,*,#1689,.F.);
#1060=ORIENTED_EDGE('',*,*,#1690,.F.);
#1061=ORIENTED_EDGE('',*,*,#1691,.F.);
#1062=ORIENTED_EDGE('',*,*,#1692,.T.);
#1063=ORIENTED_EDGE('',*,*,#1693,.T.);
#1064=ORIENTED_EDGE('',*,*,#1691,.T.);
#1065=ORIENTED_EDGE('',*,*,#1694,.T.);
#1066=ORIENTED_EDGE('',*,*,#1695,.T.);
#1067=ORIENTED_EDGE('',*,*,#1688,.T.);
#1068=ORIENTED_EDGE('',*,*,#1693,.F.);
#1069=ORIENTED_EDGE('',*,*,#1696,.F.);
#1070=ORIENTED_EDGE('',*,*,#1697,.F.);
#1071=ORIENTED_EDGE('',*,*,#1698,.F.);
#1072=ORIENTED_EDGE('',*,*,#1699,.F.);
#1073=ORIENTED_EDGE('',*,*,#1700,.T.);
#1074=ORIENTED_EDGE('',*,*,#1701,.T.);
#1075=ORIENTED_EDGE('',*,*,#1699,.T.);
#1076=ORIENTED_EDGE('',*,*,#1702,.T.);
#1077=ORIENTED_EDGE('',*,*,#1703,.T.);
#1078=ORIENTED_EDGE('',*,*,#1696,.T.);
#1079=ORIENTED_EDGE('',*,*,#1701,.F.);
#1080=ORIENTED_EDGE('',*,*,#1704,.F.);
#1081=ORIENTED_EDGE('',*,*,#1705,.F.);
#1082=ORIENTED_EDGE('',*,*,#1706,.F.);
#1083=ORIENTED_EDGE('',*,*,#1707,.F.);
#1084=ORIENTED_EDGE('',*,*,#1708,.T.);
#1085=ORIENTED_EDGE('',*,*,#1709,.T.);
#1086=ORIENTED_EDGE('',*,*,#1707,.T.);
#1087=ORIENTED_EDGE('',*,*,#1710,.T.);
#1088=ORIENTED_EDGE('',*,*,#1711,.T.);
#1089=ORIENTED_EDGE('',*,*,#1704,.T.);
#1090=ORIENTED_EDGE('',*,*,#1709,.F.);
#1091=ORIENTED_EDGE('',*,*,#1712,.F.);
#1092=ORIENTED_EDGE('',*,*,#1713,.F.);
#1093=ORIENTED_EDGE('',*,*,#1714,.F.);
#1094=ORIENTED_EDGE('',*,*,#1715,.F.);
#1095=ORIENTED_EDGE('',*,*,#1716,.T.);
#1096=ORIENTED_EDGE('',*,*,#1717,.T.);
#1097=ORIENTED_EDGE('',*,*,#1715,.T.);
#1098=ORIENTED_EDGE('',*,*,#1718,.T.);
#1099=ORIENTED_EDGE('',*,*,#1719,.T.);
#1100=ORIENTED_EDGE('',*,*,#1712,.T.);
#1101=ORIENTED_EDGE('',*,*,#1717,.F.);
#1102=ORIENTED_EDGE('',*,*,#1720,.F.);
#1103=ORIENTED_EDGE('',*,*,#1721,.F.);
#1104=ORIENTED_EDGE('',*,*,#1722,.F.);
#1105=ORIENTED_EDGE('',*,*,#1723,.F.);
#1106=ORIENTED_EDGE('',*,*,#1724,.T.);
#1107=ORIENTED_EDGE('',*,*,#1725,.T.);
#1108=ORIENTED_EDGE('',*,*,#1723,.T.);
#1109=ORIENTED_EDGE('',*,*,#1726,.T.);
#1110=ORIENTED_EDGE('',*,*,#1727,.T.);
#1111=ORIENTED_EDGE('',*,*,#1720,.T.);
#1112=ORIENTED_EDGE('',*,*,#1725,.F.);
#1113=ORIENTED_EDGE('',*,*,#1728,.F.);
#1114=ORIENTED_EDGE('',*,*,#1729,.F.);
#1115=ORIENTED_EDGE('',*,*,#1730,.F.);
#1116=ORIENTED_EDGE('',*,*,#1731,.F.);
#1117=ORIENTED_EDGE('',*,*,#1732,.T.);
#1118=ORIENTED_EDGE('',*,*,#1733,.T.);
#1119=ORIENTED_EDGE('',*,*,#1731,.T.);
#1120=ORIENTED_EDGE('',*,*,#1734,.T.);
#1121=ORIENTED_EDGE('',*,*,#1735,.T.);
#1122=ORIENTED_EDGE('',*,*,#1728,.T.);
#1123=ORIENTED_EDGE('',*,*,#1733,.F.);
#1124=ORIENTED_EDGE('',*,*,#1736,.F.);
#1125=ORIENTED_EDGE('',*,*,#1737,.F.);
#1126=ORIENTED_EDGE('',*,*,#1738,.F.);
#1127=ORIENTED_EDGE('',*,*,#1739,.F.);
#1128=ORIENTED_EDGE('',*,*,#1740,.T.);
#1129=ORIENTED_EDGE('',*,*,#1741,.T.);
#1130=ORIENTED_EDGE('',*,*,#1739,.T.);
#1131=ORIENTED_EDGE('',*,*,#1742,.T.);
#1132=ORIENTED_EDGE('',*,*,#1743,.T.);
#1133=ORIENTED_EDGE('',*,*,#1736,.T.);
#1134=ORIENTED_EDGE('',*,*,#1741,.F.);
#1135=ORIENTED_EDGE('',*,*,#1744,.F.);
#1136=ORIENTED_EDGE('',*,*,#1745,.F.);
#1137=ORIENTED_EDGE('',*,*,#1746,.F.);
#1138=ORIENTED_EDGE('',*,*,#1747,.F.);
#1139=ORIENTED_EDGE('',*,*,#1748,.T.);
#1140=ORIENTED_EDGE('',*,*,#1749,.T.);
#1141=ORIENTED_EDGE('',*,*,#1747,.T.);
#1142=ORIENTED_EDGE('',*,*,#1750,.T.);
#1143=ORIENTED_EDGE('',*,*,#1751,.T.);
#1144=ORIENTED_EDGE('',*,*,#1744,.T.);
#1145=ORIENTED_EDGE('',*,*,#1749,.F.);
#1146=ORIENTED_EDGE('',*,*,#1752,.T.);
#1147=ORIENTED_EDGE('',*,*,#1753,.T.);
#1148=ORIENTED_EDGE('',*,*,#1754,.T.);
#1149=ORIENTED_EDGE('',*,*,#1755,.F.);
#1150=ORIENTED_EDGE('',*,*,#1756,.T.);
#1151=ORIENTED_EDGE('',*,*,#1755,.T.);
#1152=ORIENTED_EDGE('',*,*,#1757,.T.);
#1153=ORIENTED_EDGE('',*,*,#1754,.F.);
#1154=ORIENTED_EDGE('',*,*,#1758,.F.);
#1155=ORIENTED_EDGE('',*,*,#1759,.F.);
#1156=ORIENTED_EDGE('',*,*,#1757,.F.);
#1157=ORIENTED_EDGE('',*,*,#1638,.T.);
#1158=ORIENTED_EDGE('',*,*,#1760,.F.);
#1159=ORIENTED_EDGE('',*,*,#1760,.T.);
#1160=ORIENTED_EDGE('',*,*,#1753,.F.);
#1161=ORIENTED_EDGE('',*,*,#1761,.T.);
#1162=ORIENTED_EDGE('',*,*,#1643,.T.);
#1163=ORIENTED_EDGE('',*,*,#1647,.F.);
#1164=ORIENTED_EDGE('',*,*,#1762,.T.);
#1165=ORIENTED_EDGE('',*,*,#1649,.T.);
#1166=ORIENTED_EDGE('',*,*,#1655,.F.);
#1167=ORIENTED_EDGE('',*,*,#1763,.T.);
#1168=ORIENTED_EDGE('',*,*,#1657,.T.);
#1169=ORIENTED_EDGE('',*,*,#1663,.F.);
#1170=ORIENTED_EDGE('',*,*,#1764,.T.);
#1171=ORIENTED_EDGE('',*,*,#1665,.T.);
#1172=ORIENTED_EDGE('',*,*,#1671,.F.);
#1173=ORIENTED_EDGE('',*,*,#1765,.T.);
#1174=ORIENTED_EDGE('',*,*,#1673,.T.);
#1175=ORIENTED_EDGE('',*,*,#1679,.F.);
#1176=ORIENTED_EDGE('',*,*,#1766,.T.);
#1177=ORIENTED_EDGE('',*,*,#1681,.T.);
#1178=ORIENTED_EDGE('',*,*,#1687,.F.);
#1179=ORIENTED_EDGE('',*,*,#1767,.T.);
#1180=ORIENTED_EDGE('',*,*,#1689,.T.);
#1181=ORIENTED_EDGE('',*,*,#1695,.F.);
#1182=ORIENTED_EDGE('',*,*,#1768,.T.);
#1183=ORIENTED_EDGE('',*,*,#1697,.T.);
#1184=ORIENTED_EDGE('',*,*,#1703,.F.);
#1185=ORIENTED_EDGE('',*,*,#1769,.T.);
#1186=ORIENTED_EDGE('',*,*,#1705,.T.);
#1187=ORIENTED_EDGE('',*,*,#1711,.F.);
#1188=ORIENTED_EDGE('',*,*,#1770,.T.);
#1189=ORIENTED_EDGE('',*,*,#1713,.T.);
#1190=ORIENTED_EDGE('',*,*,#1719,.F.);
#1191=ORIENTED_EDGE('',*,*,#1771,.T.);
#1192=ORIENTED_EDGE('',*,*,#1721,.T.);
#1193=ORIENTED_EDGE('',*,*,#1727,.F.);
#1194=ORIENTED_EDGE('',*,*,#1772,.T.);
#1195=ORIENTED_EDGE('',*,*,#1729,.T.);
#1196=ORIENTED_EDGE('',*,*,#1735,.F.);
#1197=ORIENTED_EDGE('',*,*,#1773,.T.);
#1198=ORIENTED_EDGE('',*,*,#1737,.T.);
#1199=ORIENTED_EDGE('',*,*,#1743,.F.);
#1200=ORIENTED_EDGE('',*,*,#1774,.T.);
#1201=ORIENTED_EDGE('',*,*,#1745,.T.);
#1202=ORIENTED_EDGE('',*,*,#1751,.F.);
#1203=ORIENTED_EDGE('',*,*,#1775,.T.);
#1204=ORIENTED_EDGE('',*,*,#1758,.T.);
#1205=ORIENTED_EDGE('',*,*,#1596,.T.);
#1206=ORIENTED_EDGE('',*,*,#1644,.F.);
#1207=ORIENTED_EDGE('',*,*,#1640,.T.);
#1208=ORIENTED_EDGE('',*,*,#1761,.F.);
#1209=ORIENTED_EDGE('',*,*,#1752,.F.);
#1210=ORIENTED_EDGE('',*,*,#1756,.F.);
#1211=ORIENTED_EDGE('',*,*,#1759,.T.);
#1212=ORIENTED_EDGE('',*,*,#1775,.F.);
#1213=ORIENTED_EDGE('',*,*,#1750,.F.);
#1214=ORIENTED_EDGE('',*,*,#1748,.F.);
#1215=ORIENTED_EDGE('',*,*,#1746,.T.);
#1216=ORIENTED_EDGE('',*,*,#1774,.F.);
#1217=ORIENTED_EDGE('',*,*,#1742,.F.);
#1218=ORIENTED_EDGE('',*,*,#1740,.F.);
#1219=ORIENTED_EDGE('',*,*,#1738,.T.);
#1220=ORIENTED_EDGE('',*,*,#1773,.F.);
#1221=ORIENTED_EDGE('',*,*,#1734,.F.);
#1222=ORIENTED_EDGE('',*,*,#1732,.F.);
#1223=ORIENTED_EDGE('',*,*,#1730,.T.);
#1224=ORIENTED_EDGE('',*,*,#1772,.F.);
#1225=ORIENTED_EDGE('',*,*,#1726,.F.);
#1226=ORIENTED_EDGE('',*,*,#1724,.F.);
#1227=ORIENTED_EDGE('',*,*,#1722,.T.);
#1228=ORIENTED_EDGE('',*,*,#1771,.F.);
#1229=ORIENTED_EDGE('',*,*,#1718,.F.);
#1230=ORIENTED_EDGE('',*,*,#1716,.F.);
#1231=ORIENTED_EDGE('',*,*,#1714,.T.);
#1232=ORIENTED_EDGE('',*,*,#1770,.F.);
#1233=ORIENTED_EDGE('',*,*,#1710,.F.);
#1234=ORIENTED_EDGE('',*,*,#1708,.F.);
#1235=ORIENTED_EDGE('',*,*,#1706,.T.);
#1236=ORIENTED_EDGE('',*,*,#1769,.F.);
#1237=ORIENTED_EDGE('',*,*,#1702,.F.);
#1238=ORIENTED_EDGE('',*,*,#1700,.F.);
#1239=ORIENTED_EDGE('',*,*,#1698,.T.);
#1240=ORIENTED_EDGE('',*,*,#1768,.F.);
#1241=ORIENTED_EDGE('',*,*,#1694,.F.);
#1242=ORIENTED_EDGE('',*,*,#1692,.F.);
#1243=ORIENTED_EDGE('',*,*,#1690,.T.);
#1244=ORIENTED_EDGE('',*,*,#1767,.F.);
#1245=ORIENTED_EDGE('',*,*,#1686,.F.);
#1246=ORIENTED_EDGE('',*,*,#1684,.F.);
#1247=ORIENTED_EDGE('',*,*,#1682,.T.);
#1248=ORIENTED_EDGE('',*,*,#1766,.F.);
#1249=ORIENTED_EDGE('',*,*,#1678,.F.);
#1250=ORIENTED_EDGE('',*,*,#1676,.F.);
#1251=ORIENTED_EDGE('',*,*,#1674,.T.);
#1252=ORIENTED_EDGE('',*,*,#1765,.F.);
#1253=ORIENTED_EDGE('',*,*,#1670,.F.);
#1254=ORIENTED_EDGE('',*,*,#1668,.F.);
#1255=ORIENTED_EDGE('',*,*,#1666,.T.);
#1256=ORIENTED_EDGE('',*,*,#1764,.F.);
#1257=ORIENTED_EDGE('',*,*,#1662,.F.);
#1258=ORIENTED_EDGE('',*,*,#1660,.F.);
#1259=ORIENTED_EDGE('',*,*,#1658,.T.);
#1260=ORIENTED_EDGE('',*,*,#1763,.F.);
#1261=ORIENTED_EDGE('',*,*,#1654,.F.);
#1262=ORIENTED_EDGE('',*,*,#1652,.F.);
#1263=ORIENTED_EDGE('',*,*,#1650,.T.);
#1264=ORIENTED_EDGE('',*,*,#1762,.F.);
#1265=ORIENTED_EDGE('',*,*,#1646,.F.);
#1266=ORIENTED_EDGE('',*,*,#1639,.F.);
#1267=EDGE_CURVE('',#1776,#1777,#2110,.T.);
#1268=EDGE_CURVE('',#1776,#1778,#2111,.T.);
#1269=EDGE_CURVE('',#1778,#1779,#2112,.T.);
#1270=EDGE_CURVE('',#1780,#1779,#151,.T.);
#1271=EDGE_CURVE('',#1780,#1781,#2113,.T.);
#1272=EDGE_CURVE('',#1782,#1781,#2114,.T.);
#1273=EDGE_CURVE('',#1783,#1782,#2115,.T.);
#1274=EDGE_CURVE('',#1783,#1777,#152,.T.);
#1275=EDGE_CURVE('',#1784,#1785,#2116,.T.);
#1276=EDGE_CURVE('',#1784,#1786,#2117,.T.);
#1277=EDGE_CURVE('',#1787,#1786,#2118,.T.);
#1278=EDGE_CURVE('',#1787,#1788,#153,.T.);
#1279=EDGE_CURVE('',#1789,#1788,#2119,.T.);
#1280=EDGE_CURVE('',#1790,#1789,#2120,.T.);
#1281=EDGE_CURVE('',#1791,#1790,#2121,.T.);
#1282=EDGE_CURVE('',#1791,#1785,#154,.T.);
#1283=EDGE_CURVE('',#1792,#1793,#2122,.T.);
#1284=EDGE_CURVE('',#1794,#1792,#2123,.T.);
#1285=EDGE_CURVE('',#1794,#1795,#155,.T.);
#1286=EDGE_CURVE('',#1796,#1795,#2124,.T.);
#1287=EDGE_CURVE('',#1796,#1797,#2125,.T.);
#1288=EDGE_CURVE('',#1798,#1797,#2126,.T.);
#1289=EDGE_CURVE('',#1798,#1799,#156,.T.);
#1290=EDGE_CURVE('',#1793,#1799,#2127,.T.);
#1291=EDGE_CURVE('',#1800,#1783,#2128,.T.);
#1292=EDGE_CURVE('',#1800,#1801,#157,.T.);
#1293=EDGE_CURVE('',#1801,#1802,#2129,.T.);
#1294=EDGE_CURVE('',#1803,#1802,#158,.T.);
#1295=EDGE_CURVE('',#1803,#1804,#2130,.T.);
#1296=EDGE_CURVE('',#1804,#1805,#159,.T.);
#1297=EDGE_CURVE('',#1805,#1777,#2131,.T.);
#1298=EDGE_CURVE('',#1782,#1806,#2132,.T.);
#1299=EDGE_CURVE('',#1807,#1806,#2133,.T.);
#1300=EDGE_CURVE('',#1807,#1808,#2134,.T.);
#1301=EDGE_CURVE('',#1808,#1809,#2135,.T.);
#1302=EDGE_CURVE('',#1810,#1809,#2136,.T.);
#1303=EDGE_CURVE('',#1810,#1811,#2137,.T.);
#1304=EDGE_CURVE('',#1784,#1811,#2138,.T.);
#1305=EDGE_CURVE('',#1812,#1785,#2139,.T.);
#1306=EDGE_CURVE('',#1812,#1813,#2140,.T.);
#1307=EDGE_CURVE('',#1814,#1813,#2141,.T.);
#1308=EDGE_CURVE('',#1800,#1814,#2142,.T.);
#1309=EDGE_CURVE('',#1815,#1791,#2143,.T.);
#1310=EDGE_CURVE('',#1815,#1816,#160,.T.);
#1311=EDGE_CURVE('',#1817,#1816,#2144,.T.);
#1312=EDGE_CURVE('',#1818,#1817,#161,.T.);
#1313=EDGE_CURVE('',#1819,#1818,#2145,.T.);
#1314=EDGE_CURVE('',#1819,#1812,#85,.T.);
#1315=EDGE_CURVE('',#1790,#1820,#2146,.T.);
#1316=EDGE_CURVE('',#1821,#1820,#2147,.T.);
#1317=EDGE_CURVE('',#1821,#1822,#2148,.T.);
#1318=EDGE_CURVE('',#1822,#1823,#2149,.T.);
#1319=EDGE_CURVE('',#1824,#1823,#2150,.T.);
#1320=EDGE_CURVE('',#1824,#1825,#2151,.T.);
#1321=EDGE_CURVE('',#1826,#1825,#2152,.T.);
#1322=EDGE_CURVE('',#1826,#1827,#2153,.T.);
#1323=EDGE_CURVE('',#1828,#1827,#2154,.T.);
#1324=EDGE_CURVE('',#1815,#1828,#2155,.T.);
#1325=EDGE_CURVE('',#1829,#1830,#2156,.T.);
#1326=EDGE_CURVE('',#1829,#1831,#86,.T.);
#1327=EDGE_CURVE('',#1831,#1832,#2157,.T.);
#1328=EDGE_CURVE('',#1833,#1832,#162,.T.);
#1329=EDGE_CURVE('',#1833,#1834,#2158,.T.);
#1330=EDGE_CURVE('',#1834,#1828,#163,.T.);
#1331=EDGE_CURVE('',#1830,#1827,#164,.T.);
#1332=EDGE_CURVE('',#1835,#1795,#2159,.T.);
#1333=EDGE_CURVE('',#1835,#1836,#2160,.T.);
#1334=EDGE_CURVE('',#1837,#1836,#2161,.T.);
#1335=EDGE_CURVE('',#1837,#1829,#2162,.T.);
#1336=EDGE_CURVE('',#1830,#1838,#2163,.T.);
#1337=EDGE_CURVE('',#1838,#1839,#2164,.T.);
#1338=EDGE_CURVE('',#1840,#1839,#2165,.T.);
#1339=EDGE_CURVE('',#1840,#1841,#2166,.T.);
#1340=EDGE_CURVE('',#1841,#1842,#2167,.T.);
#1341=EDGE_CURVE('',#1843,#1842,#2168,.T.);
#1342=EDGE_CURVE('',#1843,#1844,#2169,.T.);
#1343=EDGE_CURVE('',#1796,#1844,#2170,.T.);
#1344=EDGE_CURVE('',#1845,#1794,#2171,.T.);
#1345=EDGE_CURVE('',#1845,#1846,#165,.T.);
#1346=EDGE_CURVE('',#1847,#1846,#2172,.T.);
#1347=EDGE_CURVE('',#1848,#1847,#166,.T.);
#1348=EDGE_CURVE('',#1849,#1848,#2173,.T.);
#1349=EDGE_CURVE('',#1849,#1835,#167,.T.);
#1350=EDGE_CURVE('',#1850,#1851,#2174,.T.);
#1351=EDGE_CURVE('',#1852,#1850,#2175,.T.);
#1352=EDGE_CURVE('',#1853,#1852,#2176,.T.);
#1353=EDGE_CURVE('',#1851,#1853,#2177,.T.);
#1354=EDGE_CURVE('',#1854,#1853,#168,.T.);
#1355=EDGE_CURVE('',#1855,#1854,#2178,.T.);
#1356=EDGE_CURVE('',#1855,#1851,#169,.T.);
#1357=EDGE_CURVE('',#1856,#1854,#2179,.T.);
#1358=EDGE_CURVE('',#1857,#1856,#2180,.T.);
#1359=EDGE_CURVE('',#1857,#1855,#2181,.T.);
#1360=EDGE_CURVE('',#1858,#1856,#170,.T.);
#1361=EDGE_CURVE('',#1859,#1858,#2182,.T.);
#1362=EDGE_CURVE('',#1859,#1857,#171,.T.);
#1363=EDGE_CURVE('',#1860,#1850,#172,.T.);
#1364=EDGE_CURVE('',#1861,#1859,#2183,.T.);
#1365=EDGE_CURVE('',#1861,#1862,#173,.T.);
#1366=EDGE_CURVE('',#1860,#1862,#2184,.T.);
#1367=EDGE_CURVE('',#1792,#1863,#2185,.T.);
#1368=EDGE_CURVE('',#1864,#1863,#2186,.T.);
#1369=EDGE_CURVE('',#1864,#1865,#2187,.T.);
#1370=EDGE_CURVE('',#1865,#1866,#2188,.T.);
#1371=EDGE_CURVE('',#1867,#1866,#2189,.T.);
#1372=EDGE_CURVE('',#1867,#1868,#2190,.T.);
#1373=EDGE_CURVE('',#1776,#1868,#2191,.T.);
#1374=EDGE_CURVE('',#1845,#1805,#2192,.T.);
#1375=EDGE_CURVE('',#1869,#1858,#2193,.T.);
#1376=EDGE_CURVE('',#1861,#1869,#2194,.T.);
#1377=EDGE_CURVE('',#1870,#1871,#2195,.T.);
#1378=EDGE_CURVE('',#1870,#1872,#2196,.T.);
#1379=EDGE_CURVE('',#1872,#1873,#2197,.T.);
#1380=EDGE_CURVE('',#1873,#1871,#2198,.T.);
#1381=EDGE_CURVE('',#1852,#1874,#174,.T.);
#1382=EDGE_CURVE('',#1874,#1875,#2199,.T.);
#1383=EDGE_CURVE('',#1875,#1869,#175,.T.);
#1384=EDGE_CURVE('',#1876,#1873,#2200,.T.);
#1385=EDGE_CURVE('',#1877,#1872,#2201,.T.);
#1386=EDGE_CURVE('',#1876,#1877,#2202,.T.);
#1387=EDGE_CURVE('',#1871,#1878,#2203,.T.);
#1388=EDGE_CURVE('',#1878,#1876,#2204,.T.);
#1389=EDGE_CURVE('',#1877,#1879,#2205,.T.);
#1390=EDGE_CURVE('',#1878,#1879,#2206,.T.);
#1391=EDGE_CURVE('',#1879,#1870,#2207,.T.);
#1392=EDGE_CURVE('',#1826,#1880,#2208,.T.);
#1393=EDGE_CURVE('',#1880,#1881,#2209,.T.);
#1394=EDGE_CURVE('',#1882,#1881,#176,.T.);
#1395=EDGE_CURVE('',#1882,#1883,#2210,.T.);
#1396=EDGE_CURVE('',#1838,#1883,#2211,.T.);
#1397=EDGE_CURVE('',#1884,#1885,#2212,.T.);
#1398=EDGE_CURVE('',#1886,#1885,#31,.F.);
#1399=EDGE_CURVE('',#1887,#1886,#2213,.T.);
#1400=EDGE_CURVE('',#1884,#1887,#32,.F.);
#1401=EDGE_CURVE('',#1888,#1884,#33,.T.);
#1402=EDGE_CURVE('',#1889,#1887,#34,.F.);
#1403=EDGE_CURVE('',#1888,#1889,#35,.T.);
#1404=EDGE_CURVE('',#1786,#1890,#2214,.T.);
#1405=EDGE_CURVE('',#1891,#1890,#2215,.T.);
#1406=EDGE_CURVE('',#1787,#1891,#2216,.T.);
#1407=EDGE_CURVE('',#1892,#1891,#177,.T.);
#1408=EDGE_CURVE('',#1788,#1892,#2217,.T.);
#1409=EDGE_CURVE('',#1893,#1892,#2218,.T.);
#1410=EDGE_CURVE('',#1789,#1893,#2219,.T.);
#1411=EDGE_CURVE('',#1820,#1893,#2220,.T.);
#1412=EDGE_CURVE('',#1865,#1894,#36,.T.);
#1413=EDGE_CURVE('',#1894,#1895,#2221,.T.);
#1414=EDGE_CURVE('',#1866,#1895,#178,.T.);
#1415=EDGE_CURVE('',#1781,#1896,#2222,.T.);
#1416=EDGE_CURVE('',#1896,#1806,#2223,.T.);
#1417=EDGE_CURVE('',#1897,#1896,#2224,.T.);
#1418=EDGE_CURVE('',#1780,#1897,#2225,.T.);
#1419=EDGE_CURVE('',#1779,#1898,#2226,.T.);
#1420=EDGE_CURVE('',#1898,#1897,#179,.T.);
#1421=EDGE_CURVE('',#1778,#1899,#2227,.T.);
#1422=EDGE_CURVE('',#1899,#1898,#2228,.T.);
#1423=EDGE_CURVE('',#1868,#1899,#2229,.T.);
#1424=EDGE_CURVE('',#1867,#1807,#180,.T.);
#1425=EDGE_CURVE('',#1862,#1875,#2230,.T.);
#1426=EDGE_CURVE('',#1874,#1860,#2231,.T.);
#1427=EDGE_CURVE('',#1793,#1900,#2232,.T.);
#1428=EDGE_CURVE('',#1863,#1900,#2233,.T.);
#1429=EDGE_CURVE('',#1797,#1901,#2234,.T.);
#1430=EDGE_CURVE('',#1902,#1901,#2235,.T.);
#1431=EDGE_CURVE('',#1798,#1902,#2236,.T.);
#1432=EDGE_CURVE('',#1901,#1844,#2237,.T.);
#1433=EDGE_CURVE('',#1883,#1903,#2238,.T.);
#1434=EDGE_CURVE('',#1903,#1839,#2239,.T.);
#1435=EDGE_CURVE('',#1904,#1903,#2240,.T.);
#1436=EDGE_CURVE('',#1882,#1904,#2241,.T.);
#1437=EDGE_CURVE('',#1881,#1905,#2242,.T.);
#1438=EDGE_CURVE('',#1905,#1904,#181,.T.);
#1439=EDGE_CURVE('',#1880,#1906,#2243,.T.);
#1440=EDGE_CURVE('',#1906,#1905,#2244,.T.);
#1441=EDGE_CURVE('',#1825,#1906,#2245,.T.);
#1442=EDGE_CURVE('',#1824,#1840,#182,.T.);
#1443=EDGE_CURVE('',#1841,#1907,#37,.T.);
#1444=EDGE_CURVE('',#1907,#1908,#2246,.T.);
#1445=EDGE_CURVE('',#1842,#1908,#183,.T.);
#1446=EDGE_CURVE('',#1900,#1909,#2247,.T.);
#1447=EDGE_CURVE('',#1909,#1902,#184,.T.);
#1448=EDGE_CURVE('',#1843,#1864,#185,.T.);
#1449=EDGE_CURVE('',#1799,#1909,#2248,.T.);
#1450=EDGE_CURVE('',#1890,#1811,#2249,.T.);
#1451=EDGE_CURVE('',#1810,#1821,#186,.T.);
#1452=EDGE_CURVE('',#1822,#1910,#38,.T.);
#1453=EDGE_CURVE('',#1910,#1911,#2250,.T.);
#1454=EDGE_CURVE('',#1823,#1911,#187,.T.);
#1455=EDGE_CURVE('',#1887,#1910,#39,.T.);
#1456=EDGE_CURVE('',#1889,#1822,#40,.T.);
#1457=EDGE_CURVE('',#1912,#1886,#2251,.T.);
#1458=EDGE_CURVE('',#1913,#1912,#2252,.T.);
#1459=EDGE_CURVE('',#1911,#1913,#41,.T.);
#1460=EDGE_CURVE('',#1914,#1912,#42,.F.);
#1461=EDGE_CURVE('',#1915,#1914,#2253,.T.);
#1462=EDGE_CURVE('',#1913,#1915,#43,.F.);
#1463=EDGE_CURVE('',#1916,#1913,#44,.T.);
#1464=EDGE_CURVE('',#1917,#1915,#45,.F.);
#1465=EDGE_CURVE('',#1916,#1917,#46,.T.);
#1466=EDGE_CURVE('',#1823,#1916,#47,.T.);
#1467=EDGE_CURVE('',#1917,#1841,#48,.T.);
#1468=EDGE_CURVE('',#1915,#1907,#49,.T.);
#1469=EDGE_CURVE('',#1918,#1914,#2254,.T.);
#1470=EDGE_CURVE('',#1919,#1918,#2255,.T.);
#1471=EDGE_CURVE('',#1908,#1919,#50,.T.);
#1472=EDGE_CURVE('',#1920,#1918,#51,.F.);
#1473=EDGE_CURVE('',#1921,#1920,#2256,.T.);
#1474=EDGE_CURVE('',#1919,#1921,#52,.F.);
#1475=EDGE_CURVE('',#1922,#1919,#53,.T.);
#1476=EDGE_CURVE('',#1923,#1921,#54,.F.);
#1477=EDGE_CURVE('',#1922,#1923,#55,.T.);
#1478=EDGE_CURVE('',#1842,#1922,#56,.T.);
#1479=EDGE_CURVE('',#1923,#1865,#57,.T.);
#1480=EDGE_CURVE('',#1921,#1894,#58,.T.);
#1481=EDGE_CURVE('',#1924,#1920,#2257,.T.);
#1482=EDGE_CURVE('',#1925,#1924,#2258,.T.);
#1483=EDGE_CURVE('',#1895,#1925,#59,.T.);
#1484=EDGE_CURVE('',#1926,#1924,#60,.F.);
#1485=EDGE_CURVE('',#1927,#1926,#2259,.T.);
#1486=EDGE_CURVE('',#1925,#1927,#61,.F.);
#1487=EDGE_CURVE('',#1928,#1925,#62,.T.);
#1488=EDGE_CURVE('',#1929,#1927,#63,.F.);
#1489=EDGE_CURVE('',#1928,#1929,#64,.T.);
#1490=EDGE_CURVE('',#1866,#1928,#65,.T.);
#1491=EDGE_CURVE('',#1929,#1808,#66,.T.);
#1492=EDGE_CURVE('',#1927,#1930,#67,.T.);
#1493=EDGE_CURVE('',#1808,#1930,#68,.T.);
#1494=EDGE_CURVE('',#1930,#1931,#2260,.T.);
#1495=EDGE_CURVE('',#1809,#1931,#188,.T.);
#1496=EDGE_CURVE('',#1809,#1888,#69,.T.);
#1497=EDGE_CURVE('',#1931,#1884,#70,.T.);
#1498=EDGE_CURVE('',#1885,#1926,#2261,.T.);
#1499=EDGE_CURVE('',#1932,#1885,#71,.T.);
#1500=EDGE_CURVE('',#1933,#1926,#72,.F.);
#1501=EDGE_CURVE('',#1932,#1933,#2262,.T.);
#1502=EDGE_CURVE('',#1934,#1886,#73,.F.);
#1503=EDGE_CURVE('',#1934,#1932,#74,.T.);
#1504=EDGE_CURVE('',#1935,#1912,#75,.T.);
#1505=EDGE_CURVE('',#1935,#1934,#2263,.T.);
#1506=EDGE_CURVE('',#1936,#1914,#76,.F.);
#1507=EDGE_CURVE('',#1936,#1935,#77,.T.);
#1508=EDGE_CURVE('',#1937,#1918,#78,.T.);
#1509=EDGE_CURVE('',#1937,#1936,#2264,.T.);
#1510=EDGE_CURVE('',#1938,#1920,#79,.F.);
#1511=EDGE_CURVE('',#1938,#1937,#80,.T.);
#1512=EDGE_CURVE('',#1939,#1924,#81,.T.);
#1513=EDGE_CURVE('',#1939,#1938,#2265,.T.);
#1514=EDGE_CURVE('',#1933,#1939,#82,.T.);
#1515=EDGE_CURVE('',#1940,#1941,#2266,.T.);
#1516=EDGE_CURVE('',#1942,#1940,#87,.T.);
#1517=EDGE_CURVE('',#1942,#1943,#2267,.T.);
#1518=EDGE_CURVE('',#1941,#1943,#88,.F.);
#1519=EDGE_CURVE('',#1944,#1941,#2268,.T.);
#1520=EDGE_CURVE('',#1945,#1944,#2269,.T.);
#1521=EDGE_CURVE('',#1945,#1940,#2270,.T.);
#1522=EDGE_CURVE('',#1946,#1947,#2271,.T.);
#1523=EDGE_CURVE('',#1945,#1946,#89,.T.);
#1524=EDGE_CURVE('',#1947,#1944,#90,.F.);
#1525=EDGE_CURVE('',#1948,#1946,#2272,.T.);
#1526=EDGE_CURVE('',#1949,#1947,#2273,.T.);
#1527=EDGE_CURVE('',#1948,#1949,#2274,.T.);
#1528=EDGE_CURVE('',#1950,#1951,#2275,.T.);
#1529=EDGE_CURVE('',#1948,#1950,#91,.T.);
#1530=EDGE_CURVE('',#1951,#1949,#92,.F.);
#1531=EDGE_CURVE('',#1952,#1951,#2276,.T.);
#1532=EDGE_CURVE('',#1953,#1952,#2277,.T.);
#1533=EDGE_CURVE('',#1953,#1950,#2278,.T.);
#1534=EDGE_CURVE('',#1954,#1955,#2279,.T.);
#1535=EDGE_CURVE('',#1953,#1954,#93,.T.);
#1536=EDGE_CURVE('',#1955,#1952,#94,.F.);
#1537=EDGE_CURVE('',#1943,#1955,#2280,.T.);
#1538=EDGE_CURVE('',#1942,#1954,#2281,.T.);
#1539=EDGE_CURVE('',#1956,#1957,#2282,.T.);
#1540=EDGE_CURVE('',#1956,#1958,#95,.F.);
#1541=EDGE_CURVE('',#1958,#1959,#2283,.T.);
#1542=EDGE_CURVE('',#1957,#1959,#96,.F.);
#1543=EDGE_CURVE('',#1960,#1958,#2284,.T.);
#1544=EDGE_CURVE('',#1960,#1961,#2285,.T.);
#1545=EDGE_CURVE('',#1961,#1959,#2286,.T.);
#1546=EDGE_CURVE('',#1960,#1962,#97,.F.);
#1547=EDGE_CURVE('',#1962,#1963,#2287,.T.);
#1548=EDGE_CURVE('',#1961,#1963,#98,.F.);
#1549=EDGE_CURVE('',#1964,#1962,#2288,.T.);
#1550=EDGE_CURVE('',#1964,#1965,#2289,.T.);
#1551=EDGE_CURVE('',#1965,#1963,#2290,.T.);
#1552=EDGE_CURVE('',#1966,#1967,#2291,.T.);
#1553=EDGE_CURVE('',#1966,#1968,#2292,.T.);
#1554=EDGE_CURVE('',#1968,#1969,#2293,.T.);
#1555=EDGE_CURVE('',#1969,#1967,#2294,.T.);
#1556=EDGE_CURVE('',#1965,#1969,#99,.T.);
#1557=EDGE_CURVE('',#1968,#1970,#100,.T.);
#1558=EDGE_CURVE('',#1970,#1957,#2295,.T.);
#1559=EDGE_CURVE('',#1970,#1971,#2296,.T.);
#1560=EDGE_CURVE('',#1956,#1971,#2297,.T.);
#1561=EDGE_CURVE('',#1819,#1831,#2298,.T.);
#1562=EDGE_CURVE('',#1837,#1964,#101,.T.);
#1563=EDGE_CURVE('',#1971,#1813,#102,.T.);
#1564=EDGE_CURVE('',#1972,#1973,#2299,.T.);
#1565=EDGE_CURVE('',#1974,#1973,#2300,.T.);
#1566=EDGE_CURVE('',#1975,#1974,#2301,.T.);
#1567=EDGE_CURVE('',#1975,#1972,#2302,.T.);
#1568=EDGE_CURVE('',#1976,#1977,#2303,.T.);
#1569=EDGE_CURVE('',#1974,#1976,#189,.T.);
#1570=EDGE_CURVE('',#1977,#1973,#190,.T.);
#1571=EDGE_CURVE('',#1977,#1834,#2304,.T.);
#1572=EDGE_CURVE('',#1976,#1833,#2305,.T.);
#1573=EDGE_CURVE('',#1978,#1847,#2306,.T.);
#1574=EDGE_CURVE('',#1979,#1846,#2307,.T.);
#1575=EDGE_CURVE('',#1979,#1978,#2308,.T.);
#1576=EDGE_CURVE('',#1980,#1979,#191,.T.);
#1577=EDGE_CURVE('',#1980,#1981,#2309,.T.);
#1578=EDGE_CURVE('',#1978,#1981,#192,.T.);
#1579=EDGE_CURVE('',#1982,#1981,#2310,.T.);
#1580=EDGE_CURVE('',#1983,#1980,#2311,.T.);
#1581=EDGE_CURVE('',#1983,#1982,#2312,.T.);
#1582=EDGE_CURVE('',#1849,#1801,#2313,.T.);
#1583=EDGE_CURVE('',#1848,#1802,#2314,.T.);
#1584=EDGE_CURVE('',#1804,#1984,#2315,.T.);
#1585=EDGE_CURVE('',#1803,#1985,#2316,.T.);
#1586=EDGE_CURVE('',#1984,#1985,#2317,.T.);
#1587=EDGE_CURVE('',#1984,#1983,#193,.T.);
#1588=EDGE_CURVE('',#1982,#1985,#194,.T.);
#1589=EDGE_CURVE('',#1986,#1986,#195,.T.);
#1590=EDGE_CURVE('',#1987,#1987,#196,.T.);
#1591=EDGE_CURVE('',#1967,#1836,#197,.T.);
#1592=EDGE_CURVE('',#1988,#1989,#83,.T.);
#1593=EDGE_CURVE('',#1988,#1990,#2318,.T.);
#1594=EDGE_CURVE('',#1991,#1990,#2319,.T.);
#1595=EDGE_CURVE('',#1989,#1991,#2320,.T.);
#1596=EDGE_CURVE('',#1992,#1992,#198,.T.);
#1597=EDGE_CURVE('',#1991,#1993,#199,.T.);
#1598=EDGE_CURVE('',#1993,#1994,#2321,.T.);
#1599=EDGE_CURVE('',#1994,#1989,#200,.T.);
#1600=EDGE_CURVE('',#1990,#1995,#201,.T.);
#1601=EDGE_CURVE('',#1993,#1995,#2322,.T.);
#1602=EDGE_CURVE('',#1996,#1994,#84,.T.);
#1603=EDGE_CURVE('',#1995,#1996,#2323,.T.);
#1604=EDGE_CURVE('',#1996,#1988,#202,.T.);
#1605=EDGE_CURVE('',#1997,#1998,#2324,.T.);
#1606=EDGE_CURVE('',#1999,#1998,#2325,.T.);
#1607=EDGE_CURVE('',#2000,#1999,#2326,.T.);
#1608=EDGE_CURVE('',#2000,#1997,#2327,.T.);
#1609=EDGE_CURVE('',#2001,#2002,#2328,.T.);
#1610=EDGE_CURVE('',#2003,#2002,#203,.T.);
#1611=EDGE_CURVE('',#2004,#2003,#2329,.T.);
#1612=EDGE_CURVE('',#2001,#2004,#204,.T.);
#1613=EDGE_CURVE('',#2005,#2006,#2330,.T.);
#1614=EDGE_CURVE('',#2002,#2006,#2331,.T.);
#1615=EDGE_CURVE('',#2001,#2005,#2332,.T.);
#1616=EDGE_CURVE('',#2007,#2008,#2333,.T.);
#1617=EDGE_CURVE('',#2006,#2008,#205,.T.);
#1618=EDGE_CURVE('',#2007,#2005,#206,.T.);
#1619=EDGE_CURVE('',#2008,#2009,#2334,.T.);
#1620=EDGE_CURVE('',#2010,#2007,#2335,.T.);
#1621=EDGE_CURVE('',#2009,#2010,#2336,.T.);
#1622=EDGE_CURVE('',#2009,#2000,#207,.T.);
#1623=EDGE_CURVE('',#1997,#2010,#208,.T.);
#1624=EDGE_CURVE('',#2011,#2004,#2337,.T.);
#1625=EDGE_CURVE('',#2011,#1998,#209,.T.);
#1626=EDGE_CURVE('',#2012,#2011,#2338,.T.);
#1627=EDGE_CURVE('',#1999,#2012,#210,.T.);
#1628=EDGE_CURVE('',#2012,#2003,#2339,.T.);
#1629=EDGE_CURVE('',#1814,#1966,#211,.T.);
#1630=EDGE_CURVE('',#1817,#2013,#2340,.T.);
#1631=EDGE_CURVE('',#1816,#2014,#2341,.T.);
#1632=EDGE_CURVE('',#2013,#2014,#2342,.T.);
#1633=EDGE_CURVE('',#2013,#1975,#212,.T.);
#1634=EDGE_CURVE('',#1972,#2014,#213,.T.);
#1635=EDGE_CURVE('',#2015,#2015,#214,.T.);
#1636=EDGE_CURVE('',#2016,#2016,#215,.T.);
#1637=EDGE_CURVE('',#1818,#1832,#2343,.T.);
#1638=EDGE_CURVE('',#2017,#2017,#216,.T.);
#1639=EDGE_CURVE('',#2018,#2018,#217,.T.);
#1640=EDGE_CURVE('',#2019,#2020,#2344,.T.);
#1641=EDGE_CURVE('',#2021,#2019,#2345,.T.);
#1642=EDGE_CURVE('',#2022,#2021,#2346,.T.);
#1643=EDGE_CURVE('',#2020,#2022,#2347,.T.);
#1644=EDGE_CURVE('',#2019,#2023,#218,.T.);
#1645=EDGE_CURVE('',#2023,#2021,#2348,.T.);
#1646=EDGE_CURVE('',#2023,#2024,#2349,.T.);
#1647=EDGE_CURVE('',#2024,#2022,#2350,.T.);
#1648=EDGE_CURVE('',#2025,#2026,#2351,.T.);
#1649=EDGE_CURVE('',#2027,#2025,#2352,.T.);
#1650=EDGE_CURVE('',#2028,#2027,#2353,.T.);
#1651=EDGE_CURVE('',#2026,#2028,#2354,.T.);
#1652=EDGE_CURVE('',#2028,#2029,#219,.T.);
#1653=EDGE_CURVE('',#2029,#2026,#2355,.T.);
#1654=EDGE_CURVE('',#2029,#2030,#2356,.T.);
#1655=EDGE_CURVE('',#2030,#2025,#2357,.T.);
#1656=EDGE_CURVE('',#2031,#2032,#2358,.T.);
#1657=EDGE_CURVE('',#2033,#2031,#2359,.T.);
#1658=EDGE_CURVE('',#2034,#2033,#2360,.T.);
#1659=EDGE_CURVE('',#2032,#2034,#2361,.T.);
#1660=EDGE_CURVE('',#2034,#2035,#220,.T.);
#1661=EDGE_CURVE('',#2035,#2032,#2362,.T.);
#1662=EDGE_CURVE('',#2035,#2036,#2363,.T.);
#1663=EDGE_CURVE('',#2036,#2031,#2364,.T.);
#1664=EDGE_CURVE('',#2037,#2038,#2365,.T.);
#1665=EDGE_CURVE('',#2039,#2037,#2366,.T.);
#1666=EDGE_CURVE('',#2040,#2039,#2367,.T.);
#1667=EDGE_CURVE('',#2038,#2040,#2368,.T.);
#1668=EDGE_CURVE('',#2040,#2041,#221,.T.);
#1669=EDGE_CURVE('',#2041,#2038,#2369,.T.);
#1670=EDGE_CURVE('',#2041,#2042,#2370,.T.);
#1671=EDGE_CURVE('',#2042,#2037,#2371,.T.);
#1672=EDGE_CURVE('',#2043,#2044,#2372,.T.);
#1673=EDGE_CURVE('',#2045,#2043,#2373,.T.);
#1674=EDGE_CURVE('',#2046,#2045,#2374,.T.);
#1675=EDGE_CURVE('',#2044,#2046,#2375,.T.);
#1676=EDGE_CURVE('',#2046,#2047,#222,.T.);
#1677=EDGE_CURVE('',#2047,#2044,#2376,.T.);
#1678=EDGE_CURVE('',#2047,#2048,#2377,.T.);
#1679=EDGE_CURVE('',#2048,#2043,#2378,.T.);
#1680=EDGE_CURVE('',#2049,#2050,#2379,.T.);
#1681=EDGE_CURVE('',#2051,#2049,#2380,.T.);
#1682=EDGE_CURVE('',#2052,#2051,#2381,.T.);
#1683=EDGE_CURVE('',#2050,#2052,#2382,.T.);
#1684=EDGE_CURVE('',#2052,#2053,#223,.T.);
#1685=EDGE_CURVE('',#2053,#2050,#2383,.T.);
#1686=EDGE_CURVE('',#2053,#2054,#2384,.T.);
#1687=EDGE_CURVE('',#2054,#2049,#2385,.T.);
#1688=EDGE_CURVE('',#2055,#2056,#2386,.T.);
#1689=EDGE_CURVE('',#2057,#2055,#2387,.T.);
#1690=EDGE_CURVE('',#2058,#2057,#2388,.T.);
#1691=EDGE_CURVE('',#2056,#2058,#2389,.T.);
#1692=EDGE_CURVE('',#2058,#2059,#224,.T.);
#1693=EDGE_CURVE('',#2059,#2056,#2390,.T.);
#1694=EDGE_CURVE('',#2059,#2060,#2391,.T.);
#1695=EDGE_CURVE('',#2060,#2055,#2392,.T.);
#1696=EDGE_CURVE('',#2061,#2062,#2393,.T.);
#1697=EDGE_CURVE('',#2063,#2061,#2394,.T.);
#1698=EDGE_CURVE('',#2064,#2063,#2395,.T.);
#1699=EDGE_CURVE('',#2062,#2064,#2396,.T.);
#1700=EDGE_CURVE('',#2064,#2065,#225,.T.);
#1701=EDGE_CURVE('',#2065,#2062,#2397,.T.);
#1702=EDGE_CURVE('',#2065,#2066,#2398,.T.);
#1703=EDGE_CURVE('',#2066,#2061,#2399,.T.);
#1704=EDGE_CURVE('',#2067,#2068,#2400,.T.);
#1705=EDGE_CURVE('',#2069,#2067,#2401,.T.);
#1706=EDGE_CURVE('',#2070,#2069,#2402,.T.);
#1707=EDGE_CURVE('',#2068,#2070,#2403,.T.);
#1708=EDGE_CURVE('',#2070,#2071,#226,.T.);
#1709=EDGE_CURVE('',#2071,#2068,#2404,.T.);
#1710=EDGE_CURVE('',#2071,#2072,#2405,.T.);
#1711=EDGE_CURVE('',#2072,#2067,#2406,.T.);
#1712=EDGE_CURVE('',#2073,#2074,#2407,.T.);
#1713=EDGE_CURVE('',#2075,#2073,#2408,.T.);
#1714=EDGE_CURVE('',#2076,#2075,#2409,.T.);
#1715=EDGE_CURVE('',#2074,#2076,#2410,.T.);
#1716=EDGE_CURVE('',#2076,#2077,#227,.T.);
#1717=EDGE_CURVE('',#2077,#2074,#2411,.T.);
#1718=EDGE_CURVE('',#2077,#2078,#2412,.T.);
#1719=EDGE_CURVE('',#2078,#2073,#2413,.T.);
#1720=EDGE_CURVE('',#2079,#2080,#2414,.T.);
#1721=EDGE_CURVE('',#2081,#2079,#2415,.T.);
#1722=EDGE_CURVE('',#2082,#2081,#2416,.T.);
#1723=EDGE_CURVE('',#2080,#2082,#2417,.T.);
#1724=EDGE_CURVE('',#2082,#2083,#228,.T.);
#1725=EDGE_CURVE('',#2083,#2080,#2418,.T.);
#1726=EDGE_CURVE('',#2083,#2084,#2419,.T.);
#1727=EDGE_CURVE('',#2084,#2079,#2420,.T.);
#1728=EDGE_CURVE('',#2085,#2086,#2421,.T.);
#1729=EDGE_CURVE('',#2087,#2085,#2422,.T.);
#1730=EDGE_CURVE('',#2088,#2087,#2423,.T.);
#1731=EDGE_CURVE('',#2086,#2088,#2424,.T.);
#1732=EDGE_CURVE('',#2088,#2089,#229,.T.);
#1733=EDGE_CURVE('',#2089,#2086,#2425,.T.);
#1734=EDGE_CURVE('',#2089,#2090,#2426,.T.);
#1735=EDGE_CURVE('',#2090,#2085,#2427,.T.);
#1736=EDGE_CURVE('',#2091,#2092,#2428,.T.);
#1737=EDGE_CURVE('',#2093,#2091,#2429,.T.);
#1738=EDGE_CURVE('',#2094,#2093,#2430,.T.);
#1739=EDGE_CURVE('',#2092,#2094,#2431,.T.);
#1740=EDGE_CURVE('',#2094,#2095,#230,.T.);
#1741=EDGE_CURVE('',#2095,#2092,#2432,.T.);
#1742=EDGE_CURVE('',#2095,#2096,#2433,.T.);
#1743=EDGE_CURVE('',#2096,#2091,#2434,.T.);
#1744=EDGE_CURVE('',#2097,#2098,#2435,.T.);
#1745=EDGE_CURVE('',#2099,#2097,#2436,.T.);
#1746=EDGE_CURVE('',#2100,#2099,#2437,.T.);
#1747=EDGE_CURVE('',#2098,#2100,#2438,.T.);
#1748=EDGE_CURVE('',#2100,#2101,#231,.T.);
#1749=EDGE_CURVE('',#2101,#2098,#2439,.T.);
#1750=EDGE_CURVE('',#2101,#2102,#2440,.T.);
#1751=EDGE_CURVE('',#2102,#2097,#2441,.T.);
#1752=EDGE_CURVE('',#2103,#2104,#2442,.T.);
#1753=EDGE_CURVE('',#2104,#2105,#2443,.T.);
#1754=EDGE_CURVE('',#2105,#2106,#2444,.T.);
#1755=EDGE_CURVE('',#2103,#2106,#2445,.T.);
#1756=EDGE_CURVE('',#2107,#2103,#232,.T.);
#1757=EDGE_CURVE('',#2106,#2107,#2446,.T.);
#1758=EDGE_CURVE('',#2108,#2105,#2447,.T.);
#1759=EDGE_CURVE('',#2107,#2108,#2448,.T.);
#1760=EDGE_CURVE('',#2109,#2109,#233,.T.);
#1761=EDGE_CURVE('',#2104,#2020,#234,.T.);
#1762=EDGE_CURVE('',#2024,#2027,#235,.T.);
#1763=EDGE_CURVE('',#2030,#2033,#236,.T.);
#1764=EDGE_CURVE('',#2036,#2039,#237,.T.);
#1765=EDGE_CURVE('',#2042,#2045,#238,.T.);
#1766=EDGE_CURVE('',#2048,#2051,#239,.T.);
#1767=EDGE_CURVE('',#2054,#2057,#240,.T.);
#1768=EDGE_CURVE('',#2060,#2063,#241,.T.);
#1769=EDGE_CURVE('',#2066,#2069,#242,.T.);
#1770=EDGE_CURVE('',#2072,#2075,#243,.T.);
#1771=EDGE_CURVE('',#2078,#2081,#244,.T.);
#1772=EDGE_CURVE('',#2084,#2087,#245,.T.);
#1773=EDGE_CURVE('',#2090,#2093,#246,.T.);
#1774=EDGE_CURVE('',#2096,#2099,#247,.T.);
#1775=EDGE_CURVE('',#2102,#2108,#248,.T.);
#1776=VERTEX_POINT('',#4733);
#1777=VERTEX_POINT('',#4734);
#1778=VERTEX_POINT('',#4736);
#1779=VERTEX_POINT('',#4738);
#1780=VERTEX_POINT('',#4740);
#1781=VERTEX_POINT('',#4742);
#1782=VERTEX_POINT('',#4744);
#1783=VERTEX_POINT('',#4746);
#1784=VERTEX_POINT('',#4750);
#1785=VERTEX_POINT('',#4751);
#1786=VERTEX_POINT('',#4753);
#1787=VERTEX_POINT('',#4755);
#1788=VERTEX_POINT('',#4757);
#1789=VERTEX_POINT('',#4759);
#1790=VERTEX_POINT('',#4761);
#1791=VERTEX_POINT('',#4763);
#1792=VERTEX_POINT('',#4767);
#1793=VERTEX_POINT('',#4768);
#1794=VERTEX_POINT('',#4770);
#1795=VERTEX_POINT('',#4772);
#1796=VERTEX_POINT('',#4774);
#1797=VERTEX_POINT('',#4776);
#1798=VERTEX_POINT('',#4778);
#1799=VERTEX_POINT('',#4780);
#1800=VERTEX_POINT('',#4784);
#1801=VERTEX_POINT('',#4786);
#1802=VERTEX_POINT('',#4788);
#1803=VERTEX_POINT('',#4790);
#1804=VERTEX_POINT('',#4792);
#1805=VERTEX_POINT('',#4794);
#1806=VERTEX_POINT('',#4798);
#1807=VERTEX_POINT('',#4800);
#1808=VERTEX_POINT('',#4802);
#1809=VERTEX_POINT('',#4804);
#1810=VERTEX_POINT('',#4806);
#1811=VERTEX_POINT('',#4808);
#1812=VERTEX_POINT('',#4811);
#1813=VERTEX_POINT('',#4813);
#1814=VERTEX_POINT('',#4815);
#1815=VERTEX_POINT('',#4819);
#1816=VERTEX_POINT('',#4821);
#1817=VERTEX_POINT('',#4823);
#1818=VERTEX_POINT('',#4825);
#1819=VERTEX_POINT('',#4827);
#1820=VERTEX_POINT('',#4831);
#1821=VERTEX_POINT('',#4833);
#1822=VERTEX_POINT('',#4835);
#1823=VERTEX_POINT('',#4837);
#1824=VERTEX_POINT('',#4839);
#1825=VERTEX_POINT('',#4841);
#1826=VERTEX_POINT('',#4843);
#1827=VERTEX_POINT('',#4845);
#1828=VERTEX_POINT('',#4847);
#1829=VERTEX_POINT('',#4851);
#1830=VERTEX_POINT('',#4852);
#1831=VERTEX_POINT('',#4854);
#1832=VERTEX_POINT('',#4856);
#1833=VERTEX_POINT('',#4858);
#1834=VERTEX_POINT('',#4860);
#1835=VERTEX_POINT('',#4865);
#1836=VERTEX_POINT('',#4867);
#1837=VERTEX_POINT('',#4869);
#1838=VERTEX_POINT('',#4872);
#1839=VERTEX_POINT('',#4874);
#1840=VERTEX_POINT('',#4876);
#1841=VERTEX_POINT('',#4878);
#1842=VERTEX_POINT('',#4880);
#1843=VERTEX_POINT('',#4882);
#1844=VERTEX_POINT('',#4884);
#1845=VERTEX_POINT('',#4888);
#1846=VERTEX_POINT('',#4890);
#1847=VERTEX_POINT('',#4892);
#1848=VERTEX_POINT('',#4894);
#1849=VERTEX_POINT('',#4896);
#1850=VERTEX_POINT('',#4900);
#1851=VERTEX_POINT('',#4901);
#1852=VERTEX_POINT('',#4903);
#1853=VERTEX_POINT('',#4905);
#1854=VERTEX_POINT('',#4909);
#1855=VERTEX_POINT('',#4911);
#1856=VERTEX_POINT('',#4915);
#1857=VERTEX_POINT('',#4917);
#1858=VERTEX_POINT('',#4921);
#1859=VERTEX_POINT('',#4923);
#1860=VERTEX_POINT('',#4927);
#1861=VERTEX_POINT('',#4929);
#1862=VERTEX_POINT('',#4931);
#1863=VERTEX_POINT('',#4934);
#1864=VERTEX_POINT('',#4936);
#1865=VERTEX_POINT('',#4938);
#1866=VERTEX_POINT('',#4940);
#1867=VERTEX_POINT('',#4942);
#1868=VERTEX_POINT('',#4944);
#1869=VERTEX_POINT('',#4949);
#1870=VERTEX_POINT('',#4953);
#1871=VERTEX_POINT('',#4954);
#1872=VERTEX_POINT('',#4956);
#1873=VERTEX_POINT('',#4958);
#1874=VERTEX_POINT('',#4961);
#1875=VERTEX_POINT('',#4963);
#1876=VERTEX_POINT('',#4967);
#1877=VERTEX_POINT('',#4969);
#1878=VERTEX_POINT('',#4973);
#1879=VERTEX_POINT('',#4977);
#1880=VERTEX_POINT('',#4983);
#1881=VERTEX_POINT('',#4985);
#1882=VERTEX_POINT('',#4987);
#1883=VERTEX_POINT('',#4989);
#1884=VERTEX_POINT('',#4993);
#1885=VERTEX_POINT('',#4994);
#1886=VERTEX_POINT('',#4999);
#1887=VERTEX_POINT('',#5001);
#1888=VERTEX_POINT('',#5042);
#1889=VERTEX_POINT('',#5047);
#1890=VERTEX_POINT('',#5058);
#1891=VERTEX_POINT('',#5060);
#1892=VERTEX_POINT('',#5064);
#1893=VERTEX_POINT('',#5068);
#1894=VERTEX_POINT('',#5077);
#1895=VERTEX_POINT('',#5079);
#1896=VERTEX_POINT('',#5083);
#1897=VERTEX_POINT('',#5087);
#1898=VERTEX_POINT('',#5091);
#1899=VERTEX_POINT('',#5095);
#1900=VERTEX_POINT('',#5108);
#1901=VERTEX_POINT('',#5112);
#1902=VERTEX_POINT('',#5114);
#1903=VERTEX_POINT('',#5120);
#1904=VERTEX_POINT('',#5124);
#1905=VERTEX_POINT('',#5128);
#1906=VERTEX_POINT('',#5132);
#1907=VERTEX_POINT('',#5143);
#1908=VERTEX_POINT('',#5145);
#1909=VERTEX_POINT('',#5149);
#1910=VERTEX_POINT('',#5165);
#1911=VERTEX_POINT('',#5167);
#1912=VERTEX_POINT('',#5209);
#1913=VERTEX_POINT('',#5211);
#1914=VERTEX_POINT('',#5224);
#1915=VERTEX_POINT('',#5226);
#1916=VERTEX_POINT('',#5267);
#1917=VERTEX_POINT('',#5272);
#1918=VERTEX_POINT('',#5354);
#1919=VERTEX_POINT('',#5356);
#1920=VERTEX_POINT('',#5369);
#1921=VERTEX_POINT('',#5371);
#1922=VERTEX_POINT('',#5412);
#1923=VERTEX_POINT('',#5417);
#1924=VERTEX_POINT('',#5499);
#1925=VERTEX_POINT('',#5501);
#1926=VERTEX_POINT('',#5514);
#1927=VERTEX_POINT('',#5516);
#1928=VERTEX_POINT('',#5557);
#1929=VERTEX_POINT('',#5562);
#1930=VERTEX_POINT('',#5642);
#1931=VERTEX_POINT('',#5649);
#1932=VERTEX_POINT('',#5698);
#1933=VERTEX_POINT('',#5703);
#1934=VERTEX_POINT('',#5745);
#1935=VERTEX_POINT('',#5760);
#1936=VERTEX_POINT('',#5802);
#1937=VERTEX_POINT('',#5817);
#1938=VERTEX_POINT('',#5859);
#1939=VERTEX_POINT('',#5874);
#1940=VERTEX_POINT('',#5924);
#1941=VERTEX_POINT('',#5925);
#1942=VERTEX_POINT('',#5927);
#1943=VERTEX_POINT('',#5929);
#1944=VERTEX_POINT('',#5933);
#1945=VERTEX_POINT('',#5935);
#1946=VERTEX_POINT('',#5939);
#1947=VERTEX_POINT('',#5940);
#1948=VERTEX_POINT('',#5945);
#1949=VERTEX_POINT('',#5947);
#1950=VERTEX_POINT('',#5951);
#1951=VERTEX_POINT('',#5952);
#1952=VERTEX_POINT('',#5957);
#1953=VERTEX_POINT('',#5959);
#1954=VERTEX_POINT('',#5963);
#1955=VERTEX_POINT('',#5964);
#1956=VERTEX_POINT('',#5972);
#1957=VERTEX_POINT('',#5973);
#1958=VERTEX_POINT('',#5975);
#1959=VERTEX_POINT('',#5977);
#1960=VERTEX_POINT('',#5981);
#1961=VERTEX_POINT('',#5983);
#1962=VERTEX_POINT('',#5987);
#1963=VERTEX_POINT('',#5989);
#1964=VERTEX_POINT('',#5993);
#1965=VERTEX_POINT('',#5995);
#1966=VERTEX_POINT('',#5999);
#1967=VERTEX_POINT('',#6000);
#1968=VERTEX_POINT('',#6002);
#1969=VERTEX_POINT('',#6004);
#1970=VERTEX_POINT('',#6009);
#1971=VERTEX_POINT('',#6013);
#1972=VERTEX_POINT('',#6022);
#1973=VERTEX_POINT('',#6023);
#1974=VERTEX_POINT('',#6025);
#1975=VERTEX_POINT('',#6027);
#1976=VERTEX_POINT('',#6031);
#1977=VERTEX_POINT('',#6032);
#1978=VERTEX_POINT('',#6040);
#1979=VERTEX_POINT('',#6042);
#1980=VERTEX_POINT('',#6046);
#1981=VERTEX_POINT('',#6048);
#1982=VERTEX_POINT('',#6052);
#1983=VERTEX_POINT('',#6054);
#1984=VERTEX_POINT('',#6061);
#1985=VERTEX_POINT('',#6063);
#1986=VERTEX_POINT('',#6070);
#1987=VERTEX_POINT('',#6073);
#1988=VERTEX_POINT('',#6082);
#1989=VERTEX_POINT('',#6083);
#1990=VERTEX_POINT('',#6085);
#1991=VERTEX_POINT('',#6087);
#1992=VERTEX_POINT('',#6091);
#1993=VERTEX_POINT('',#6093);
#1994=VERTEX_POINT('',#6095);
#1995=VERTEX_POINT('',#6099);
#1996=VERTEX_POINT('',#6106);
#1997=VERTEX_POINT('',#6112);
#1998=VERTEX_POINT('',#6113);
#1999=VERTEX_POINT('',#6115);
#2000=VERTEX_POINT('',#6117);
#2001=VERTEX_POINT('',#6121);
#2002=VERTEX_POINT('',#6122);
#2003=VERTEX_POINT('',#6124);
#2004=VERTEX_POINT('',#6126);
#2005=VERTEX_POINT('',#6130);
#2006=VERTEX_POINT('',#6131);
#2007=VERTEX_POINT('',#6136);
#2008=VERTEX_POINT('',#6137);
#2009=VERTEX_POINT('',#6142);
#2010=VERTEX_POINT('',#6144);
#2011=VERTEX_POINT('',#6151);
#2012=VERTEX_POINT('',#6155);
#2013=VERTEX_POINT('',#6164);
#2014=VERTEX_POINT('',#6166);
#2015=VERTEX_POINT('',#6173);
#2016=VERTEX_POINT('',#6176);
#2017=VERTEX_POINT('',#6182);
#2018=VERTEX_POINT('',#6184);
#2019=VERTEX_POINT('',#6187);
#2020=VERTEX_POINT('',#6188);
#2021=VERTEX_POINT('',#6190);
#2022=VERTEX_POINT('',#6192);
#2023=VERTEX_POINT('',#6196);
#2024=VERTEX_POINT('',#6200);
#2025=VERTEX_POINT('',#6204);
#2026=VERTEX_POINT('',#6205);
#2027=VERTEX_POINT('',#6207);
#2028=VERTEX_POINT('',#6209);
#2029=VERTEX_POINT('',#6213);
#2030=VERTEX_POINT('',#6217);
#2031=VERTEX_POINT('',#6221);
#2032=VERTEX_POINT('',#6222);
#2033=VERTEX_POINT('',#6224);
#2034=VERTEX_POINT('',#6226);
#2035=VERTEX_POINT('',#6230);
#2036=VERTEX_POINT('',#6234);
#2037=VERTEX_POINT('',#6238);
#2038=VERTEX_POINT('',#6239);
#2039=VERTEX_POINT('',#6241);
#2040=VERTEX_POINT('',#6243);
#2041=VERTEX_POINT('',#6247);
#2042=VERTEX_POINT('',#6251);
#2043=VERTEX_POINT('',#6255);
#2044=VERTEX_POINT('',#6256);
#2045=VERTEX_POINT('',#6258);
#2046=VERTEX_POINT('',#6260);
#2047=VERTEX_POINT('',#6264);
#2048=VERTEX_POINT('',#6268);
#2049=VERTEX_POINT('',#6272);
#2050=VERTEX_POINT('',#6273);
#2051=VERTEX_POINT('',#6275);
#2052=VERTEX_POINT('',#6277);
#2053=VERTEX_POINT('',#6281);
#2054=VERTEX_POINT('',#6285);
#2055=VERTEX_POINT('',#6289);
#2056=VERTEX_POINT('',#6290);
#2057=VERTEX_POINT('',#6292);
#2058=VERTEX_POINT('',#6294);
#2059=VERTEX_POINT('',#6298);
#2060=VERTEX_POINT('',#6302);
#2061=VERTEX_POINT('',#6306);
#2062=VERTEX_POINT('',#6307);
#2063=VERTEX_POINT('',#6309);
#2064=VERTEX_POINT('',#6311);
#2065=VERTEX_POINT('',#6315);
#2066=VERTEX_POINT('',#6319);
#2067=VERTEX_POINT('',#6323);
#2068=VERTEX_POINT('',#6324);
#2069=VERTEX_POINT('',#6326);
#2070=VERTEX_POINT('',#6328);
#2071=VERTEX_POINT('',#6332);
#2072=VERTEX_POINT('',#6336);
#2073=VERTEX_POINT('',#6340);
#2074=VERTEX_POINT('',#6341);
#2075=VERTEX_POINT('',#6343);
#2076=VERTEX_POINT('',#6345);
#2077=VERTEX_POINT('',#6349);
#2078=VERTEX_POINT('',#6353);
#2079=VERTEX_POINT('',#6357);
#2080=VERTEX_POINT('',#6358);
#2081=VERTEX_POINT('',#6360);
#2082=VERTEX_POINT('',#6362);
#2083=VERTEX_POINT('',#6366);
#2084=VERTEX_POINT('',#6370);
#2085=VERTEX_POINT('',#6374);
#2086=VERTEX_POINT('',#6375);
#2087=VERTEX_POINT('',#6377);
#2088=VERTEX_POINT('',#6379);
#2089=VERTEX_POINT('',#6383);
#2090=VERTEX_POINT('',#6387);
#2091=VERTEX_POINT('',#6391);
#2092=VERTEX_POINT('',#6392);
#2093=VERTEX_POINT('',#6394);
#2094=VERTEX_POINT('',#6396);
#2095=VERTEX_POINT('',#6400);
#2096=VERTEX_POINT('',#6404);
#2097=VERTEX_POINT('',#6408);
#2098=VERTEX_POINT('',#6409);
#2099=VERTEX_POINT('',#6411);
#2100=VERTEX_POINT('',#6413);
#2101=VERTEX_POINT('',#6417);
#2102=VERTEX_POINT('',#6421);
#2103=VERTEX_POINT('',#6425);
#2104=VERTEX_POINT('',#6426);
#2105=VERTEX_POINT('',#6428);
#2106=VERTEX_POINT('',#6430);
#2107=VERTEX_POINT('',#6434);
#2108=VERTEX_POINT('',#6438);
#2109=VERTEX_POINT('',#6442);
#2110=LINE('',#4732,#2449);
#2111=LINE('',#4735,#2450);
#2112=LINE('',#4737,#2451);
#2113=LINE('',#4741,#2452);
#2114=LINE('',#4743,#2453);
#2115=LINE('',#4745,#2454);
#2116=LINE('',#4749,#2455);
#2117=LINE('',#4752,#2456);
#2118=LINE('',#4754,#2457);
#2119=LINE('',#4758,#2458);
#2120=LINE('',#4760,#2459);
#2121=LINE('',#4762,#2460);
#2122=LINE('',#4766,#2461);
#2123=LINE('',#4769,#2462);
#2124=LINE('',#4773,#2463);
#2125=LINE('',#4775,#2464);
#2126=LINE('',#4777,#2465);
#2127=LINE('',#4781,#2466);
#2128=LINE('',#4783,#2467);
#2129=LINE('',#4787,#2468);
#2130=LINE('',#4791,#2469);
#2131=LINE('',#4795,#2470);
#2132=LINE('',#4797,#2471);
#2133=LINE('',#4799,#2472);
#2134=LINE('',#4801,#2473);
#2135=LINE('',#4803,#2474);
#2136=LINE('',#4805,#2475);
#2137=LINE('',#4807,#2476);
#2138=LINE('',#4809,#2477);
#2139=LINE('',#4810,#2478);
#2140=LINE('',#4812,#2479);
#2141=LINE('',#4814,#2480);
#2142=LINE('',#4816,#2481);
#2143=LINE('',#4818,#2482);
#2144=LINE('',#4822,#2483);
#2145=LINE('',#4826,#2484);
#2146=LINE('',#4830,#2485);
#2147=LINE('',#4832,#2486);
#2148=LINE('',#4834,#2487);
#2149=LINE('',#4836,#2488);
#2150=LINE('',#4838,#2489);
#2151=LINE('',#4840,#2490);
#2152=LINE('',#4842,#2491);
#2153=LINE('',#4844,#2492);
#2154=LINE('',#4846,#2493);
#2155=LINE('',#4848,#2494);
#2156=LINE('',#4850,#2495);
#2157=LINE('',#4855,#2496);
#2158=LINE('',#4859,#2497);
#2159=LINE('',#4864,#2498);
#2160=LINE('',#4866,#2499);
#2161=LINE('',#4868,#2500);
#2162=LINE('',#4870,#2501);
#2163=LINE('',#4871,#2502);
#2164=LINE('',#4873,#2503);
#2165=LINE('',#4875,#2504);
#2166=LINE('',#4877,#2505);
#2167=LINE('',#4879,#2506);
#2168=LINE('',#4881,#2507);
#2169=LINE('',#4883,#2508);
#2170=LINE('',#4885,#2509);
#2171=LINE('',#4887,#2510);
#2172=LINE('',#4891,#2511);
#2173=LINE('',#4895,#2512);
#2174=LINE('',#4899,#2513);
#2175=LINE('',#4902,#2514);
#2176=LINE('',#4904,#2515);
#2177=LINE('',#4906,#2516);
#2178=LINE('',#4910,#2517);
#2179=LINE('',#4914,#2518);
#2180=LINE('',#4916,#2519);
#2181=LINE('',#4918,#2520);
#2182=LINE('',#4922,#2521);
#2183=LINE('',#4928,#2522);
#2184=LINE('',#4932,#2523);
#2185=LINE('',#4933,#2524);
#2186=LINE('',#4935,#2525);
#2187=LINE('',#4937,#2526);
#2188=LINE('',#4939,#2527);
#2189=LINE('',#4941,#2528);
#2190=LINE('',#4943,#2529);
#2191=LINE('',#4945,#2530);
#2192=LINE('',#4946,#2531);
#2193=LINE('',#4948,#2532);
#2194=LINE('',#4950,#2533);
#2195=LINE('',#4952,#2534);
#2196=LINE('',#4955,#2535);
#2197=LINE('',#4957,#2536);
#2198=LINE('',#4959,#2537);
#2199=LINE('',#4962,#2538);
#2200=LINE('',#4966,#2539);
#2201=LINE('',#4968,#2540);
#2202=LINE('',#4970,#2541);
#2203=LINE('',#4972,#2542);
#2204=LINE('',#4974,#2543);
#2205=LINE('',#4976,#2544);
#2206=LINE('',#4978,#2545);
#2207=LINE('',#4980,#2546);
#2208=LINE('',#4982,#2547);
#2209=LINE('',#4984,#2548);
#2210=LINE('',#4988,#2549);
#2211=LINE('',#4990,#2550);
#2212=LINE('',#4992,#2551);
#2213=LINE('',#5000,#2552);
#2214=LINE('',#5057,#2553);
#2215=LINE('',#5059,#2554);
#2216=LINE('',#5061,#2555);
#2217=LINE('',#5065,#2556);
#2218=LINE('',#5067,#2557);
#2219=LINE('',#5069,#2558);
#2220=LINE('',#5071,#2559);
#2221=LINE('',#5078,#2560);
#2222=LINE('',#5082,#2561);
#2223=LINE('',#5084,#2562);
#2224=LINE('',#5086,#2563);
#2225=LINE('',#5088,#2564);
#2226=LINE('',#5090,#2565);
#2227=LINE('',#5094,#2566);
#2228=LINE('',#5096,#2567);
#2229=LINE('',#5098,#2568);
#2230=LINE('',#5102,#2569);
#2231=LINE('',#5104,#2570);
#2232=LINE('',#5107,#2571);
#2233=LINE('',#5109,#2572);
#2234=LINE('',#5111,#2573);
#2235=LINE('',#5113,#2574);
#2236=LINE('',#5115,#2575);
#2237=LINE('',#5117,#2576);
#2238=LINE('',#5119,#2577);
#2239=LINE('',#5121,#2578);
#2240=LINE('',#5123,#2579);
#2241=LINE('',#5125,#2580);
#2242=LINE('',#5127,#2581);
#2243=LINE('',#5131,#2582);
#2244=LINE('',#5133,#2583);
#2245=LINE('',#5135,#2584);
#2246=LINE('',#5144,#2585);
#2247=LINE('',#5148,#2586);
#2248=LINE('',#5153,#2587);
#2249=LINE('',#5157,#2588);
#2250=LINE('',#5166,#2589);
#2251=LINE('',#5208,#2590);
#2252=LINE('',#5210,#2591);
#2253=LINE('',#5225,#2592);
#2254=LINE('',#5353,#2593);
#2255=LINE('',#5355,#2594);
#2256=LINE('',#5370,#2595);
#2257=LINE('',#5498,#2596);
#2258=LINE('',#5500,#2597);
#2259=LINE('',#5515,#2598);
#2260=LINE('',#5648,#2599);
#2261=LINE('',#5692,#2600);
#2262=LINE('',#5704,#2601);
#2263=LINE('',#5761,#2602);
#2264=LINE('',#5818,#2603);
#2265=LINE('',#5875,#2604);
#2266=LINE('',#5923,#2605);
#2267=LINE('',#5928,#2606);
#2268=LINE('',#5932,#2607);
#2269=LINE('',#5934,#2608);
#2270=LINE('',#5936,#2609);
#2271=LINE('',#5938,#2610);
#2272=LINE('',#5944,#2611);
#2273=LINE('',#5946,#2612);
#2274=LINE('',#5948,#2613);
#2275=LINE('',#5950,#2614);
#2276=LINE('',#5956,#2615);
#2277=LINE('',#5958,#2616);
#2278=LINE('',#5960,#2617);
#2279=LINE('',#5962,#2618);
#2280=LINE('',#5968,#2619);
#2281=LINE('',#5969,#2620);
#2282=LINE('',#5971,#2621);
#2283=LINE('',#5976,#2622);
#2284=LINE('',#5980,#2623);
#2285=LINE('',#5982,#2624);
#2286=LINE('',#5984,#2625);
#2287=LINE('',#5988,#2626);
#2288=LINE('',#5992,#2627);
#2289=LINE('',#5994,#2628);
#2290=LINE('',#5996,#2629);
#2291=LINE('',#5998,#2630);
#2292=LINE('',#6001,#2631);
#2293=LINE('',#6003,#2632);
#2294=LINE('',#6005,#2633);
#2295=LINE('',#6010,#2634);
#2296=LINE('',#6012,#2635);
#2297=LINE('',#6014,#2636);
#2298=LINE('',#6017,#2637);
#2299=LINE('',#6021,#2638);
#2300=LINE('',#6024,#2639);
#2301=LINE('',#6026,#2640);
#2302=LINE('',#6028,#2641);
#2303=LINE('',#6030,#2642);
#2304=LINE('',#6036,#2643);
#2305=LINE('',#6037,#2644);
#2306=LINE('',#6039,#2645);
#2307=LINE('',#6041,#2646);
#2308=LINE('',#6043,#2647);
#2309=LINE('',#6047,#2648);
#2310=LINE('',#6051,#2649);
#2311=LINE('',#6053,#2650);
#2312=LINE('',#6055,#2651);
#2313=LINE('',#6057,#2652);
#2314=LINE('',#6058,#2653);
#2315=LINE('',#6060,#2654);
#2316=LINE('',#6062,#2655);
#2317=LINE('',#6064,#2656);
#2318=LINE('',#6084,#2657);
#2319=LINE('',#6086,#2658);
#2320=LINE('',#6088,#2659);
#2321=LINE('',#6094,#2660);
#2322=LINE('',#6100,#2661);
#2323=LINE('',#6107,#2662);
#2324=LINE('',#6111,#2663);
#2325=LINE('',#6114,#2664);
#2326=LINE('',#6116,#2665);
#2327=LINE('',#6118,#2666);
#2328=LINE('',#6120,#2667);
#2329=LINE('',#6125,#2668);
#2330=LINE('',#6129,#2669);
#2331=LINE('',#6132,#2670);
#2332=LINE('',#6133,#2671);
#2333=LINE('',#6135,#2672);
#2334=LINE('',#6141,#2673);
#2335=LINE('',#6143,#2674);
#2336=LINE('',#6145,#2675);
#2337=LINE('',#6150,#2676);
#2338=LINE('',#6154,#2677);
#2339=LINE('',#6158,#2678);
#2340=LINE('',#6163,#2679);
#2341=LINE('',#6165,#2680);
#2342=LINE('',#6167,#2681);
#2343=LINE('',#6178,#2682);
#2344=LINE('',#6186,#2683);
#2345=LINE('',#6189,#2684);
#2346=LINE('',#6191,#2685);
#2347=LINE('',#6193,#2686);
#2348=LINE('',#6197,#2687);
#2349=LINE('',#6199,#2688);
#2350=LINE('',#6201,#2689);
#2351=LINE('',#6203,#2690);
#2352=LINE('',#6206,#2691);
#2353=LINE('',#6208,#2692);
#2354=LINE('',#6210,#2693);
#2355=LINE('',#6214,#2694);
#2356=LINE('',#6216,#2695);
#2357=LINE('',#6218,#2696);
#2358=LINE('',#6220,#2697);
#2359=LINE('',#6223,#2698);
#2360=LINE('',#6225,#2699);
#2361=LINE('',#6227,#2700);
#2362=LINE('',#6231,#2701);
#2363=LINE('',#6233,#2702);
#2364=LINE('',#6235,#2703);
#2365=LINE('',#6237,#2704);
#2366=LINE('',#6240,#2705);
#2367=LINE('',#6242,#2706);
#2368=LINE('',#6244,#2707);
#2369=LINE('',#6248,#2708);
#2370=LINE('',#6250,#2709);
#2371=LINE('',#6252,#2710);
#2372=LINE('',#6254,#2711);
#2373=LINE('',#6257,#2712);
#2374=LINE('',#6259,#2713);
#2375=LINE('',#6261,#2714);
#2376=LINE('',#6265,#2715);
#2377=LINE('',#6267,#2716);
#2378=LINE('',#6269,#2717);
#2379=LINE('',#6271,#2718);
#2380=LINE('',#6274,#2719);
#2381=LINE('',#6276,#2720);
#2382=LINE('',#6278,#2721);
#2383=LINE('',#6282,#2722);
#2384=LINE('',#6284,#2723);
#2385=LINE('',#6286,#2724);
#2386=LINE('',#6288,#2725);
#2387=LINE('',#6291,#2726);
#2388=LINE('',#6293,#2727);
#2389=LINE('',#6295,#2728);
#2390=LINE('',#6299,#2729);
#2391=LINE('',#6301,#2730);
#2392=LINE('',#6303,#2731);
#2393=LINE('',#6305,#2732);
#2394=LINE('',#6308,#2733);
#2395=LINE('',#6310,#2734);
#2396=LINE('',#6312,#2735);
#2397=LINE('',#6316,#2736);
#2398=LINE('',#6318,#2737);
#2399=LINE('',#6320,#2738);
#2400=LINE('',#6322,#2739);
#2401=LINE('',#6325,#2740);
#2402=LINE('',#6327,#2741);
#2403=LINE('',#6329,#2742);
#2404=LINE('',#6333,#2743);
#2405=LINE('',#6335,#2744);
#2406=LINE('',#6337,#2745);
#2407=LINE('',#6339,#2746);
#2408=LINE('',#6342,#2747);
#2409=LINE('',#6344,#2748);
#2410=LINE('',#6346,#2749);
#2411=LINE('',#6350,#2750);
#2412=LINE('',#6352,#2751);
#2413=LINE('',#6354,#2752);
#2414=LINE('',#6356,#2753);
#2415=LINE('',#6359,#2754);
#2416=LINE('',#6361,#2755);
#2417=LINE('',#6363,#2756);
#2418=LINE('',#6367,#2757);
#2419=LINE('',#6369,#2758);
#2420=LINE('',#6371,#2759);
#2421=LINE('',#6373,#2760);
#2422=LINE('',#6376,#2761);
#2423=LINE('',#6378,#2762);
#2424=LINE('',#6380,#2763);
#2425=LINE('',#6384,#2764);
#2426=LINE('',#6386,#2765);
#2427=LINE('',#6388,#2766);
#2428=LINE('',#6390,#2767);
#2429=LINE('',#6393,#2768);
#2430=LINE('',#6395,#2769);
#2431=LINE('',#6397,#2770);
#2432=LINE('',#6401,#2771);
#2433=LINE('',#6403,#2772);
#2434=LINE('',#6405,#2773);
#2435=LINE('',#6407,#2774);
#2436=LINE('',#6410,#2775);
#2437=LINE('',#6412,#2776);
#2438=LINE('',#6414,#2777);
#2439=LINE('',#6418,#2778);
#2440=LINE('',#6420,#2779);
#2441=LINE('',#6422,#2780);
#2442=LINE('',#6424,#2781);
#2443=LINE('',#6427,#2782);
#2444=LINE('',#6429,#2783);
#2445=LINE('',#6431,#2784);
#2446=LINE('',#6435,#2785);
#2447=LINE('',#6437,#2786);
#2448=LINE('',#6439,#2787);
#2449=VECTOR('',#3815,1.);
#2450=VECTOR('',#3816,1.);
#2451=VECTOR('',#3817,1.);
#2452=VECTOR('',#3820,1.);
#2453=VECTOR('',#3821,1.);
#2454=VECTOR('',#3822,1.);
#2455=VECTOR('',#3827,1.);
#2456=VECTOR('',#3828,1.);
#2457=VECTOR('',#3829,1.);
#2458=VECTOR('',#3832,1.);
#2459=VECTOR('',#3833,1.);
#2460=VECTOR('',#3834,1.);
#2461=VECTOR('',#3839,1.);
#2462=VECTOR('',#3840,1.);
#2463=VECTOR('',#3843,1.);
#2464=VECTOR('',#3844,1.);
#2465=VECTOR('',#3845,1.);
#2466=VECTOR('',#3848,1.);
#2467=VECTOR('',#3851,1.);
#2468=VECTOR('',#3854,1.);
#2469=VECTOR('',#3857,1.);
#2470=VECTOR('',#3860,1.);
#2471=VECTOR('',#3863,1.);
#2472=VECTOR('',#3864,1.);
#2473=VECTOR('',#3865,1.);
#2474=VECTOR('',#3866,1.);
#2475=VECTOR('',#3867,1.);
#2476=VECTOR('',#3868,1.);
#2477=VECTOR('',#3869,1.);
#2478=VECTOR('',#3870,1.);
#2479=VECTOR('',#3871,1.);
#2480=VECTOR('',#3872,1.);
#2481=VECTOR('',#3873,1.);
#2482=VECTOR('',#3876,1.);
#2483=VECTOR('',#3879,1.);
#2484=VECTOR('',#3882,1.);
#2485=VECTOR('',#3887,1.);
#2486=VECTOR('',#3888,1.);
#2487=VECTOR('',#3889,1.);
#2488=VECTOR('',#3890,1.);
#2489=VECTOR('',#3891,1.);
#2490=VECTOR('',#3892,1.);
#2491=VECTOR('',#3893,1.);
#2492=VECTOR('',#3894,1.);
#2493=VECTOR('',#3895,1.);
#2494=VECTOR('',#3896,1.);
#2495=VECTOR('',#3899,1.);
#2496=VECTOR('',#3902,1.);
#2497=VECTOR('',#3905,1.);
#2498=VECTOR('',#3912,1.);
#2499=VECTOR('',#3913,1.);
#2500=VECTOR('',#3914,1.);
#2501=VECTOR('',#3915,1.);
#2502=VECTOR('',#3916,1.);
#2503=VECTOR('',#3917,1.);
#2504=VECTOR('',#3918,1.);
#2505=VECTOR('',#3919,1.);
#2506=VECTOR('',#3920,1.);
#2507=VECTOR('',#3921,1.);
#2508=VECTOR('',#3922,1.);
#2509=VECTOR('',#3923,1.);
#2510=VECTOR('',#3926,1.);
#2511=VECTOR('',#3929,1.);
#2512=VECTOR('',#3932,1.);
#2513=VECTOR('',#3937,1.);
#2514=VECTOR('',#3938,1.);
#2515=VECTOR('',#3939,1.);
#2516=VECTOR('',#3940,1.);
#2517=VECTOR('',#3945,1.);
#2518=VECTOR('',#3950,1.);
#2519=VECTOR('',#3951,1.);
#2520=VECTOR('',#3952,1.);
#2521=VECTOR('',#3957,1.);
#2522=VECTOR('',#3964,1.);
#2523=VECTOR('',#3967,1.);
#2524=VECTOR('',#3968,1.);
#2525=VECTOR('',#3969,1.);
#2526=VECTOR('',#3970,1.);
#2527=VECTOR('',#3971,1.);
#2528=VECTOR('',#3972,1.);
#2529=VECTOR('',#3973,1.);
#2530=VECTOR('',#3974,1.);
#2531=VECTOR('',#3975,1.);
#2532=VECTOR('',#3978,1.);
#2533=VECTOR('',#3979,1.);
#2534=VECTOR('',#3982,1.);
#2535=VECTOR('',#3983,1.);
#2536=VECTOR('',#3984,1.);
#2537=VECTOR('',#3985,1.);
#2538=VECTOR('',#3988,1.);
#2539=VECTOR('',#3993,1.);
#2540=VECTOR('',#3994,1.);
#2541=VECTOR('',#3995,1.);
#2542=VECTOR('',#3998,1.);
#2543=VECTOR('',#3999,1.);
#2544=VECTOR('',#4002,1.);
#2545=VECTOR('',#4003,1.);
#2546=VECTOR('',#4006,1.);
#2547=VECTOR('',#4009,1.);
#2548=VECTOR('',#4010,1.);
#2549=VECTOR('',#4013,1.);
#2550=VECTOR('',#4014,1.);
#2551=VECTOR('',#4017,1.);
#2552=VECTOR('',#4018,1.);
#2553=VECTOR('',#4021,1.);
#2554=VECTOR('',#4022,1.);
#2555=VECTOR('',#4023,1.);
#2556=VECTOR('',#4028,1.);
#2557=VECTOR('',#4031,1.);
#2558=VECTOR('',#4032,1.);
#2559=VECTOR('',#4035,1.);
#2560=VECTOR('',#4038,1.);
#2561=VECTOR('',#4043,1.);
#2562=VECTOR('',#4044,1.);
#2563=VECTOR('',#4047,1.);
#2564=VECTOR('',#4048,1.);
#2565=VECTOR('',#4051,1.);
#2566=VECTOR('',#4056,1.);
#2567=VECTOR('',#4057,1.);
#2568=VECTOR('',#4060,1.);
#2569=VECTOR('',#4067,1.);
#2570=VECTOR('',#4070,1.);
#2571=VECTOR('',#4075,1.);
#2572=VECTOR('',#4076,1.);
#2573=VECTOR('',#4079,1.);
#2574=VECTOR('',#4080,1.);
#2575=VECTOR('',#4081,1.);
#2576=VECTOR('',#4084,1.);
#2577=VECTOR('',#4087,1.);
#2578=VECTOR('',#4088,1.);
#2579=VECTOR('',#4091,1.);
#2580=VECTOR('',#4092,1.);
#2581=VECTOR('',#4095,1.);
#2582=VECTOR('',#4100,1.);
#2583=VECTOR('',#4101,1.);
#2584=VECTOR('',#4104,1.);
#2585=VECTOR('',#4111,1.);
#2586=VECTOR('',#4116,1.);
#2587=VECTOR('',#4123,1.);
#2588=VECTOR('',#4130,1.);
#2589=VECTOR('',#4137,1.);
#2590=VECTOR('',#4142,1.);
#2591=VECTOR('',#4143,1.);
#2592=VECTOR('',#4146,1.);
#2593=VECTOR('',#4151,1.);
#2594=VECTOR('',#4152,1.);
#2595=VECTOR('',#4155,1.);
#2596=VECTOR('',#4160,1.);
#2597=VECTOR('',#4161,1.);
#2598=VECTOR('',#4164,1.);
#2599=VECTOR('',#4169,1.);
#2600=VECTOR('',#4176,1.);
#2601=VECTOR('',#4179,1.);
#2602=VECTOR('',#4182,1.);
#2603=VECTOR('',#4185,1.);
#2604=VECTOR('',#4188,1.);
#2605=VECTOR('',#4193,1.);
#2606=VECTOR('',#4196,1.);
#2607=VECTOR('',#4201,1.);
#2608=VECTOR('',#4202,1.);
#2609=VECTOR('',#4203,1.);
#2610=VECTOR('',#4206,1.);
#2611=VECTOR('',#4213,1.);
#2612=VECTOR('',#4214,1.);
#2613=VECTOR('',#4215,1.);
#2614=VECTOR('',#4218,1.);
#2615=VECTOR('',#4225,1.);
#2616=VECTOR('',#4226,1.);
#2617=VECTOR('',#4227,1.);
#2618=VECTOR('',#4230,1.);
#2619=VECTOR('',#4237,1.);
#2620=VECTOR('',#4238,1.);
#2621=VECTOR('',#4241,1.);
#2622=VECTOR('',#4244,1.);
#2623=VECTOR('',#4249,1.);
#2624=VECTOR('',#4250,1.);
#2625=VECTOR('',#4251,1.);
#2626=VECTOR('',#4256,1.);
#2627=VECTOR('',#4261,1.);
#2628=VECTOR('',#4262,1.);
#2629=VECTOR('',#4263,1.);
#2630=VECTOR('',#4266,1.);
#2631=VECTOR('',#4267,1.);
#2632=VECTOR('',#4268,1.);
#2633=VECTOR('',#4269,1.);
#2634=VECTOR('',#4276,1.);
#2635=VECTOR('',#4279,1.);
#2636=VECTOR('',#4280,1.);
#2637=VECTOR('',#4285,1.);
#2638=VECTOR('',#4292,1.);
#2639=VECTOR('',#4293,1.);
#2640=VECTOR('',#4294,1.);
#2641=VECTOR('',#4295,1.);
#2642=VECTOR('',#4298,1.);
#2643=VECTOR('',#4305,1.);
#2644=VECTOR('',#4306,1.);
#2645=VECTOR('',#4309,1.);
#2646=VECTOR('',#4310,1.);
#2647=VECTOR('',#4311,1.);
#2648=VECTOR('',#4316,1.);
#2649=VECTOR('',#4321,1.);
#2650=VECTOR('',#4322,1.);
#2651=VECTOR('',#4323,1.);
#2652=VECTOR('',#4326,1.);
#2653=VECTOR('',#4327,1.);
#2654=VECTOR('',#4330,1.);
#2655=VECTOR('',#4331,1.);
#2656=VECTOR('',#4332,1.);
#2657=VECTOR('',#4355,1.);
#2658=VECTOR('',#4356,1.);
#2659=VECTOR('',#4357,1.);
#2660=VECTOR('',#4364,1.);
#2661=VECTOR('',#4371,1.);
#2662=VECTOR('',#4374,1.);
#2663=VECTOR('',#4381,1.);
#2664=VECTOR('',#4382,1.);
#2665=VECTOR('',#4383,1.);
#2666=VECTOR('',#4384,1.);
#2667=VECTOR('',#4387,1.);
#2668=VECTOR('',#4390,1.);
#2669=VECTOR('',#4395,1.);
#2670=VECTOR('',#4396,1.);
#2671=VECTOR('',#4397,1.);
#2672=VECTOR('',#4400,1.);
#2673=VECTOR('',#4407,1.);
#2674=VECTOR('',#4408,1.);
#2675=VECTOR('',#4409,1.);
#2676=VECTOR('',#4418,1.);
#2677=VECTOR('',#4423,1.);
#2678=VECTOR('',#4428,1.);
#2679=VECTOR('',#4437,1.);
#2680=VECTOR('',#4438,1.);
#2681=VECTOR('',#4439,1.);
#2682=VECTOR('',#4456,1.);
#2683=VECTOR('',#4467,1.);
#2684=VECTOR('',#4468,1.);
#2685=VECTOR('',#4469,1.);
#2686=VECTOR('',#4470,1.);
#2687=VECTOR('',#4475,1.);
#2688=VECTOR('',#4478,1.);
#2689=VECTOR('',#4479,1.);
#2690=VECTOR('',#4482,1.);
#2691=VECTOR('',#4483,1.);
#2692=VECTOR('',#4484,1.);
#2693=VECTOR('',#4485,1.);
#2694=VECTOR('',#4490,1.);
#2695=VECTOR('',#4493,1.);
#2696=VECTOR('',#4494,1.);
#2697=VECTOR('',#4497,1.);
#2698=VECTOR('',#4498,1.);
#2699=VECTOR('',#4499,1.);
#2700=VECTOR('',#4500,1.);
#2701=VECTOR('',#4505,1.);
#2702=VECTOR('',#4508,1.);
#2703=VECTOR('',#4509,1.);
#2704=VECTOR('',#4512,1.);
#2705=VECTOR('',#4513,1.);
#2706=VECTOR('',#4514,1.);
#2707=VECTOR('',#4515,1.);
#2708=VECTOR('',#4520,1.);
#2709=VECTOR('',#4523,1.);
#2710=VECTOR('',#4524,1.);
#2711=VECTOR('',#4527,1.);
#2712=VECTOR('',#4528,1.);
#2713=VECTOR('',#4529,1.);
#2714=VECTOR('',#4530,1.);
#2715=VECTOR('',#4535,1.);
#2716=VECTOR('',#4538,1.);
#2717=VECTOR('',#4539,1.);
#2718=VECTOR('',#4542,1.);
#2719=VECTOR('',#4543,1.);
#2720=VECTOR('',#4544,1.);
#2721=VECTOR('',#4545,1.);
#2722=VECTOR('',#4550,1.);
#2723=VECTOR('',#4553,1.);
#2724=VECTOR('',#4554,1.);
#2725=VECTOR('',#4557,1.);
#2726=VECTOR('',#4558,1.);
#2727=VECTOR('',#4559,1.);
#2728=VECTOR('',#4560,1.);
#2729=VECTOR('',#4565,1.);
#2730=VECTOR('',#4568,1.);
#2731=VECTOR('',#4569,1.);
#2732=VECTOR('',#4572,1.);
#2733=VECTOR('',#4573,1.);
#2734=VECTOR('',#4574,1.);
#2735=VECTOR('',#4575,1.);
#2736=VECTOR('',#4580,1.);
#2737=VECTOR('',#4583,1.);
#2738=VECTOR('',#4584,1.);
#2739=VECTOR('',#4587,1.);
#2740=VECTOR('',#4588,1.);
#2741=VECTOR('',#4589,1.);
#2742=VECTOR('',#4590,1.);
#2743=VECTOR('',#4595,1.);
#2744=VECTOR('',#4598,1.);
#2745=VECTOR('',#4599,1.);
#2746=VECTOR('',#4602,1.);
#2747=VECTOR('',#4603,1.);
#2748=VECTOR('',#4604,1.);
#2749=VECTOR('',#4605,1.);
#2750=VECTOR('',#4610,1.);
#2751=VECTOR('',#4613,1.);
#2752=VECTOR('',#4614,1.);
#2753=VECTOR('',#4617,1.);
#2754=VECTOR('',#4618,1.);
#2755=VECTOR('',#4619,1.);
#2756=VECTOR('',#4620,1.);
#2757=VECTOR('',#4625,1.);
#2758=VECTOR('',#4628,1.);
#2759=VECTOR('',#4629,1.);
#2760=VECTOR('',#4632,1.);
#2761=VECTOR('',#4633,1.);
#2762=VECTOR('',#4634,1.);
#2763=VECTOR('',#4635,1.);
#2764=VECTOR('',#4640,1.);
#2765=VECTOR('',#4643,1.);
#2766=VECTOR('',#4644,1.);
#2767=VECTOR('',#4647,1.);
#2768=VECTOR('',#4648,1.);
#2769=VECTOR('',#4649,1.);
#2770=VECTOR('',#4650,1.);
#2771=VECTOR('',#4655,1.);
#2772=VECTOR('',#4658,1.);
#2773=VECTOR('',#4659,1.);
#2774=VECTOR('',#4662,1.);
#2775=VECTOR('',#4663,1.);
#2776=VECTOR('',#4664,1.);
#2777=VECTOR('',#4665,1.);
#2778=VECTOR('',#4670,1.);
#2779=VECTOR('',#4673,1.);
#2780=VECTOR('',#4674,1.);
#2781=VECTOR('',#4677,1.);
#2782=VECTOR('',#4678,1.);
#2783=VECTOR('',#4679,1.);
#2784=VECTOR('',#4680,1.);
#2785=VECTOR('',#4685,1.);
#2786=VECTOR('',#4688,1.);
#2787=VECTOR('',#4689,1.);
#2788=EDGE_LOOP('',(#249,#250,#251,#252,#253,#254,#255,#256));
#2789=EDGE_LOOP('',(#257,#258,#259,#260,#261,#262,#263,#264));
#2790=EDGE_LOOP('',(#265,#266,#267,#268,#269,#270,#271,#272));
#2791=EDGE_LOOP('',(#273,#274,#275,#276,#277,#278,#279,#280));
#2792=EDGE_LOOP('',(#281,#282,#283,#284,#285,#286,#287,#288,#289,#290,#291,
#292,#293,#294));
#2793=EDGE_LOOP('',(#295,#296,#297,#298,#299,#300,#301,#302));
#2794=EDGE_LOOP('',(#303,#304,#305,#306,#307,#308,#309,#310,#311,#312,#313,
#314));
#2795=EDGE_LOOP('',(#315,#316,#317,#318,#319,#320,#321,#322));
#2796=EDGE_LOOP('',(#323,#324,#325,#326,#327,#328,#329,#330,#331,#332,#333,
#334,#335,#336));
#2797=EDGE_LOOP('',(#337,#338,#339,#340,#341,#342,#343,#344));
#2798=EDGE_LOOP('',(#345,#346,#347,#348));
#2799=EDGE_LOOP('',(#349,#350,#351,#352));
#2800=EDGE_LOOP('',(#353,#354,#355,#356));
#2801=EDGE_LOOP('',(#357,#358,#359,#360));
#2802=EDGE_LOOP('',(#361,#362,#363,#364,#365,#366,#367,#368));
#2803=EDGE_LOOP('',(#369,#370,#371,#372,#373,#374,#375,#376,#377,#378,#379,
#380));
#2804=EDGE_LOOP('',(#381,#382,#383,#384));
#2805=EDGE_LOOP('',(#385,#386,#387,#388));
#2806=EDGE_LOOP('',(#389,#390,#391,#392,#393,#394,#395,#396));
#2807=EDGE_LOOP('',(#397,#398,#399,#400));
#2808=EDGE_LOOP('',(#401,#402,#403,#404));
#2809=EDGE_LOOP('',(#405,#406,#407,#408));
#2810=EDGE_LOOP('',(#409,#410,#411,#412));
#2811=EDGE_LOOP('',(#413,#414,#415,#416,#417,#418,#419,#420));
#2812=EDGE_LOOP('',(#421,#422,#423,#424));
#2813=EDGE_LOOP('',(#425,#426,#427,#428));
#2814=EDGE_LOOP('',(#429,#430,#431,#432));
#2815=EDGE_LOOP('',(#433,#434,#435,#436));
#2816=EDGE_LOOP('',(#437,#438,#439,#440));
#2817=EDGE_LOOP('',(#441,#442,#443,#444));
#2818=EDGE_LOOP('',(#445,#446,#447,#448));
#2819=EDGE_LOOP('',(#449,#450,#451,#452));
#2820=EDGE_LOOP('',(#453,#454,#455,#456));
#2821=EDGE_LOOP('',(#457,#458,#459,#460));
#2822=EDGE_LOOP('',(#461,#462,#463,#464));
#2823=EDGE_LOOP('',(#465,#466,#467,#468,#469,#470,#471,#472));
#2824=EDGE_LOOP('',(#473,#474,#475,#476));
#2825=EDGE_LOOP('',(#477,#478,#479,#480));
#2826=EDGE_LOOP('',(#481,#482,#483,#484));
#2827=EDGE_LOOP('',(#485,#486,#487,#488));
#2828=EDGE_LOOP('',(#489,#490,#491,#492));
#2829=EDGE_LOOP('',(#493,#494,#495,#496));
#2830=EDGE_LOOP('',(#497,#498,#499,#500));
#2831=EDGE_LOOP('',(#501,#502,#503,#504));
#2832=EDGE_LOOP('',(#505,#506,#507,#508));
#2833=EDGE_LOOP('',(#509,#510,#511,#512));
#2834=EDGE_LOOP('',(#513,#514,#515,#516));
#2835=EDGE_LOOP('',(#517,#518,#519,#520));
#2836=EDGE_LOOP('',(#521,#522,#523,#524,#525,#526,#527,#528));
#2837=EDGE_LOOP('',(#529,#530,#531,#532));
#2838=EDGE_LOOP('',(#533,#534,#535,#536,#537,#538,#539,#540));
#2839=EDGE_LOOP('',(#541,#542,#543,#544));
#2840=EDGE_LOOP('',(#545,#546,#547,#548));
#2841=EDGE_LOOP('',(#549,#550,#551,#552));
#2842=EDGE_LOOP('',(#553,#554,#555,#556));
#2843=EDGE_LOOP('',(#557,#558,#559,#560,#561,#562,#563,#564));
#2844=EDGE_LOOP('',(#565,#566,#567,#568));
#2845=EDGE_LOOP('',(#569,#570,#571,#572));
#2846=EDGE_LOOP('',(#573,#574,#575,#576,#577,#578));
#2847=EDGE_LOOP('',(#579,#580,#581,#582));
#2848=EDGE_LOOP('',(#583,#584,#585,#586));
#2849=EDGE_LOOP('',(#587,#588,#589,#590));
#2850=EDGE_LOOP('',(#591,#592,#593,#594,#595,#596));
#2851=EDGE_LOOP('',(#597,#598,#599,#600));
#2852=EDGE_LOOP('',(#601,#602,#603,#604,#605,#606));
#2853=EDGE_LOOP('',(#607,#608,#609,#610));
#2854=EDGE_LOOP('',(#611,#612,#613,#614));
#2855=EDGE_LOOP('',(#615,#616,#617,#618));
#2856=EDGE_LOOP('',(#619,#620,#621,#622,#623,#624));
#2857=EDGE_LOOP('',(#625,#626,#627,#628));
#2858=EDGE_LOOP('',(#629,#630,#631,#632,#633,#634));
#2859=EDGE_LOOP('',(#635,#636,#637,#638));
#2860=EDGE_LOOP('',(#639,#640,#641,#642));
#2861=EDGE_LOOP('',(#643,#644,#645,#646));
#2862=EDGE_LOOP('',(#647,#648,#649,#650,#651,#652));
#2863=EDGE_LOOP('',(#653,#654,#655,#656));
#2864=EDGE_LOOP('',(#657,#658,#659,#660));
#2865=EDGE_LOOP('',(#661,#662,#663,#664,#665,#666));
#2866=EDGE_LOOP('',(#667,#668,#669,#670));
#2867=EDGE_LOOP('',(#671,#672,#673,#674,#675,#676));
#2868=EDGE_LOOP('',(#677,#678,#679,#680));
#2869=EDGE_LOOP('',(#681,#682,#683,#684));
#2870=EDGE_LOOP('',(#685,#686,#687,#688));
#2871=EDGE_LOOP('',(#689,#690,#691,#692));
#2872=EDGE_LOOP('',(#693,#694,#695,#696));
#2873=EDGE_LOOP('',(#697,#698,#699,#700));
#2874=EDGE_LOOP('',(#701,#702,#703,#704));
#2875=EDGE_LOOP('',(#705,#706,#707,#708));
#2876=EDGE_LOOP('',(#709,#710,#711,#712,#713,#714,#715,#716));
#2877=EDGE_LOOP('',(#717,#718,#719,#720));
#2878=EDGE_LOOP('',(#721,#722,#723,#724));
#2879=EDGE_LOOP('',(#725,#726,#727,#728));
#2880=EDGE_LOOP('',(#729,#730,#731,#732));
#2881=EDGE_LOOP('',(#733,#734,#735,#736));
#2882=EDGE_LOOP('',(#737,#738,#739,#740));
#2883=EDGE_LOOP('',(#741,#742,#743,#744));
#2884=EDGE_LOOP('',(#745,#746,#747,#748));
#2885=EDGE_LOOP('',(#749,#750,#751,#752));
#2886=EDGE_LOOP('',(#753,#754,#755,#756));
#2887=EDGE_LOOP('',(#757,#758,#759,#760));
#2888=EDGE_LOOP('',(#761,#762,#763,#764));
#2889=EDGE_LOOP('',(#765,#766,#767,#768));
#2890=EDGE_LOOP('',(#769,#770,#771,#772,#773,#774,#775,#776));
#2891=EDGE_LOOP('',(#777,#778,#779,#780,#781,#782,#783,#784));
#2892=EDGE_LOOP('',(#785,#786,#787,#788));
#2893=EDGE_LOOP('',(#789,#790,#791,#792,#793,#794,#795,#796));
#2894=EDGE_LOOP('',(#797,#798,#799,#800,#801,#802,#803,#804,#805,#806,#807,
#808));
#2895=EDGE_LOOP('',(#809,#810,#811,#812));
#2896=EDGE_LOOP('',(#813,#814,#815,#816));
#2897=EDGE_LOOP('',(#817,#818,#819,#820));
#2898=EDGE_LOOP('',(#821,#822,#823,#824));
#2899=EDGE_LOOP('',(#825,#826,#827,#828));
#2900=EDGE_LOOP('',(#829,#830,#831,#832));
#2901=EDGE_LOOP('',(#833,#834,#835,#836));
#2902=EDGE_LOOP('',(#837,#838,#839,#840));
#2903=EDGE_LOOP('',(#841,#842,#843,#844));
#2904=EDGE_LOOP('',(#845));
#2905=EDGE_LOOP('',(#846,#847,#848,#849,#850,#851,#852,#853));
#2906=EDGE_LOOP('',(#854));
#2907=EDGE_LOOP('',(#855));
#2908=EDGE_LOOP('',(#856));
#2909=EDGE_LOOP('',(#857,#858,#859,#860,#861,#862,#863,#864));
#2910=EDGE_LOOP('',(#865,#866,#867,#868,#869,#870));
#2911=EDGE_LOOP('',(#871,#872,#873,#874));
#2912=EDGE_LOOP('',(#875));
#2913=EDGE_LOOP('',(#876,#877,#878,#879));
#2914=EDGE_LOOP('',(#880,#881,#882,#883));
#2915=EDGE_LOOP('',(#884,#885,#886,#887));
#2916=EDGE_LOOP('',(#888,#889,#890,#891));
#2917=EDGE_LOOP('',(#892,#893,#894,#895));
#2918=EDGE_LOOP('',(#896,#897,#898,#899));
#2919=EDGE_LOOP('',(#900,#901,#902,#903));
#2920=EDGE_LOOP('',(#904,#905,#906,#907));
#2921=EDGE_LOOP('',(#908,#909,#910,#911));
#2922=EDGE_LOOP('',(#912,#913,#914,#915));
#2923=EDGE_LOOP('',(#916,#917,#918,#919));
#2924=EDGE_LOOP('',(#920,#921,#922,#923,#924,#925,#926,#927));
#2925=EDGE_LOOP('',(#928,#929,#930,#931));
#2926=EDGE_LOOP('',(#932,#933,#934,#935));
#2927=EDGE_LOOP('',(#936,#937,#938,#939,#940,#941,#942,#943));
#2928=EDGE_LOOP('',(#944,#945,#946,#947,#948,#949,#950,#951));
#2929=EDGE_LOOP('',(#952,#953,#954,#955,#956,#957));
#2930=EDGE_LOOP('',(#958,#959,#960,#961));
#2931=EDGE_LOOP('',(#962,#963,#964,#965));
#2932=EDGE_LOOP('',(#966));
#2933=EDGE_LOOP('',(#967,#968,#969,#970,#971,#972,#973,#974));
#2934=EDGE_LOOP('',(#975));
#2935=EDGE_LOOP('',(#976));
#2936=EDGE_LOOP('',(#977));
#2937=EDGE_LOOP('',(#978,#979,#980,#981,#982,#983,#984,#985));
#2938=EDGE_LOOP('',(#986,#987,#988,#989));
#2939=EDGE_LOOP('',(#990));
#2940=EDGE_LOOP('',(#991));
#2941=EDGE_LOOP('',(#992,#993,#994,#995));
#2942=EDGE_LOOP('',(#996,#997,#998));
#2943=EDGE_LOOP('',(#999,#1000,#1001,#1002));
#2944=EDGE_LOOP('',(#1003,#1004,#1005,#1006));
#2945=EDGE_LOOP('',(#1007,#1008,#1009));
#2946=EDGE_LOOP('',(#1010,#1011,#1012,#1013));
#2947=EDGE_LOOP('',(#1014,#1015,#1016,#1017));
#2948=EDGE_LOOP('',(#1018,#1019,#1020));
#2949=EDGE_LOOP('',(#1021,#1022,#1023,#1024));
#2950=EDGE_LOOP('',(#1025,#1026,#1027,#1028));
#2951=EDGE_LOOP('',(#1029,#1030,#1031));
#2952=EDGE_LOOP('',(#1032,#1033,#1034,#1035));
#2953=EDGE_LOOP('',(#1036,#1037,#1038,#1039));
#2954=EDGE_LOOP('',(#1040,#1041,#1042));
#2955=EDGE_LOOP('',(#1043,#1044,#1045,#1046));
#2956=EDGE_LOOP('',(#1047,#1048,#1049,#1050));
#2957=EDGE_LOOP('',(#1051,#1052,#1053));
#2958=EDGE_LOOP('',(#1054,#1055,#1056,#1057));
#2959=EDGE_LOOP('',(#1058,#1059,#1060,#1061));
#2960=EDGE_LOOP('',(#1062,#1063,#1064));
#2961=EDGE_LOOP('',(#1065,#1066,#1067,#1068));
#2962=EDGE_LOOP('',(#1069,#1070,#1071,#1072));
#2963=EDGE_LOOP('',(#1073,#1074,#1075));
#2964=EDGE_LOOP('',(#1076,#1077,#1078,#1079));
#2965=EDGE_LOOP('',(#1080,#1081,#1082,#1083));
#2966=EDGE_LOOP('',(#1084,#1085,#1086));
#2967=EDGE_LOOP('',(#1087,#1088,#1089,#1090));
#2968=EDGE_LOOP('',(#1091,#1092,#1093,#1094));
#2969=EDGE_LOOP('',(#1095,#1096,#1097));
#2970=EDGE_LOOP('',(#1098,#1099,#1100,#1101));
#2971=EDGE_LOOP('',(#1102,#1103,#1104,#1105));
#2972=EDGE_LOOP('',(#1106,#1107,#1108));
#2973=EDGE_LOOP('',(#1109,#1110,#1111,#1112));
#2974=EDGE_LOOP('',(#1113,#1114,#1115,#1116));
#2975=EDGE_LOOP('',(#1117,#1118,#1119));
#2976=EDGE_LOOP('',(#1120,#1121,#1122,#1123));
#2977=EDGE_LOOP('',(#1124,#1125,#1126,#1127));
#2978=EDGE_LOOP('',(#1128,#1129,#1130));
#2979=EDGE_LOOP('',(#1131,#1132,#1133,#1134));
#2980=EDGE_LOOP('',(#1135,#1136,#1137,#1138));
#2981=EDGE_LOOP('',(#1139,#1140,#1141));
#2982=EDGE_LOOP('',(#1142,#1143,#1144,#1145));
#2983=EDGE_LOOP('',(#1146,#1147,#1148,#1149));
#2984=EDGE_LOOP('',(#1150,#1151,#1152));
#2985=EDGE_LOOP('',(#1153,#1154,#1155,#1156));
#2986=EDGE_LOOP('',(#1157));
#2987=EDGE_LOOP('',(#1158));
#2988=EDGE_LOOP('',(#1159));
#2989=EDGE_LOOP('',(#1160,#1161,#1162,#1163,#1164,#1165,#1166,#1167,#1168,
#1169,#1170,#1171,#1172,#1173,#1174,#1175,#1176,#1177,#1178,#1179,#1180,
#1181,#1182,#1183,#1184,#1185,#1186,#1187,#1188,#1189,#1190,#1191,#1192,
#1193,#1194,#1195,#1196,#1197,#1198,#1199,#1200,#1201,#1202,#1203,#1204));
#2990=EDGE_LOOP('',(#1205));
#2991=EDGE_LOOP('',(#1206,#1207,#1208,#1209,#1210,#1211,#1212,#1213,#1214,
#1215,#1216,#1217,#1218,#1219,#1220,#1221,#1222,#1223,#1224,#1225,#1226,
#1227,#1228,#1229,#1230,#1231,#1232,#1233,#1234,#1235,#1236,#1237,#1238,
#1239,#1240,#1241,#1242,#1243,#1244,#1245,#1246,#1247,#1248,#1249,#1250,
#1251,#1252,#1253,#1254,#1255,#1256,#1257,#1258,#1259,#1260,#1261,#1262,
#1263,#1264,#1265));
#2992=EDGE_LOOP('',(#1266));
#2993=FACE_BOUND('',#2788,.T.);
#2994=FACE_BOUND('',#2789,.T.);
#2995=FACE_BOUND('',#2790,.T.);
#2996=FACE_BOUND('',#2791,.T.);
#2997=FACE_BOUND('',#2792,.T.);
#2998=FACE_BOUND('',#2793,.T.);
#2999=FACE_BOUND('',#2794,.T.);
#3000=FACE_BOUND('',#2795,.T.);
#3001=FACE_BOUND('',#2796,.T.);
#3002=FACE_BOUND('',#2797,.T.);
#3003=FACE_BOUND('',#2798,.T.);
#3004=FACE_BOUND('',#2799,.T.);
#3005=FACE_BOUND('',#2800,.T.);
#3006=FACE_BOUND('',#2801,.T.);
#3007=FACE_BOUND('',#2802,.T.);
#3008=FACE_BOUND('',#2803,.T.);
#3009=FACE_BOUND('',#2804,.T.);
#3010=FACE_BOUND('',#2805,.T.);
#3011=FACE_BOUND('',#2806,.T.);
#3012=FACE_BOUND('',#2807,.T.);
#3013=FACE_BOUND('',#2808,.T.);
#3014=FACE_BOUND('',#2809,.T.);
#3015=FACE_BOUND('',#2810,.T.);
#3016=FACE_BOUND('',#2811,.T.);
#3017=FACE_BOUND('',#2812,.T.);
#3018=FACE_BOUND('',#2813,.T.);
#3019=FACE_BOUND('',#2814,.T.);
#3020=FACE_BOUND('',#2815,.T.);
#3021=FACE_BOUND('',#2816,.T.);
#3022=FACE_BOUND('',#2817,.T.);
#3023=FACE_BOUND('',#2818,.T.);
#3024=FACE_BOUND('',#2819,.T.);
#3025=FACE_BOUND('',#2820,.T.);
#3026=FACE_BOUND('',#2821,.T.);
#3027=FACE_BOUND('',#2822,.T.);
#3028=FACE_BOUND('',#2823,.T.);
#3029=FACE_BOUND('',#2824,.T.);
#3030=FACE_BOUND('',#2825,.T.);
#3031=FACE_BOUND('',#2826,.T.);
#3032=FACE_BOUND('',#2827,.T.);
#3033=FACE_BOUND('',#2828,.T.);
#3034=FACE_BOUND('',#2829,.T.);
#3035=FACE_BOUND('',#2830,.T.);
#3036=FACE_BOUND('',#2831,.T.);
#3037=FACE_BOUND('',#2832,.T.);
#3038=FACE_BOUND('',#2833,.T.);
#3039=FACE_BOUND('',#2834,.T.);
#3040=FACE_BOUND('',#2835,.T.);
#3041=FACE_BOUND('',#2836,.T.);
#3042=FACE_BOUND('',#2837,.T.);
#3043=FACE_BOUND('',#2838,.T.);
#3044=FACE_BOUND('',#2839,.T.);
#3045=FACE_BOUND('',#2840,.T.);
#3046=FACE_BOUND('',#2841,.T.);
#3047=FACE_BOUND('',#2842,.T.);
#3048=FACE_BOUND('',#2843,.T.);
#3049=FACE_BOUND('',#2844,.T.);
#3050=FACE_BOUND('',#2845,.T.);
#3051=FACE_BOUND('',#2846,.T.);
#3052=FACE_BOUND('',#2847,.T.);
#3053=FACE_BOUND('',#2848,.T.);
#3054=FACE_BOUND('',#2849,.T.);
#3055=FACE_BOUND('',#2850,.T.);
#3056=FACE_BOUND('',#2851,.T.);
#3057=FACE_BOUND('',#2852,.T.);
#3058=FACE_BOUND('',#2853,.T.);
#3059=FACE_BOUND('',#2854,.T.);
#3060=FACE_BOUND('',#2855,.T.);
#3061=FACE_BOUND('',#2856,.T.);
#3062=FACE_BOUND('',#2857,.T.);
#3063=FACE_BOUND('',#2858,.T.);
#3064=FACE_BOUND('',#2859,.T.);
#3065=FACE_BOUND('',#2860,.T.);
#3066=FACE_BOUND('',#2861,.T.);
#3067=FACE_BOUND('',#2862,.T.);
#3068=FACE_BOUND('',#2863,.T.);
#3069=FACE_BOUND('',#2864,.T.);
#3070=FACE_BOUND('',#2865,.T.);
#3071=FACE_BOUND('',#2866,.T.);
#3072=FACE_BOUND('',#2867,.T.);
#3073=FACE_BOUND('',#2868,.T.);
#3074=FACE_BOUND('',#2869,.T.);
#3075=FACE_BOUND('',#2870,.T.);
#3076=FACE_BOUND('',#2871,.T.);
#3077=FACE_BOUND('',#2872,.T.);
#3078=FACE_BOUND('',#2873,.T.);
#3079=FACE_BOUND('',#2874,.T.);
#3080=FACE_BOUND('',#2875,.T.);
#3081=FACE_BOUND('',#2876,.T.);
#3082=FACE_BOUND('',#2877,.T.);
#3083=FACE_BOUND('',#2878,.T.);
#3084=FACE_BOUND('',#2879,.T.);
#3085=FACE_BOUND('',#2880,.T.);
#3086=FACE_BOUND('',#2881,.T.);
#3087=FACE_BOUND('',#2882,.T.);
#3088=FACE_BOUND('',#2883,.T.);
#3089=FACE_BOUND('',#2884,.T.);
#3090=FACE_BOUND('',#2885,.T.);
#3091=FACE_BOUND('',#2886,.T.);
#3092=FACE_BOUND('',#2887,.T.);
#3093=FACE_BOUND('',#2888,.T.);
#3094=FACE_BOUND('',#2889,.T.);
#3095=FACE_BOUND('',#2890,.T.);
#3096=FACE_BOUND('',#2891,.T.);
#3097=FACE_BOUND('',#2892,.T.);
#3098=FACE_BOUND('',#2893,.T.);
#3099=FACE_BOUND('',#2894,.T.);
#3100=FACE_BOUND('',#2895,.T.);
#3101=FACE_BOUND('',#2896,.T.);
#3102=FACE_BOUND('',#2897,.T.);
#3103=FACE_BOUND('',#2898,.T.);
#3104=FACE_BOUND('',#2899,.T.);
#3105=FACE_BOUND('',#2900,.T.);
#3106=FACE_BOUND('',#2901,.T.);
#3107=FACE_BOUND('',#2902,.T.);
#3108=FACE_BOUND('',#2903,.T.);
#3109=FACE_BOUND('',#2904,.T.);
#3110=FACE_BOUND('',#2905,.T.);
#3111=FACE_BOUND('',#2906,.T.);
#3112=FACE_BOUND('',#2907,.T.);
#3113=FACE_BOUND('',#2908,.T.);
#3114=FACE_BOUND('',#2909,.T.);
#3115=FACE_BOUND('',#2910,.T.);
#3116=FACE_BOUND('',#2911,.T.);
#3117=FACE_BOUND('',#2912,.T.);
#3118=FACE_BOUND('',#2913,.T.);
#3119=FACE_BOUND('',#2914,.T.);
#3120=FACE_BOUND('',#2915,.T.);
#3121=FACE_BOUND('',#2916,.T.);
#3122=FACE_BOUND('',#2917,.T.);
#3123=FACE_BOUND('',#2918,.T.);
#3124=FACE_BOUND('',#2919,.T.);
#3125=FACE_BOUND('',#2920,.T.);
#3126=FACE_BOUND('',#2921,.T.);
#3127=FACE_BOUND('',#2922,.T.);
#3128=FACE_BOUND('',#2923,.T.);
#3129=FACE_BOUND('',#2924,.T.);
#3130=FACE_BOUND('',#2925,.T.);
#3131=FACE_BOUND('',#2926,.T.);
#3132=FACE_BOUND('',#2927,.T.);
#3133=FACE_BOUND('',#2928,.T.);
#3134=FACE_BOUND('',#2929,.T.);
#3135=FACE_BOUND('',#2930,.T.);
#3136=FACE_BOUND('',#2931,.T.);
#3137=FACE_BOUND('',#2932,.T.);
#3138=FACE_BOUND('',#2933,.T.);
#3139=FACE_BOUND('',#2934,.T.);
#3140=FACE_BOUND('',#2935,.T.);
#3141=FACE_BOUND('',#2936,.T.);
#3142=FACE_BOUND('',#2937,.T.);
#3143=FACE_BOUND('',#2938,.T.);
#3144=FACE_BOUND('',#2939,.T.);
#3145=FACE_BOUND('',#2940,.T.);
#3146=FACE_BOUND('',#2941,.T.);
#3147=FACE_BOUND('',#2942,.T.);
#3148=FACE_BOUND('',#2943,.T.);
#3149=FACE_BOUND('',#2944,.T.);
#3150=FACE_BOUND('',#2945,.T.);
#3151=FACE_BOUND('',#2946,.T.);
#3152=FACE_BOUND('',#2947,.T.);
#3153=FACE_BOUND('',#2948,.T.);
#3154=FACE_BOUND('',#2949,.T.);
#3155=FACE_BOUND('',#2950,.T.);
#3156=FACE_BOUND('',#2951,.T.);
#3157=FACE_BOUND('',#2952,.T.);
#3158=FACE_BOUND('',#2953,.T.);
#3159=FACE_BOUND('',#2954,.T.);
#3160=FACE_BOUND('',#2955,.T.);
#3161=FACE_BOUND('',#2956,.T.);
#3162=FACE_BOUND('',#2957,.T.);
#3163=FACE_BOUND('',#2958,.T.);
#3164=FACE_BOUND('',#2959,.T.);
#3165=FACE_BOUND('',#2960,.T.);
#3166=FACE_BOUND('',#2961,.T.);
#3167=FACE_BOUND('',#2962,.T.);
#3168=FACE_BOUND('',#2963,.T.);
#3169=FACE_BOUND('',#2964,.T.);
#3170=FACE_BOUND('',#2965,.T.);
#3171=FACE_BOUND('',#2966,.T.);
#3172=FACE_BOUND('',#2967,.T.);
#3173=FACE_BOUND('',#2968,.T.);
#3174=FACE_BOUND('',#2969,.T.);
#3175=FACE_BOUND('',#2970,.T.);
#3176=FACE_BOUND('',#2971,.T.);
#3177=FACE_BOUND('',#2972,.T.);
#3178=FACE_BOUND('',#2973,.T.);
#3179=FACE_BOUND('',#2974,.T.);
#3180=FACE_BOUND('',#2975,.T.);
#3181=FACE_BOUND('',#2976,.T.);
#3182=FACE_BOUND('',#2977,.T.);
#3183=FACE_BOUND('',#2978,.T.);
#3184=FACE_BOUND('',#2979,.T.);
#3185=FACE_BOUND('',#2980,.T.);
#3186=FACE_BOUND('',#2981,.T.);
#3187=FACE_BOUND('',#2982,.T.);
#3188=FACE_BOUND('',#2983,.T.);
#3189=FACE_BOUND('',#2984,.T.);
#3190=FACE_BOUND('',#2985,.T.);
#3191=FACE_BOUND('',#2986,.T.);
#3192=FACE_BOUND('',#2987,.T.);
#3193=FACE_BOUND('',#2988,.T.);
#3194=FACE_BOUND('',#2989,.T.);
#3195=FACE_BOUND('',#2990,.T.);
#3196=FACE_BOUND('',#2991,.T.);
#3197=FACE_BOUND('',#2992,.T.);
#3198=PLANE('',#3522);
#3199=PLANE('',#3525);
#3200=PLANE('',#3528);
#3201=PLANE('',#3535);
#3202=PLANE('',#3540);
#3203=PLANE('',#3546);
#3204=PLANE('',#3551);
#3205=PLANE('',#3555);
#3206=PLANE('',#3559);
#3207=PLANE('',#3562);
#3208=PLANE('',#3563);
#3209=PLANE('',#3566);
#3210=PLANE('',#3567);
#3211=PLANE('',#3568);
#3212=PLANE('',#3569);
#3213=PLANE('',#3570);
#3214=PLANE('',#3573);
#3215=PLANE('',#3576);
#3216=PLANE('',#3577);
#3217=PLANE('',#3580);
#3218=PLANE('',#3581);
#3219=PLANE('',#3584);
#3220=PLANE('',#3585);
#3221=PLANE('',#3587);
#3222=PLANE('',#3590);
#3223=PLANE('',#3591);
#3224=PLANE('',#3592);
#3225=PLANE('',#3593);
#3226=PLANE('',#3594);
#3227=PLANE('',#3595);
#3228=PLANE('',#3598);
#3229=PLANE('',#3599);
#3230=PLANE('',#3600);
#3231=PLANE('',#3604);
#3232=PLANE('',#3608);
#3233=PLANE('',#3609);
#3234=PLANE('',#3610);
#3235=PLANE('',#3611);
#3236=PLANE('',#3615);
#3237=PLANE('',#3618);
#3238=PLANE('',#3621);
#3239=PLANE('',#3627);
#3240=PLANE('',#3632);
#3241=PLANE('',#3636);
#3242=PLANE('',#3640);
#3243=PLANE('',#3644);
#3244=PLANE('',#3648);
#3245=PLANE('',#3652);
#3246=PLANE('',#3656);
#3247=PLANE('',#3657);
#3248=PLANE('',#3658);
#3249=PLANE('',#3661);
#3250=PLANE('',#3662);
#3251=PLANE('',#3663);
#3252=PLANE('',#3666);
#3253=PLANE('',#3670);
#3254=PLANE('',#3671);
#3255=PLANE('',#3675);
#3256=PLANE('',#3676);
#3257=PLANE('',#3677);
#3258=PLANE('',#3681);
#3259=PLANE('',#3685);
#3260=PLANE('',#3688);
#3261=PLANE('',#3689);
#3262=PLANE('',#3695);
#3263=PLANE('',#3698);
#3264=PLANE('',#3702);
#3265=PLANE('',#3706);
#3266=PLANE('',#3710);
#3267=PLANE('',#3714);
#3268=PLANE('',#3715);
#3269=PLANE('',#3718);
#3270=PLANE('',#3722);
#3271=PLANE('',#3726);
#3272=PLANE('',#3727);
#3273=PLANE('',#3731);
#3274=PLANE('',#3732);
#3275=PLANE('',#3734);
#3276=PLANE('',#3735);
#3277=PLANE('',#3736);
#3278=PLANE('',#3738);
#3279=PLANE('',#3739);
#3280=PLANE('',#3740);
#3281=PLANE('',#3742);
#3282=PLANE('',#3743);
#3283=PLANE('',#3744);
#3284=PLANE('',#3746);
#3285=PLANE('',#3747);
#3286=PLANE('',#3748);
#3287=PLANE('',#3750);
#3288=PLANE('',#3751);
#3289=PLANE('',#3752);
#3290=PLANE('',#3754);
#3291=PLANE('',#3755);
#3292=PLANE('',#3756);
#3293=PLANE('',#3758);
#3294=PLANE('',#3759);
#3295=PLANE('',#3760);
#3296=PLANE('',#3762);
#3297=PLANE('',#3763);
#3298=PLANE('',#3764);
#3299=PLANE('',#3766);
#3300=PLANE('',#3767);
#3301=PLANE('',#3768);
#3302=PLANE('',#3770);
#3303=PLANE('',#3771);
#3304=PLANE('',#3772);
#3305=PLANE('',#3774);
#3306=PLANE('',#3775);
#3307=PLANE('',#3776);
#3308=PLANE('',#3778);
#3309=PLANE('',#3779);
#3310=PLANE('',#3780);
#3311=PLANE('',#3782);
#3312=PLANE('',#3783);
#3313=PLANE('',#3784);
#3314=PLANE('',#3786);
#3315=PLANE('',#3787);
#3316=PLANE('',#3788);
#3317=PLANE('',#3790);
#3318=PLANE('',#3793);
#3319=PLANE('',#3810);
#3320=ADVANCED_FACE('',(#2993),#3198,.F.);
#3321=ADVANCED_FACE('',(#2994),#3199,.F.);
#3322=ADVANCED_FACE('',(#2995),#3200,.F.);
#3323=ADVANCED_FACE('',(#2996),#103,.T.);
#3324=ADVANCED_FACE('',(#2997),#3201,.T.);
#3325=ADVANCED_FACE('',(#2998),#104,.T.);
#3326=ADVANCED_FACE('',(#2999),#3202,.T.);
#3327=ADVANCED_FACE('',(#3000),#105,.T.);
#3328=ADVANCED_FACE('',(#3001),#3203,.T.);
#3329=ADVANCED_FACE('',(#3002),#106,.T.);
#3330=ADVANCED_FACE('',(#3003),#3204,.T.);
#3331=ADVANCED_FACE('',(#3004),#107,.T.);
#3332=ADVANCED_FACE('',(#3005),#3205,.T.);
#3333=ADVANCED_FACE('',(#3006),#108,.T.);
#3334=ADVANCED_FACE('',(#3007,#3008),#3206,.T.);
#3335=ADVANCED_FACE('',(#3009),#3207,.T.);
#3336=ADVANCED_FACE('',(#3010,#3011),#3208,.T.);
#3337=ADVANCED_FACE('',(#3012),#3209,.F.);
#3338=ADVANCED_FACE('',(#3013),#3210,.F.);
#3339=ADVANCED_FACE('',(#3014),#3211,.T.);
#3340=ADVANCED_FACE('',(#3015),#3212,.F.);
#3341=ADVANCED_FACE('',(#3016),#3213,.F.);
#3342=ADVANCED_FACE('',(#3017),#109,.T.);
#3343=ADVANCED_FACE('',(#3018),#15,.T.);
#3344=ADVANCED_FACE('',(#3019),#3214,.F.);
#3345=ADVANCED_FACE('',(#3020),#110,.T.);
#3346=ADVANCED_FACE('',(#3021),#3215,.T.);
#3347=ADVANCED_FACE('',(#3022),#3216,.F.);
#3348=ADVANCED_FACE('',(#3023),#111,.T.);
#3349=ADVANCED_FACE('',(#3024),#3217,.F.);
#3350=ADVANCED_FACE('',(#3025),#3218,.F.);
#3351=ADVANCED_FACE('',(#3026),#112,.T.);
#3352=ADVANCED_FACE('',(#3027),#3219,.F.);
#3353=ADVANCED_FACE('',(#3028),#3220,.F.);
#3354=ADVANCED_FACE('',(#3029),#3221,.F.);
#3355=ADVANCED_FACE('',(#3030),#113,.T.);
#3356=ADVANCED_FACE('',(#3031),#114,.T.);
#3357=ADVANCED_FACE('',(#3032),#3222,.F.);
#3358=ADVANCED_FACE('',(#3033),#3223,.T.);
#3359=ADVANCED_FACE('',(#3034),#3224,.T.);
#3360=ADVANCED_FACE('',(#3035),#3225,.F.);
#3361=ADVANCED_FACE('',(#3036),#3226,.T.);
#3362=ADVANCED_FACE('',(#3037),#3227,.T.);
#3363=ADVANCED_FACE('',(#3038),#115,.T.);
#3364=ADVANCED_FACE('',(#3039),#3228,.T.);
#3365=ADVANCED_FACE('',(#3040),#3229,.T.);
#3366=ADVANCED_FACE('',(#3041),#3230,.F.);
#3367=ADVANCED_FACE('',(#3042),#116,.T.);
#3368=ADVANCED_FACE('',(#3043),#3231,.F.);
#3369=ADVANCED_FACE('',(#3044),#117,.T.);
#3370=ADVANCED_FACE('',(#3045),#3232,.F.);
#3371=ADVANCED_FACE('',(#3046),#3233,.T.);
#3372=ADVANCED_FACE('',(#3047),#3234,.T.);
#3373=ADVANCED_FACE('',(#3048),#3235,.F.);
#3374=ADVANCED_FACE('',(#3049),#118,.T.);
#3375=ADVANCED_FACE('',(#3050),#16,.T.);
#3376=ADVANCED_FACE('',(#3051),#3236,.T.);
#3377=ADVANCED_FACE('',(#3052),#119,.T.);
#3378=ADVANCED_FACE('',(#3053),#17,.T.);
#3379=ADVANCED_FACE('',(#3054),#18,.T.);
#3380=ADVANCED_FACE('',(#3055),#120,.T.);
#3381=ADVANCED_FACE('',(#3056),#19,.T.);
#3382=ADVANCED_FACE('',(#3057),#3237,.T.);
#3383=ADVANCED_FACE('',(#3058),#121,.T.);
#3384=ADVANCED_FACE('',(#3059),#20,.T.);
#3385=ADVANCED_FACE('',(#3060),#21,.T.);
#3386=ADVANCED_FACE('',(#3061),#122,.T.);
#3387=ADVANCED_FACE('',(#3062),#22,.T.);
#3388=ADVANCED_FACE('',(#3063),#3238,.T.);
#3389=ADVANCED_FACE('',(#3064),#123,.T.);
#3390=ADVANCED_FACE('',(#3065),#23,.T.);
#3391=ADVANCED_FACE('',(#3066),#24,.T.);
#3392=ADVANCED_FACE('',(#3067),#124,.T.);
#3393=ADVANCED_FACE('',(#3068),#25,.T.);
#3394=ADVANCED_FACE('',(#3069),#125,.T.);
#3395=ADVANCED_FACE('',(#3070),#126,.T.);
#3396=ADVANCED_FACE('',(#3071),#26,.T.);
#3397=ADVANCED_FACE('',(#3072),#3239,.T.);
#3398=ADVANCED_FACE('',(#3073),#127,.T.);
#3399=ADVANCED_FACE('',(#3074),#27,.T.);
#3400=ADVANCED_FACE('',(#3075),#128,.T.);
#3401=ADVANCED_FACE('',(#3076),#28,.T.);
#3402=ADVANCED_FACE('',(#3077),#129,.T.);
#3403=ADVANCED_FACE('',(#3078),#29,.T.);
#3404=ADVANCED_FACE('',(#3079),#130,.T.);
#3405=ADVANCED_FACE('',(#3080),#30,.T.);
#3406=ADVANCED_FACE('',(#3081),#3240,.F.);
#3407=ADVANCED_FACE('',(#3082),#131,.F.);
#3408=ADVANCED_FACE('',(#3083),#3241,.F.);
#3409=ADVANCED_FACE('',(#3084),#132,.F.);
#3410=ADVANCED_FACE('',(#3085),#3242,.F.);
#3411=ADVANCED_FACE('',(#3086),#133,.F.);
#3412=ADVANCED_FACE('',(#3087),#3243,.F.);
#3413=ADVANCED_FACE('',(#3088),#134,.F.);
#3414=ADVANCED_FACE('',(#3089),#3244,.F.);
#3415=ADVANCED_FACE('',(#3090),#135,.T.);
#3416=ADVANCED_FACE('',(#3091),#3245,.F.);
#3417=ADVANCED_FACE('',(#3092),#136,.T.);
#3418=ADVANCED_FACE('',(#3093),#3246,.F.);
#3419=ADVANCED_FACE('',(#3094),#3247,.F.);
#3420=ADVANCED_FACE('',(#3095,#3096),#3248,.F.);
#3421=ADVANCED_FACE('',(#3097),#3249,.F.);
#3422=ADVANCED_FACE('',(#3098),#3250,.F.);
#3423=ADVANCED_FACE('',(#3099),#3251,.F.);
#3424=ADVANCED_FACE('',(#3100),#3252,.T.);
#3425=ADVANCED_FACE('',(#3101),#137,.T.);
#3426=ADVANCED_FACE('',(#3102),#3253,.T.);
#3427=ADVANCED_FACE('',(#3103),#3254,.T.);
#3428=ADVANCED_FACE('',(#3104),#138,.T.);
#3429=ADVANCED_FACE('',(#3105),#3255,.F.);
#3430=ADVANCED_FACE('',(#3106),#3256,.T.);
#3431=ADVANCED_FACE('',(#3107),#3257,.T.);
#3432=ADVANCED_FACE('',(#3108),#139,.T.);
#3433=ADVANCED_FACE('',(#3109,#3110),#3258,.T.);
#3434=ADVANCED_FACE('',(#3111,#3112),#140,.F.);
#3435=ADVANCED_FACE('',(#3113,#3114),#3259,.F.);
#3436=ADVANCED_FACE('',(#3115),#141,.T.);
#3437=ADVANCED_FACE('',(#3116),#3260,.T.);
#3438=ADVANCED_FACE('',(#3117,#3118),#3261,.T.);
#3439=ADVANCED_FACE('',(#3119),#12,.T.);
#3440=ADVANCED_FACE('',(#3120),#3262,.T.);
#3441=ADVANCED_FACE('',(#3121),#13,.T.);
#3442=ADVANCED_FACE('',(#3122),#3263,.F.);
#3443=ADVANCED_FACE('',(#3123),#142,.T.);
#3444=ADVANCED_FACE('',(#3124),#3264,.F.);
#3445=ADVANCED_FACE('',(#3125),#143,.T.);
#3446=ADVANCED_FACE('',(#3126),#3265,.F.);
#3447=ADVANCED_FACE('',(#3127),#144,.T.);
#3448=ADVANCED_FACE('',(#3128,#3129),#3266,.T.);
#3449=ADVANCED_FACE('',(#3130),#145,.T.);
#3450=ADVANCED_FACE('',(#3131),#3267,.F.);
#3451=ADVANCED_FACE('',(#3132,#3133),#3268,.T.);
#3452=ADVANCED_FACE('',(#3134),#146,.T.);
#3453=ADVANCED_FACE('',(#3135),#3269,.T.);
#3454=ADVANCED_FACE('',(#3136),#147,.T.);
#3455=ADVANCED_FACE('',(#3137,#3138),#3270,.F.);
#3456=ADVANCED_FACE('',(#3139,#3140),#148,.F.);
#3457=ADVANCED_FACE('',(#3141,#3142),#3271,.T.);
#3458=ADVANCED_FACE('',(#3143),#3272,.T.);
#3459=ADVANCED_FACE('',(#3144,#3145),#149,.F.);
#3460=ADVANCED_FACE('',(#3146),#3273,.F.);
#3461=ADVANCED_FACE('',(#3147),#3274,.T.);
#3462=ADVANCED_FACE('',(#3148),#3275,.F.);
#3463=ADVANCED_FACE('',(#3149),#3276,.F.);
#3464=ADVANCED_FACE('',(#3150),#3277,.T.);
#3465=ADVANCED_FACE('',(#3151),#3278,.F.);
#3466=ADVANCED_FACE('',(#3152),#3279,.F.);
#3467=ADVANCED_FACE('',(#3153),#3280,.T.);
#3468=ADVANCED_FACE('',(#3154),#3281,.F.);
#3469=ADVANCED_FACE('',(#3155),#3282,.F.);
#3470=ADVANCED_FACE('',(#3156),#3283,.T.);
#3471=ADVANCED_FACE('',(#3157),#3284,.F.);
#3472=ADVANCED_FACE('',(#3158),#3285,.F.);
#3473=ADVANCED_FACE('',(#3159),#3286,.T.);
#3474=ADVANCED_FACE('',(#3160),#3287,.F.);
#3475=ADVANCED_FACE('',(#3161),#3288,.F.);
#3476=ADVANCED_FACE('',(#3162),#3289,.T.);
#3477=ADVANCED_FACE('',(#3163),#3290,.F.);
#3478=ADVANCED_FACE('',(#3164),#3291,.F.);
#3479=ADVANCED_FACE('',(#3165),#3292,.T.);
#3480=ADVANCED_FACE('',(#3166),#3293,.F.);
#3481=ADVANCED_FACE('',(#3167),#3294,.F.);
#3482=ADVANCED_FACE('',(#3168),#3295,.T.);
#3483=ADVANCED_FACE('',(#3169),#3296,.F.);
#3484=ADVANCED_FACE('',(#3170),#3297,.F.);
#3485=ADVANCED_FACE('',(#3171),#3298,.T.);
#3486=ADVANCED_FACE('',(#3172),#3299,.F.);
#3487=ADVANCED_FACE('',(#3173),#3300,.F.);
#3488=ADVANCED_FACE('',(#3174),#3301,.T.);
#3489=ADVANCED_FACE('',(#3175),#3302,.F.);
#3490=ADVANCED_FACE('',(#3176),#3303,.F.);
#3491=ADVANCED_FACE('',(#3177),#3304,.T.);
#3492=ADVANCED_FACE('',(#3178),#3305,.F.);
#3493=ADVANCED_FACE('',(#3179),#3306,.F.);
#3494=ADVANCED_FACE('',(#3180),#3307,.T.);
#3495=ADVANCED_FACE('',(#3181),#3308,.F.);
#3496=ADVANCED_FACE('',(#3182),#3309,.F.);
#3497=ADVANCED_FACE('',(#3183),#3310,.T.);
#3498=ADVANCED_FACE('',(#3184),#3311,.F.);
#3499=ADVANCED_FACE('',(#3185),#3312,.F.);
#3500=ADVANCED_FACE('',(#3186),#3313,.T.);
#3501=ADVANCED_FACE('',(#3187),#3314,.F.);
#3502=ADVANCED_FACE('',(#3188),#3315,.F.);
#3503=ADVANCED_FACE('',(#3189),#3316,.T.);
#3504=ADVANCED_FACE('',(#3190),#3317,.F.);
#3505=ADVANCED_FACE('',(#3191,#3192),#14,.F.);
#3506=ADVANCED_FACE('',(#3193,#3194),#3318,.T.);
#3507=ADVANCED_FACE('',(#3195,#3196),#150,.T.);
#3508=ADVANCED_FACE('',(#3197),#3319,.F.);
#3509=CLOSED_SHELL('',(#3320,#3321,#3322,#3323,#3324,#3325,#3326,#3327,
#3328,#3329,#3330,#3331,#3332,#3333,#3334,#3335,#3336,#3337,#3338,#3339,
#3340,#3341,#3342,#3343,#3344,#3345,#3346,#3347,#3348,#3349,#3350,#3351,
#3352,#3353,#3354,#3355,#3356,#3357,#3358,#3359,#3360,#3361,#3362,#3363,
#3364,#3365,#3366,#3367,#3368,#3369,#3370,#3371,#3372,#3373,#3374,#3375,
#3376,#3377,#3378,#3379,#3380,#3381,#3382,#3383,#3384,#3385,#3386,#3387,
#3388,#3389,#3390,#3391,#3392,#3393,#3394,#3395,#3396,#3397,#3398,#3399,
#3400,#3401,#3402,#3403,#3404,#3405,#3406,#3407,#3408,#3409,#3410,#3411,
#3412,#3413,#3414,#3415,#3416,#3417,#3418,#3419,#3420,#3421,#3422,#3423,
#3424,#3425,#3426,#3427,#3428,#3429,#3430,#3431,#3432,#3433,#3434,#3435,
#3436,#3437,#3438,#3439,#3440,#3441,#3442,#3443,#3444,#3445,#3446,#3447,
#3448,#3449,#3450,#3451,#3452,#3453,#3454,#3455,#3456,#3457,#3458,#3459,
#3460,#3461,#3462,#3463,#3464,#3465,#3466,#3467,#3468,#3469,#3470,#3471,
#3472,#3473,#3474,#3475,#3476,#3477,#3478,#3479,#3480,#3481,#3482,#3483,
#3484,#3485,#3486,#3487,#3488,#3489,#3490,#3491,#3492,#3493,#3494,#3495,
#3496,#3497,#3498,#3499,#3500,#3501,#3502,#3503,#3504,#3505,#3506,#3507,
#3508));
#3510=STYLED_ITEM('',(#3511),#3518);
#3511=PRESENTATION_STYLE_ASSIGNMENT((#3512));
#3512=SURFACE_STYLE_USAGE(.BOTH.,#3513);
#3513=SURFACE_SIDE_STYLE('',(#3514));
#3514=SURFACE_STYLE_FILL_AREA(#3515);
#3515=FILL_AREA_STYLE('',(#3516));
#3516=FILL_AREA_STYLE_COLOUR('',#3517);
#3517=COLOUR_RGB('',0.301960784313725,0.27843137254902,0.290196078431373);
#3518=MANIFOLD_SOLID_BREP('HS-53',#3509);
#3519=SHAPE_DEFINITION_REPRESENTATION(#6467,#3520);
#3520=SHAPE_REPRESENTATION('HS-53',(#3521),#6462);
#3521=AXIS2_PLACEMENT_3D('',#4730,#3811,#3812);
#3522=AXIS2_PLACEMENT_3D('',#4731,#3813,#3814);
#3523=AXIS2_PLACEMENT_3D('',#4739,#3818,#3819);
#3524=AXIS2_PLACEMENT_3D('',#4747,#3823,#3824);
#3525=AXIS2_PLACEMENT_3D('',#4748,#3825,#3826);
#3526=AXIS2_PLACEMENT_3D('',#4756,#3830,#3831);
#3527=AXIS2_PLACEMENT_3D('',#4764,#3835,#3836);
#3528=AXIS2_PLACEMENT_3D('',#4765,#3837,#3838);
#3529=AXIS2_PLACEMENT_3D('',#4771,#3841,#3842);
#3530=AXIS2_PLACEMENT_3D('',#4779,#3846,#3847);
#3531=AXIS2_PLACEMENT_3D('',#4782,#3849,#3850);
#3532=AXIS2_PLACEMENT_3D('',#4785,#3852,#3853);
#3533=AXIS2_PLACEMENT_3D('',#4789,#3855,#3856);
#3534=AXIS2_PLACEMENT_3D('',#4793,#3858,#3859);
#3535=AXIS2_PLACEMENT_3D('',#4796,#3861,#3862);
#3536=AXIS2_PLACEMENT_3D('',#4817,#3874,#3875);
#3537=AXIS2_PLACEMENT_3D('',#4820,#3877,#3878);
#3538=AXIS2_PLACEMENT_3D('',#4824,#3880,#3881);
#3539=AXIS2_PLACEMENT_3D('',#4828,#3883,#3884);
#3540=AXIS2_PLACEMENT_3D('',#4829,#3885,#3886);
#3541=AXIS2_PLACEMENT_3D('',#4849,#3897,#3898);
#3542=AXIS2_PLACEMENT_3D('',#4853,#3900,#3901);
#3543=AXIS2_PLACEMENT_3D('',#4857,#3903,#3904);
#3544=AXIS2_PLACEMENT_3D('',#4861,#3906,#3907);
#3545=AXIS2_PLACEMENT_3D('',#4862,#3908,#3909);
#3546=AXIS2_PLACEMENT_3D('',#4863,#3910,#3911);
#3547=AXIS2_PLACEMENT_3D('',#4886,#3924,#3925);
#3548=AXIS2_PLACEMENT_3D('',#4889,#3927,#3928);
#3549=AXIS2_PLACEMENT_3D('',#4893,#3930,#3931);
#3550=AXIS2_PLACEMENT_3D('',#4897,#3933,#3934);
#3551=AXIS2_PLACEMENT_3D('',#4898,#3935,#3936);
#3552=AXIS2_PLACEMENT_3D('',#4907,#3941,#3942);
#3553=AXIS2_PLACEMENT_3D('',#4908,#3943,#3944);
#3554=AXIS2_PLACEMENT_3D('',#4912,#3946,#3947);
#3555=AXIS2_PLACEMENT_3D('',#4913,#3948,#3949);
#3556=AXIS2_PLACEMENT_3D('',#4919,#3953,#3954);
#3557=AXIS2_PLACEMENT_3D('',#4920,#3955,#3956);
#3558=AXIS2_PLACEMENT_3D('',#4924,#3958,#3959);
#3559=AXIS2_PLACEMENT_3D('',#4925,#3960,#3961);
#3560=AXIS2_PLACEMENT_3D('',#4926,#3962,#3963);
#3561=AXIS2_PLACEMENT_3D('',#4930,#3965,#3966);
#3562=AXIS2_PLACEMENT_3D('',#4947,#3976,#3977);
#3563=AXIS2_PLACEMENT_3D('',#4951,#3980,#3981);
#3564=AXIS2_PLACEMENT_3D('',#4960,#3986,#3987);
#3565=AXIS2_PLACEMENT_3D('',#4964,#3989,#3990);
#3566=AXIS2_PLACEMENT_3D('',#4965,#3991,#3992);
#3567=AXIS2_PLACEMENT_3D('',#4971,#3996,#3997);
#3568=AXIS2_PLACEMENT_3D('',#4975,#4000,#4001);
#3569=AXIS2_PLACEMENT_3D('',#4979,#4004,#4005);
#3570=AXIS2_PLACEMENT_3D('',#4981,#4007,#4008);
#3571=AXIS2_PLACEMENT_3D('',#4986,#4011,#4012);
#3572=AXIS2_PLACEMENT_3D('',#4991,#4015,#4016);
#3573=AXIS2_PLACEMENT_3D('',#5056,#4019,#4020);
#3574=AXIS2_PLACEMENT_3D('',#5062,#4024,#4025);
#3575=AXIS2_PLACEMENT_3D('',#5063,#4026,#4027);
#3576=AXIS2_PLACEMENT_3D('',#5066,#4029,#4030);
#3577=AXIS2_PLACEMENT_3D('',#5070,#4033,#4034);
#3578=AXIS2_PLACEMENT_3D('',#5072,#4036,#4037);
#3579=AXIS2_PLACEMENT_3D('',#5080,#4039,#4040);
#3580=AXIS2_PLACEMENT_3D('',#5081,#4041,#4042);
#3581=AXIS2_PLACEMENT_3D('',#5085,#4045,#4046);
#3582=AXIS2_PLACEMENT_3D('',#5089,#4049,#4050);
#3583=AXIS2_PLACEMENT_3D('',#5092,#4052,#4053);
#3584=AXIS2_PLACEMENT_3D('',#5093,#4054,#4055);
#3585=AXIS2_PLACEMENT_3D('',#5097,#4058,#4059);
#3586=AXIS2_PLACEMENT_3D('',#5099,#4061,#4062);
#3587=AXIS2_PLACEMENT_3D('',#5100,#4063,#4064);
#3588=AXIS2_PLACEMENT_3D('',#5101,#4065,#4066);
#3589=AXIS2_PLACEMENT_3D('',#5103,#4068,#4069);
#3590=AXIS2_PLACEMENT_3D('',#5105,#4071,#4072);
#3591=AXIS2_PLACEMENT_3D('',#5106,#4073,#4074);
#3592=AXIS2_PLACEMENT_3D('',#5110,#4077,#4078);
#3593=AXIS2_PLACEMENT_3D('',#5116,#4082,#4083);
#3594=AXIS2_PLACEMENT_3D('',#5118,#4085,#4086);
#3595=AXIS2_PLACEMENT_3D('',#5122,#4089,#4090);
#3596=AXIS2_PLACEMENT_3D('',#5126,#4093,#4094);
#3597=AXIS2_PLACEMENT_3D('',#5129,#4096,#4097);
#3598=AXIS2_PLACEMENT_3D('',#5130,#4098,#4099);
#3599=AXIS2_PLACEMENT_3D('',#5134,#4102,#4103);
#3600=AXIS2_PLACEMENT_3D('',#5136,#4105,#4106);
#3601=AXIS2_PLACEMENT_3D('',#5137,#4107,#4108);
#3602=AXIS2_PLACEMENT_3D('',#5138,#4109,#4110);
#3603=AXIS2_PLACEMENT_3D('',#5146,#4112,#4113);
#3604=AXIS2_PLACEMENT_3D('',#5147,#4114,#4115);
#3605=AXIS2_PLACEMENT_3D('',#5150,#4117,#4118);
#3606=AXIS2_PLACEMENT_3D('',#5151,#4119,#4120);
#3607=AXIS2_PLACEMENT_3D('',#5152,#4121,#4122);
#3608=AXIS2_PLACEMENT_3D('',#5154,#4124,#4125);
#3609=AXIS2_PLACEMENT_3D('',#5155,#4126,#4127);
#3610=AXIS2_PLACEMENT_3D('',#5156,#4128,#4129);
#3611=AXIS2_PLACEMENT_3D('',#5158,#4131,#4132);
#3612=AXIS2_PLACEMENT_3D('',#5159,#4133,#4134);
#3613=AXIS2_PLACEMENT_3D('',#5160,#4135,#4136);
#3614=AXIS2_PLACEMENT_3D('',#5168,#4138,#4139);
#3615=AXIS2_PLACEMENT_3D('',#5207,#4140,#4141);
#3616=AXIS2_PLACEMENT_3D('',#5219,#4144,#4145);
#3617=AXIS2_PLACEMENT_3D('',#5313,#4147,#4148);
#3618=AXIS2_PLACEMENT_3D('',#5352,#4149,#4150);
#3619=AXIS2_PLACEMENT_3D('',#5364,#4153,#4154);
#3620=AXIS2_PLACEMENT_3D('',#5458,#4156,#4157);
#3621=AXIS2_PLACEMENT_3D('',#5497,#4158,#4159);
#3622=AXIS2_PLACEMENT_3D('',#5509,#4162,#4163);
#3623=AXIS2_PLACEMENT_3D('',#5603,#4165,#4166);
#3624=AXIS2_PLACEMENT_3D('',#5647,#4167,#4168);
#3625=AXIS2_PLACEMENT_3D('',#5650,#4170,#4171);
#3626=AXIS2_PLACEMENT_3D('',#5651,#4172,#4173);
#3627=AXIS2_PLACEMENT_3D('',#5691,#4174,#4175);
#3628=AXIS2_PLACEMENT_3D('',#5693,#4177,#4178);
#3629=AXIS2_PLACEMENT_3D('',#5755,#4180,#4181);
#3630=AXIS2_PLACEMENT_3D('',#5812,#4183,#4184);
#3631=AXIS2_PLACEMENT_3D('',#5869,#4186,#4187);
#3632=AXIS2_PLACEMENT_3D('',#5921,#4189,#4190);
#3633=AXIS2_PLACEMENT_3D('',#5922,#4191,#4192);
#3634=AXIS2_PLACEMENT_3D('',#5926,#4194,#4195);
#3635=AXIS2_PLACEMENT_3D('',#5930,#4197,#4198);
#3636=AXIS2_PLACEMENT_3D('',#5931,#4199,#4200);
#3637=AXIS2_PLACEMENT_3D('',#5937,#4204,#4205);
#3638=AXIS2_PLACEMENT_3D('',#5941,#4207,#4208);
#3639=AXIS2_PLACEMENT_3D('',#5942,#4209,#4210);
#3640=AXIS2_PLACEMENT_3D('',#5943,#4211,#4212);
#3641=AXIS2_PLACEMENT_3D('',#5949,#4216,#4217);
#3642=AXIS2_PLACEMENT_3D('',#5953,#4219,#4220);
#3643=AXIS2_PLACEMENT_3D('',#5954,#4221,#4222);
#3644=AXIS2_PLACEMENT_3D('',#5955,#4223,#4224);
#3645=AXIS2_PLACEMENT_3D('',#5961,#4228,#4229);
#3646=AXIS2_PLACEMENT_3D('',#5965,#4231,#4232);
#3647=AXIS2_PLACEMENT_3D('',#5966,#4233,#4234);
#3648=AXIS2_PLACEMENT_3D('',#5967,#4235,#4236);
#3649=AXIS2_PLACEMENT_3D('',#5970,#4239,#4240);
#3650=AXIS2_PLACEMENT_3D('',#5974,#4242,#4243);
#3651=AXIS2_PLACEMENT_3D('',#5978,#4245,#4246);
#3652=AXIS2_PLACEMENT_3D('',#5979,#4247,#4248);
#3653=AXIS2_PLACEMENT_3D('',#5985,#4252,#4253);
#3654=AXIS2_PLACEMENT_3D('',#5986,#4254,#4255);
#3655=AXIS2_PLACEMENT_3D('',#5990,#4257,#4258);
#3656=AXIS2_PLACEMENT_3D('',#5991,#4259,#4260);
#3657=AXIS2_PLACEMENT_3D('',#5997,#4264,#4265);
#3658=AXIS2_PLACEMENT_3D('',#6006,#4270,#4271);
#3659=AXIS2_PLACEMENT_3D('',#6007,#4272,#4273);
#3660=AXIS2_PLACEMENT_3D('',#6008,#4274,#4275);
#3661=AXIS2_PLACEMENT_3D('',#6011,#4277,#4278);
#3662=AXIS2_PLACEMENT_3D('',#6015,#4281,#4282);
#3663=AXIS2_PLACEMENT_3D('',#6016,#4283,#4284);
#3664=AXIS2_PLACEMENT_3D('',#6018,#4286,#4287);
#3665=AXIS2_PLACEMENT_3D('',#6019,#4288,#4289);
#3666=AXIS2_PLACEMENT_3D('',#6020,#4290,#4291);
#3667=AXIS2_PLACEMENT_3D('',#6029,#4296,#4297);
#3668=AXIS2_PLACEMENT_3D('',#6033,#4299,#4300);
#3669=AXIS2_PLACEMENT_3D('',#6034,#4301,#4302);
#3670=AXIS2_PLACEMENT_3D('',#6035,#4303,#4304);
#3671=AXIS2_PLACEMENT_3D('',#6038,#4307,#4308);
#3672=AXIS2_PLACEMENT_3D('',#6044,#4312,#4313);
#3673=AXIS2_PLACEMENT_3D('',#6045,#4314,#4315);
#3674=AXIS2_PLACEMENT_3D('',#6049,#4317,#4318);
#3675=AXIS2_PLACEMENT_3D('',#6050,#4319,#4320);
#3676=AXIS2_PLACEMENT_3D('',#6056,#4324,#4325);
#3677=AXIS2_PLACEMENT_3D('',#6059,#4328,#4329);
#3678=AXIS2_PLACEMENT_3D('',#6065,#4333,#4334);
#3679=AXIS2_PLACEMENT_3D('',#6066,#4335,#4336);
#3680=AXIS2_PLACEMENT_3D('',#6067,#4337,#4338);
#3681=AXIS2_PLACEMENT_3D('',#6068,#4339,#4340);
#3682=AXIS2_PLACEMENT_3D('',#6069,#4341,#4342);
#3683=AXIS2_PLACEMENT_3D('',#6071,#4343,#4344);
#3684=AXIS2_PLACEMENT_3D('',#6072,#4345,#4346);
#3685=AXIS2_PLACEMENT_3D('',#6074,#4347,#4348);
#3686=AXIS2_PLACEMENT_3D('',#6075,#4349,#4350);
#3687=AXIS2_PLACEMENT_3D('',#6076,#4351,#4352);
#3688=AXIS2_PLACEMENT_3D('',#6077,#4353,#4354);
#3689=AXIS2_PLACEMENT_3D('',#6089,#4358,#4359);
#3690=AXIS2_PLACEMENT_3D('',#6090,#4360,#4361);
#3691=AXIS2_PLACEMENT_3D('',#6092,#4362,#4363);
#3692=AXIS2_PLACEMENT_3D('',#6096,#4365,#4366);
#3693=AXIS2_PLACEMENT_3D('',#6097,#4367,#4368);
#3694=AXIS2_PLACEMENT_3D('',#6098,#4369,#4370);
#3695=AXIS2_PLACEMENT_3D('',#6101,#4372,#4373);
#3696=AXIS2_PLACEMENT_3D('',#6108,#4375,#4376);
#3697=AXIS2_PLACEMENT_3D('',#6109,#4377,#4378);
#3698=AXIS2_PLACEMENT_3D('',#6110,#4379,#4380);
#3699=AXIS2_PLACEMENT_3D('',#6119,#4385,#4386);
#3700=AXIS2_PLACEMENT_3D('',#6123,#4388,#4389);
#3701=AXIS2_PLACEMENT_3D('',#6127,#4391,#4392);
#3702=AXIS2_PLACEMENT_3D('',#6128,#4393,#4394);
#3703=AXIS2_PLACEMENT_3D('',#6134,#4398,#4399);
#3704=AXIS2_PLACEMENT_3D('',#6138,#4401,#4402);
#3705=AXIS2_PLACEMENT_3D('',#6139,#4403,#4404);
#3706=AXIS2_PLACEMENT_3D('',#6140,#4405,#4406);
#3707=AXIS2_PLACEMENT_3D('',#6146,#4410,#4411);
#3708=AXIS2_PLACEMENT_3D('',#6147,#4412,#4413);
#3709=AXIS2_PLACEMENT_3D('',#6148,#4414,#4415);
#3710=AXIS2_PLACEMENT_3D('',#6149,#4416,#4417);
#3711=AXIS2_PLACEMENT_3D('',#6152,#4419,#4420);
#3712=AXIS2_PLACEMENT_3D('',#6153,#4421,#4422);
#3713=AXIS2_PLACEMENT_3D('',#6156,#4424,#4425);
#3714=AXIS2_PLACEMENT_3D('',#6157,#4426,#4427);
#3715=AXIS2_PLACEMENT_3D('',#6159,#4429,#4430);
#3716=AXIS2_PLACEMENT_3D('',#6160,#4431,#4432);
#3717=AXIS2_PLACEMENT_3D('',#6161,#4433,#4434);
#3718=AXIS2_PLACEMENT_3D('',#6162,#4435,#4436);
#3719=AXIS2_PLACEMENT_3D('',#6168,#4440,#4441);
#3720=AXIS2_PLACEMENT_3D('',#6169,#4442,#4443);
#3721=AXIS2_PLACEMENT_3D('',#6170,#4444,#4445);
#3722=AXIS2_PLACEMENT_3D('',#6171,#4446,#4447);
#3723=AXIS2_PLACEMENT_3D('',#6172,#4448,#4449);
#3724=AXIS2_PLACEMENT_3D('',#6174,#4450,#4451);
#3725=AXIS2_PLACEMENT_3D('',#6175,#4452,#4453);
#3726=AXIS2_PLACEMENT_3D('',#6177,#4454,#4455);
#3727=AXIS2_PLACEMENT_3D('',#6179,#4457,#4458);
#3728=AXIS2_PLACEMENT_3D('',#6180,#4459,#4460);
#3729=AXIS2_PLACEMENT_3D('',#6181,#4461,#4462);
#3730=AXIS2_PLACEMENT_3D('',#6183,#4463,#4464);
#3731=AXIS2_PLACEMENT_3D('',#6185,#4465,#4466);
#3732=AXIS2_PLACEMENT_3D('',#6194,#4471,#4472);
#3733=AXIS2_PLACEMENT_3D('',#6195,#4473,#4474);
#3734=AXIS2_PLACEMENT_3D('',#6198,#4476,#4477);
#3735=AXIS2_PLACEMENT_3D('',#6202,#4480,#4481);
#3736=AXIS2_PLACEMENT_3D('',#6211,#4486,#4487);
#3737=AXIS2_PLACEMENT_3D('',#6212,#4488,#4489);
#3738=AXIS2_PLACEMENT_3D('',#6215,#4491,#4492);
#3739=AXIS2_PLACEMENT_3D('',#6219,#4495,#4496);
#3740=AXIS2_PLACEMENT_3D('',#6228,#4501,#4502);
#3741=AXIS2_PLACEMENT_3D('',#6229,#4503,#4504);
#3742=AXIS2_PLACEMENT_3D('',#6232,#4506,#4507);
#3743=AXIS2_PLACEMENT_3D('',#6236,#4510,#4511);
#3744=AXIS2_PLACEMENT_3D('',#6245,#4516,#4517);
#3745=AXIS2_PLACEMENT_3D('',#6246,#4518,#4519);
#3746=AXIS2_PLACEMENT_3D('',#6249,#4521,#4522);
#3747=AXIS2_PLACEMENT_3D('',#6253,#4525,#4526);
#3748=AXIS2_PLACEMENT_3D('',#6262,#4531,#4532);
#3749=AXIS2_PLACEMENT_3D('',#6263,#4533,#4534);
#3750=AXIS2_PLACEMENT_3D('',#6266,#4536,#4537);
#3751=AXIS2_PLACEMENT_3D('',#6270,#4540,#4541);
#3752=AXIS2_PLACEMENT_3D('',#6279,#4546,#4547);
#3753=AXIS2_PLACEMENT_3D('',#6280,#4548,#4549);
#3754=AXIS2_PLACEMENT_3D('',#6283,#4551,#4552);
#3755=AXIS2_PLACEMENT_3D('',#6287,#4555,#4556);
#3756=AXIS2_PLACEMENT_3D('',#6296,#4561,#4562);
#3757=AXIS2_PLACEMENT_3D('',#6297,#4563,#4564);
#3758=AXIS2_PLACEMENT_3D('',#6300,#4566,#4567);
#3759=AXIS2_PLACEMENT_3D('',#6304,#4570,#4571);
#3760=AXIS2_PLACEMENT_3D('',#6313,#4576,#4577);
#3761=AXIS2_PLACEMENT_3D('',#6314,#4578,#4579);
#3762=AXIS2_PLACEMENT_3D('',#6317,#4581,#4582);
#3763=AXIS2_PLACEMENT_3D('',#6321,#4585,#4586);
#3764=AXIS2_PLACEMENT_3D('',#6330,#4591,#4592);
#3765=AXIS2_PLACEMENT_3D('',#6331,#4593,#4594);
#3766=AXIS2_PLACEMENT_3D('',#6334,#4596,#4597);
#3767=AXIS2_PLACEMENT_3D('',#6338,#4600,#4601);
#3768=AXIS2_PLACEMENT_3D('',#6347,#4606,#4607);
#3769=AXIS2_PLACEMENT_3D('',#6348,#4608,#4609);
#3770=AXIS2_PLACEMENT_3D('',#6351,#4611,#4612);
#3771=AXIS2_PLACEMENT_3D('',#6355,#4615,#4616);
#3772=AXIS2_PLACEMENT_3D('',#6364,#4621,#4622);
#3773=AXIS2_PLACEMENT_3D('',#6365,#4623,#4624);
#3774=AXIS2_PLACEMENT_3D('',#6368,#4626,#4627);
#3775=AXIS2_PLACEMENT_3D('',#6372,#4630,#4631);
#3776=AXIS2_PLACEMENT_3D('',#6381,#4636,#4637);
#3777=AXIS2_PLACEMENT_3D('',#6382,#4638,#4639);
#3778=AXIS2_PLACEMENT_3D('',#6385,#4641,#4642);
#3779=AXIS2_PLACEMENT_3D('',#6389,#4645,#4646);
#3780=AXIS2_PLACEMENT_3D('',#6398,#4651,#4652);
#3781=AXIS2_PLACEMENT_3D('',#6399,#4653,#4654);
#3782=AXIS2_PLACEMENT_3D('',#6402,#4656,#4657);
#3783=AXIS2_PLACEMENT_3D('',#6406,#4660,#4661);
#3784=AXIS2_PLACEMENT_3D('',#6415,#4666,#4667);
#3785=AXIS2_PLACEMENT_3D('',#6416,#4668,#4669);
#3786=AXIS2_PLACEMENT_3D('',#6419,#4671,#4672);
#3787=AXIS2_PLACEMENT_3D('',#6423,#4675,#4676);
#3788=AXIS2_PLACEMENT_3D('',#6432,#4681,#4682);
#3789=AXIS2_PLACEMENT_3D('',#6433,#4683,#4684);
#3790=AXIS2_PLACEMENT_3D('',#6436,#4686,#4687);
#3791=AXIS2_PLACEMENT_3D('',#6440,#4690,#4691);
#3792=AXIS2_PLACEMENT_3D('',#6441,#4692,#4693);
#3793=AXIS2_PLACEMENT_3D('',#6443,#4694,#4695);
#3794=AXIS2_PLACEMENT_3D('',#6444,#4696,#4697);
#3795=AXIS2_PLACEMENT_3D('',#6445,#4698,#4699);
#3796=AXIS2_PLACEMENT_3D('',#6446,#4700,#4701);
#3797=AXIS2_PLACEMENT_3D('',#6447,#4702,#4703);
#3798=AXIS2_PLACEMENT_3D('',#6448,#4704,#4705);
#3799=AXIS2_PLACEMENT_3D('',#6449,#4706,#4707);
#3800=AXIS2_PLACEMENT_3D('',#6450,#4708,#4709);
#3801=AXIS2_PLACEMENT_3D('',#6451,#4710,#4711);
#3802=AXIS2_PLACEMENT_3D('',#6452,#4712,#4713);
#3803=AXIS2_PLACEMENT_3D('',#6453,#4714,#4715);
#3804=AXIS2_PLACEMENT_3D('',#6454,#4716,#4717);
#3805=AXIS2_PLACEMENT_3D('',#6455,#4718,#4719);
#3806=AXIS2_PLACEMENT_3D('',#6456,#4720,#4721);
#3807=AXIS2_PLACEMENT_3D('',#6457,#4722,#4723);
#3808=AXIS2_PLACEMENT_3D('',#6458,#4724,#4725);
#3809=AXIS2_PLACEMENT_3D('',#6459,#4726,#4727);
#3810=AXIS2_PLACEMENT_3D('',#6460,#4728,#4729);
#3811=DIRECTION('',(0.,0.,1.));
#3812=DIRECTION('',(1.,0.,0.));
#3813=DIRECTION('',(0.,1.,0.));
#3814=DIRECTION('',(1.,0.,0.));
#3815=DIRECTION('',(0.,0.,-1.));
#3816=DIRECTION('',(-1.,0.,0.));
#3817=DIRECTION('',(0.,0.,-1.));
#3818=DIRECTION('',(0.,-1.,0.));
#3819=DIRECTION('',(0.,0.,-1.));
#3820=DIRECTION('',(-1.,0.,0.));
#3821=DIRECTION('',(0.,0.,1.));
#3822=DIRECTION('',(-1.,0.,0.));
#3823=DIRECTION('',(0.,-1.,0.));
#3824=DIRECTION('',(0.,0.,-1.));
#3825=DIRECTION('',(0.,1.,0.));
#3826=DIRECTION('',(1.,0.,0.));
#3827=DIRECTION('',(-1.,0.,0.));
#3828=DIRECTION('',(0.,0.,1.));
#3829=DIRECTION('',(1.,0.,0.));
#3830=DIRECTION('',(0.,1.,0.));
#3831=DIRECTION('',(0.,0.,-1.));
#3832=DIRECTION('',(0.,0.,-1.));
#3833=DIRECTION('',(1.,0.,0.));
#3834=DIRECTION('',(0.,0.,1.));
#3835=DIRECTION('',(0.,-1.,0.));
#3836=DIRECTION('',(-1.,0.,0.));
#3837=DIRECTION('',(0.,1.,0.));
#3838=DIRECTION('',(1.,0.,0.));
#3839=DIRECTION('',(-1.,0.,0.));
#3840=DIRECTION('',(0.,0.,-1.));
#3841=DIRECTION('',(0.,-1.,0.));
#3842=DIRECTION('',(1.,0.,0.));
#3843=DIRECTION('',(1.,0.,0.));
#3844=DIRECTION('',(0.,0.,-1.));
#3845=DIRECTION('',(-1.,0.,0.));
#3846=DIRECTION('',(0.,1.,0.));
#3847=DIRECTION('',(0.,0.,1.));
#3848=DIRECTION('',(0.,0.,1.));
#3849=DIRECTION('',(0.,-1.,0.));
#3850=DIRECTION('',(0.,0.,-1.));
#3851=DIRECTION('',(0.,-1.,0.));
#3852=DIRECTION('',(0.,-1.,0.));
#3853=DIRECTION('',(0.,0.,-1.));
#3854=DIRECTION('',(0.,-1.,0.));
#3855=DIRECTION('',(0.,-1.,0.));
#3856=DIRECTION('',(0.,0.,1.));
#3857=DIRECTION('',(0.,-1.,0.));
#3858=DIRECTION('',(0.,-1.,0.));
#3859=DIRECTION('',(0.,0.,1.));
#3860=DIRECTION('',(0.,-1.,0.));
#3861=DIRECTION('',(0.,0.,-1.));
#3862=DIRECTION('',(-1.,0.,0.));
#3863=DIRECTION('',(0.,-1.,0.));
#3864=DIRECTION('',(-1.,0.,0.));
#3865=DIRECTION('',(-6.31846460984599E-10,-0.999999999999199,1.266014490993E-6));
#3866=DIRECTION('',(-1.,8.90225393551699E-12,-4.499143315075E-8));
#3867=DIRECTION('',(4.23841029094907E-10,-0.999999999999516,9.83898893827816E-7));
#3868=DIRECTION('',(1.,0.,0.));
#3869=DIRECTION('',(0.,-1.,0.));
#3870=DIRECTION('',(0.,-1.,0.));
#3871=DIRECTION('',(0.987688340595142,0.156434465040206,0.));
#3872=DIRECTION('',(0.,-1.,0.));
#3873=DIRECTION('',(-1.,0.,0.));
#3874=DIRECTION('',(0.,-1.,0.));
#3875=DIRECTION('',(-1.,0.,0.));
#3876=DIRECTION('',(0.,-1.,0.));
#3877=DIRECTION('',(0.,-1.,0.));
#3878=DIRECTION('',(-1.,0.,0.));
#3879=DIRECTION('',(0.,-1.,0.));
#3880=DIRECTION('',(0.,-1.,0.));
#3881=DIRECTION('',(-1.,0.,0.));
#3882=DIRECTION('',(0.,-1.,0.));
#3883=DIRECTION('',(0.156434465040206,-0.987688340595142,0.));
#3884=DIRECTION('',(-0.987688340595142,-0.156434465040206,0.));
#3885=DIRECTION('',(-1.,0.,0.));
#3886=DIRECTION('',(0.,0.,1.));
#3887=DIRECTION('',(0.,-1.,0.));
#3888=DIRECTION('',(0.,0.,1.));
#3889=DIRECTION('',(1.266014489387E-6,-0.999999999999199,6.31847799748999E-10));
#3890=DIRECTION('',(-9.95555118620195E-8,1.96984981591299E-11,1.));
#3891=DIRECTION('',(9.83898892756716E-7,-0.999999999999516,-4.23843438870807E-10));
#3892=DIRECTION('',(0.,0.,-1.));
#3893=DIRECTION('',(0.,-1.,0.));
#3894=DIRECTION('',(0.,0.,1.));
#3895=DIRECTION('',(0.,-1.,0.));
#3896=DIRECTION('',(0.,0.,1.));
#3897=DIRECTION('',(0.,-1.,0.));
#3898=DIRECTION('',(0.,0.,1.));
#3899=DIRECTION('',(0.,-1.,0.));
#3900=DIRECTION('',(0.156434465040206,-0.987688340595142,0.));
#3901=DIRECTION('',(-0.987688340595142,-0.156434465040206,0.));
#3902=DIRECTION('',(0.,-1.,0.));
#3903=DIRECTION('',(0.,-1.,0.));
#3904=DIRECTION('',(-0.866025403784429,0.,0.500000000000017));
#3905=DIRECTION('',(0.,-1.,0.));
#3906=DIRECTION('',(0.,-1.,0.));
#3907=DIRECTION('',(-0.866025403784429,0.,0.500000000000017));
#3908=DIRECTION('',(0.,-1.,0.));
#3909=DIRECTION('',(0.,0.,1.));
#3910=DIRECTION('',(0.,0.,1.));
#3911=DIRECTION('',(1.,0.,0.));
#3912=DIRECTION('',(0.,-1.,0.));
#3913=DIRECTION('',(-1.,0.,0.));
#3914=DIRECTION('',(0.,1.,0.));
#3915=DIRECTION('',(-0.987688340595142,-0.156434465040206,0.));
#3916=DIRECTION('',(1.,0.,0.));
#3917=DIRECTION('',(0.,-1.,0.));
#3918=DIRECTION('',(1.,0.,0.));
#3919=DIRECTION('',(6.31845925478799E-10,-0.999999999999199,-1.266014490993E-6));
#3920=DIRECTION('',(1.,8.90221657224199E-12,4.49914331934499E-8));
#3921=DIRECTION('',(-4.23840493589107E-10,-0.999999999999516,-9.83898893827816E-7));
#3922=DIRECTION('',(-1.,0.,0.));
#3923=DIRECTION('',(0.,-1.,0.));
#3924=DIRECTION('',(0.,-1.,0.));
#3925=DIRECTION('',(1.,0.,0.));
#3926=DIRECTION('',(0.,-1.,0.));
#3927=DIRECTION('',(0.,-1.,0.));
#3928=DIRECTION('',(0.,0.,1.));
#3929=DIRECTION('',(0.,-1.,0.));
#3930=DIRECTION('',(0.,-1.,0.));
#3931=DIRECTION('',(0.,0.,1.));
#3932=DIRECTION('',(0.,-1.,0.));
#3933=DIRECTION('',(0.,-1.,0.));
#3934=DIRECTION('',(1.,0.,0.));
#3935=DIRECTION('',(0.,0.,1.));
#3936=DIRECTION('',(0.,-1.,0.));
#3937=DIRECTION('',(0.,1.,0.));
#3938=DIRECTION('',(-1.,0.,0.));
#3939=DIRECTION('',(0.,-1.,0.));
#3940=DIRECTION('',(1.,0.,0.));
#3941=DIRECTION('',(1.,0.,0.));
#3942=DIRECTION('',(0.,0.,-1.));
#3943=DIRECTION('',(1.,0.,0.));
#3944=DIRECTION('',(0.,1.,0.));
#3945=DIRECTION('',(1.,0.,0.));
#3946=DIRECTION('',(1.,0.,0.));
#3947=DIRECTION('',(0.,1.,0.));
#3948=DIRECTION('',(0.,1.,0.));
#3949=DIRECTION('',(0.,0.,1.));
#3950=DIRECTION('',(0.,0.,1.));
#3951=DIRECTION('',(1.,0.,-1.258252761242E-14));
#3952=DIRECTION('',(0.,0.,1.));
#3953=DIRECTION('',(1.,0.,0.));
#3954=DIRECTION('',(0.,0.,-1.));
#3955=DIRECTION('',(1.,0.,0.));
#3956=DIRECTION('',(0.,0.,-1.));
#3957=DIRECTION('',(1.,0.,0.));
#3958=DIRECTION('',(1.,0.,0.));
#3959=DIRECTION('',(0.,0.,-1.));
#3960=DIRECTION('',(1.,0.,0.));
#3961=DIRECTION('',(0.,0.,-1.));
#3962=DIRECTION('',(-1.,0.,0.));
#3963=DIRECTION('',(0.,-1.,5.440092820663E-14));
#3964=DIRECTION('',(0.,1.,0.));
#3965=DIRECTION('',(-1.,0.,0.));
#3966=DIRECTION('',(0.,0.,-1.));
#3967=DIRECTION('',(0.,0.,-1.));
#3968=DIRECTION('',(0.,-1.,0.));
#3969=DIRECTION('',(0.,0.,-1.));
#3970=DIRECTION('',(-1.266014489387E-6,-0.999999999999199,-6.31846193231699E-10));
#3971=DIRECTION('',(9.95555118620195E-8,1.96984863482499E-11,-1.));
#3972=DIRECTION('',(-9.83898892756716E-7,-0.999999999999516,4.23843706623707E-10));
#3973=DIRECTION('',(0.,0.,1.));
#3974=DIRECTION('',(0.,-1.,0.));
#3975=DIRECTION('',(0.,0.,-1.));
#3976=DIRECTION('',(0.,0.,-1.));
#3977=DIRECTION('',(0.,1.,0.));
#3978=DIRECTION('',(0.,1.,0.));
#3979=DIRECTION('',(1.,0.,0.));
#3980=DIRECTION('',(1.,0.,0.));
#3981=DIRECTION('',(0.,0.,-1.));
#3982=DIRECTION('',(0.,0.,-1.));
#3983=DIRECTION('',(0.,1.,0.));
#3984=DIRECTION('',(0.,0.,-1.));
#3985=DIRECTION('',(0.,-1.,0.));
#3986=DIRECTION('',(1.,0.,0.));
#3987=DIRECTION('',(0.,0.,1.));
#3988=DIRECTION('',(0.,0.,-1.));
#3989=DIRECTION('',(1.,0.,0.));
#3990=DIRECTION('',(0.,-1.,0.));
#3991=DIRECTION('',(0.,1.,0.));
#3992=DIRECTION('',(0.,0.,1.));
#3993=DIRECTION('',(1.,0.,0.));
#3994=DIRECTION('',(1.,0.,0.));
#3995=DIRECTION('',(0.,0.,1.));
#3996=DIRECTION('',(0.,0.,-1.));
#3997=DIRECTION('',(0.,1.,0.));
#3998=DIRECTION('',(-1.,0.,0.));
#3999=DIRECTION('',(0.,1.,0.));
#4000=DIRECTION('',(1.,0.,0.));
#4001=DIRECTION('',(0.,0.,1.));
#4002=DIRECTION('',(0.,-1.,0.));
#4003=DIRECTION('',(0.,0.,1.));
#4004=DIRECTION('',(0.,0.,1.));
#4005=DIRECTION('',(0.,-1.,0.));
#4006=DIRECTION('',(1.,0.,0.));
#4007=DIRECTION('',(0.,1.,0.));
#4008=DIRECTION('',(1.,0.,0.));
#4009=DIRECTION('',(1.,0.,0.));
#4010=DIRECTION('',(0.,0.,1.));
#4011=DIRECTION('',(0.,-1.,0.));
#4012=DIRECTION('',(0.,0.,1.));
#4013=DIRECTION('',(1.,0.,0.));
#4014=DIRECTION('',(0.,0.,-1.));
#4015=DIRECTION('',(0.577350269189626,-0.577350269189626,0.577350269189626));
#4016=DIRECTION('',(-0.707106781186548,-0.707106781186548,0.));
#4017=DIRECTION('',(0.577350267012399,-0.577363351247099,0.577337189012999));
#4018=DIRECTION('',(0.57733993312989,-0.57736060327109,0.57735027098289));
#4019=DIRECTION('',(0.,0.,1.));
#4020=DIRECTION('',(1.,0.,0.));
#4021=DIRECTION('',(0.,-1.,0.));
#4022=DIRECTION('',(1.,0.,0.));
#4023=DIRECTION('',(0.,-1.,0.));
#4024=DIRECTION('',(0.,1.,0.));
#4025=DIRECTION('',(-1.,0.,0.));
#4026=DIRECTION('',(0.,-1.,0.));
#4027=DIRECTION('',(0.,0.,-1.));
#4028=DIRECTION('',(0.,-1.,0.));
#4029=DIRECTION('',(-1.,0.,0.));
#4030=DIRECTION('',(0.,0.,1.));
#4031=DIRECTION('',(0.,0.,-1.));
#4032=DIRECTION('',(0.,-1.,0.));
#4033=DIRECTION('',(0.,0.,1.));
#4034=DIRECTION('',(1.,0.,0.));
#4035=DIRECTION('',(1.,0.,0.));
#4036=DIRECTION('',(0.,0.,-1.));
#4037=DIRECTION('',(1.,0.,0.));
#4038=DIRECTION('',(6.368617217514E-12,-6.368209742042E-12,-1.));
#4039=DIRECTION('',(5.37032127300878E-6,5.37032127320678E-6,-0.99999999997116));
#4040=DIRECTION('',(0.999999999020161,4.39412648861583E-5,5.37055724780779E-6));
#4041=DIRECTION('',(-1.,0.,0.));
#4042=DIRECTION('',(0.,0.,1.));
#4043=DIRECTION('',(0.,-1.,0.));
#4044=DIRECTION('',(0.,0.,-1.));
#4045=DIRECTION('',(0.,0.,1.));
#4046=DIRECTION('',(1.,0.,0.));
#4047=DIRECTION('',(-1.,0.,0.));
#4048=DIRECTION('',(0.,-1.,0.));
#4049=DIRECTION('',(0.,-1.,0.));
#4050=DIRECTION('',(1.,0.,0.));
#4051=DIRECTION('',(0.,-1.,0.));
#4052=DIRECTION('',(0.,1.,0.));
#4053=DIRECTION('',(0.,0.,-1.));
#4054=DIRECTION('',(-1.,0.,0.));
#4055=DIRECTION('',(0.,0.,1.));
#4056=DIRECTION('',(0.,-1.,0.));
#4057=DIRECTION('',(0.,0.,-1.));
#4058=DIRECTION('',(0.,-1.,0.));
#4059=DIRECTION('',(0.,0.,1.));
#4060=DIRECTION('',(-1.,0.,0.));
#4061=DIRECTION('',(0.,1.,0.));
#4062=DIRECTION('',(0.,0.,-1.));
#4063=DIRECTION('',(0.,0.,1.));
#4064=DIRECTION('',(1.,0.,0.));
#4065=DIRECTION('',(1.,0.,0.));
#4066=DIRECTION('',(0.,-1.,0.));
#4067=DIRECTION('',(1.,0.,0.));
#4068=DIRECTION('',(-1.,0.,0.));
#4069=DIRECTION('',(0.,-1.,0.));
#4070=DIRECTION('',(-1.,0.,1.258252761242E-14));
#4071=DIRECTION('',(0.,1.,0.));
#4072=DIRECTION('',(1.,0.,0.));
#4073=DIRECTION('',(0.,0.,1.));
#4074=DIRECTION('',(1.,0.,0.));
#4075=DIRECTION('',(0.,-1.,0.));
#4076=DIRECTION('',(-1.,0.,0.));
#4077=DIRECTION('',(0.,0.,1.));
#4078=DIRECTION('',(1.,0.,0.));
#4079=DIRECTION('',(0.,-1.,0.));
#4080=DIRECTION('',(-1.,0.,0.));
#4081=DIRECTION('',(0.,-1.,0.));
#4082=DIRECTION('',(-1.,0.,0.));
#4083=DIRECTION('',(0.,0.,1.));
#4084=DIRECTION('',(0.,0.,1.));
#4085=DIRECTION('',(-1.,0.,0.));
#4086=DIRECTION('',(0.,0.,1.));
#4087=DIRECTION('',(0.,-1.,0.));
#4088=DIRECTION('',(0.,0.,1.));
#4089=DIRECTION('',(0.,0.,1.));
#4090=DIRECTION('',(1.,0.,0.));
#4091=DIRECTION('',(1.,0.,0.));
#4092=DIRECTION('',(0.,-1.,0.));
#4093=DIRECTION('',(0.,-1.,0.));
#4094=DIRECTION('',(-1.,0.,0.));
#4095=DIRECTION('',(0.,-1.,0.));
#4096=DIRECTION('',(0.,1.,0.));
#4097=DIRECTION('',(-1.,0.,0.));
#4098=DIRECTION('',(-1.,0.,0.));
#4099=DIRECTION('',(0.,0.,1.));
#4100=DIRECTION('',(0.,-1.,0.));
#4101=DIRECTION('',(0.,0.,1.));
#4102=DIRECTION('',(0.,0.,1.));
#4103=DIRECTION('',(1.,0.,0.));
#4104=DIRECTION('',(1.,0.,0.));
#4105=DIRECTION('',(0.,-1.,0.));
#4106=DIRECTION('',(0.,0.,1.));
#4107=DIRECTION('',(0.,1.,0.));
#4108=DIRECTION('',(-1.,0.,0.));
#4109=DIRECTION('',(1.,0.,0.));
#4110=DIRECTION('',(0.,0.,1.));
#4111=DIRECTION('',(1.,-2.877994317222E-12,2.878039686913E-12));
#4112=DIRECTION('',(0.99999999997116,5.37032127227478E-6,5.37032127236278E-6));
#4113=DIRECTION('',(-5.37055724336679E-6,4.39412648856083E-5,0.999999999020161));
#4114=DIRECTION('',(0.,-1.,0.));
#4115=DIRECTION('',(0.,0.,1.));
#4116=DIRECTION('',(0.,0.,1.));
#4117=DIRECTION('',(0.,-1.,0.));
#4118=DIRECTION('',(0.,0.,-1.));
#4119=DIRECTION('',(0.,1.,0.));
#4120=DIRECTION('',(0.,0.,-1.));
#4121=DIRECTION('',(0.,1.,0.));
#4122=DIRECTION('',(1.,0.,0.));
#4123=DIRECTION('',(0.,-1.,0.));
#4124=DIRECTION('',(-1.,0.,0.));
#4125=DIRECTION('',(0.,0.,1.));
#4126=DIRECTION('',(0.,1.,0.));
#4127=DIRECTION('',(1.,0.,0.));
#4128=DIRECTION('',(-1.,0.,0.));
#4129=DIRECTION('',(0.,0.,1.));
#4130=DIRECTION('',(0.,0.,-1.));
#4131=DIRECTION('',(0.,-1.,0.));
#4132=DIRECTION('',(0.,0.,1.));
#4133=DIRECTION('',(0.,1.,0.));
#4134=DIRECTION('',(0.,0.,-1.));
#4135=DIRECTION('',(0.,0.,1.));
#4136=DIRECTION('',(-1.,0.,0.));
#4137=DIRECTION('',(-6.36823926925E-12,-6.368345567199E-12,1.));
#4138=DIRECTION('',(-5.37032127124978E-6,5.37032126568478E-6,0.99999999997116));
#4139=DIRECTION('',(-0.999999999020161,4.39412648861583E-5,-5.37055724336679E-6));
#4140=DIRECTION('',(-0.707106781186548,-0.707106781186548,0.));
#4141=DIRECTION('',(-0.707106781186548,0.707106781186548,0.));
#4142=DIRECTION('',(5.74567578362298E-8,5.74045351464298E-8,-1.));
#4143=DIRECTION('',(0.577337189012999,-0.577363351247099,-0.577350267012399));
#4144=DIRECTION('',(0.577350269189626,-0.577350269189626,-0.577350269189626));
#4145=DIRECTION('',(0.,-0.707106781186548,0.707106781186548));
#4146=DIRECTION('',(0.57735027098289,-0.57736060327109,-0.57733993312989));
#4147=DIRECTION('',(0.,-1.,0.));
#4148=DIRECTION('',(0.,0.,1.));
#4149=DIRECTION('',(0.,-0.707106781186548,0.707106781186548));
#4150=DIRECTION('',(0.,0.707106781186548,0.707106781186548));
#4151=DIRECTION('',(-1.,2.655068589621E-8,-2.657484018137E-8));
#4152=DIRECTION('',(-0.577350267012399,-0.577363351247099,-0.577337189012999));
#4153=DIRECTION('',(-0.577350269189626,-0.577350269189626,-0.577350269189626));
#4154=DIRECTION('',(0.707106781186548,-0.707106781186548,0.));
#4155=DIRECTION('',(-0.57733993312989,-0.57736060327109,-0.57735027098289));
#4156=DIRECTION('',(0.,-1.,0.));
#4157=DIRECTION('',(1.,0.,0.));
#4158=DIRECTION('',(0.707106781186548,-0.707106781186548,0.));
#4159=DIRECTION('',(0.707106781186548,0.707106781186548,0.));
#4160=DIRECTION('',(-5.74567580173098E-8,5.74045351492598E-8,1.));
#4161=DIRECTION('',(-0.577337189012999,-0.577363351247099,0.577350267012399));
#4162=DIRECTION('',(-0.577350269189626,-0.577350269189626,0.577350269189626));
#4163=DIRECTION('',(0.,-0.707106781186548,-0.707106781186548));
#4164=DIRECTION('',(-0.57735027098289,-0.57736060327109,0.57733993312989));
#4165=DIRECTION('',(0.,-1.,0.));
#4166=DIRECTION('',(0.,0.,-1.));
#4167=DIRECTION('',(-1.,0.,0.));
#4168=DIRECTION('',(0.,0.,-1.));
#4169=DIRECTION('',(-1.,-2.877956953947E-12,-2.878082387798E-12));
#4170=DIRECTION('',(-0.99999999997116,5.37032127073778E-6,-5.37032127084378E-6));
#4171=DIRECTION('',(5.37055724336679E-6,4.39412648867183E-5,-0.999999999020161));
#4172=DIRECTION('',(0.,-1.,0.));
#4173=DIRECTION('',(-1.,0.,0.));
#4174=DIRECTION('',(0.,-0.707106781186548,-0.707106781186548));
#4175=DIRECTION('',(0.,0.707106781186548,-0.707106781186548));
#4176=DIRECTION('',(1.,2.655068589195E-8,2.657484018137E-8));
#4177=DIRECTION('',(1.,0.,0.));
#4178=DIRECTION('',(0.,-1.,0.));
#4179=DIRECTION('',(1.,2.115141689077E-14,0.));
#4180=DIRECTION('',(0.,0.,-1.));
#4181=DIRECTION('',(0.,-1.,0.));
#4182=DIRECTION('',(0.,4.573091853544E-14,-1.));
#4183=DIRECTION('',(-1.,0.,0.));
#4184=DIRECTION('',(0.,-1.,0.));
#4185=DIRECTION('',(-1.,2.115141689077E-14,0.));
#4186=DIRECTION('',(0.,0.,1.));
#4187=DIRECTION('',(0.,-1.,0.));
#4188=DIRECTION('',(0.,4.573091853544E-14,1.));
#4189=DIRECTION('',(0.,1.,0.));
#4190=DIRECTION('',(1.,0.,0.));
#4191=DIRECTION('',(0.,-1.,0.));
#4192=DIRECTION('',(1.,0.,0.));
#4193=DIRECTION('',(0.,-1.,0.));
#4194=DIRECTION('',(0.156434465040206,-0.987688340595142,0.));
#4195=DIRECTION('',(-0.987688340595142,-0.156434465040206,0.));
#4196=DIRECTION('',(0.,-1.,1.754486939012E-14));
#4197=DIRECTION('',(0.156434465040206,-0.987688340595142,0.));
#4198=DIRECTION('',(-0.987688340595142,-0.156434465040206,0.));
#4199=DIRECTION('',(0.,0.,1.));
#4200=DIRECTION('',(1.,0.,0.));
#4201=DIRECTION('',(0.987688340595142,0.156434465040206,0.));
#4202=DIRECTION('',(0.,-1.,0.));
#4203=DIRECTION('',(0.987688340595142,0.156434465040206,0.));
#4204=DIRECTION('',(0.,-1.,0.));
#4205=DIRECTION('',(0.,0.,1.));
#4206=DIRECTION('',(0.,-1.,0.));
#4207=DIRECTION('',(0.156434465040206,-0.987688340595142,0.));
#4208=DIRECTION('',(-0.987688340595142,-0.156434465040206,0.));
#4209=DIRECTION('',(0.156434465040206,-0.987688340595142,0.));
#4210=DIRECTION('',(-0.987688340595142,-0.156434465040206,0.));
#4211=DIRECTION('',(-1.,0.,0.));
#4212=DIRECTION('',(0.,0.,1.));
#4213=DIRECTION('',(0.,0.,1.));
#4214=DIRECTION('',(0.,0.,1.));
#4215=DIRECTION('',(0.,-1.,0.));
#4216=DIRECTION('',(0.,-1.,0.));
#4217=DIRECTION('',(-1.,0.,0.));
#4218=DIRECTION('',(0.,-1.,0.));
#4219=DIRECTION('',(0.156434465040206,-0.987688340595142,0.));
#4220=DIRECTION('',(-0.987688340595142,-0.156434465040206,0.));
#4221=DIRECTION('',(0.156434465040206,-0.987688340595142,0.));
#4222=DIRECTION('',(-0.987688340595142,-0.156434465040206,0.));
#4223=DIRECTION('',(0.,0.,-1.));
#4224=DIRECTION('',(-1.,0.,0.));
#4225=DIRECTION('',(-0.987688340595142,-0.156434465040206,0.));
#4226=DIRECTION('',(0.,-1.,0.));
#4227=DIRECTION('',(-0.987688340595142,-0.156434465040206,0.));
#4228=DIRECTION('',(0.,-1.,0.));
#4229=DIRECTION('',(0.,0.,-1.));
#4230=DIRECTION('',(0.,-1.,-2.339315918683E-14));
#4231=DIRECTION('',(0.156434465040206,-0.987688340595142,0.));
#4232=DIRECTION('',(-0.987688340595142,-0.156434465040206,0.));
#4233=DIRECTION('',(0.156434465040206,-0.987688340595142,0.));
#4234=DIRECTION('',(-0.987688340595142,-0.156434465040206,0.));
#4235=DIRECTION('',(1.,0.,0.));
#4236=DIRECTION('',(0.,0.,-1.));
#4237=DIRECTION('',(0.,0.,-1.));
#4238=DIRECTION('',(0.,0.,-1.));
#4239=DIRECTION('',(0.,1.,0.));
#4240=DIRECTION('',(1.,0.,0.));
#4241=DIRECTION('',(0.,1.,0.));
#4242=DIRECTION('',(0.156434465040206,-0.987688340595142,0.));
#4243=DIRECTION('',(0.987688340595142,0.156434465040206,0.));
#4244=DIRECTION('',(0.,1.,1.169657959341E-14));
#4245=DIRECTION('',(0.156434465040206,-0.987688340595142,0.));
#4246=DIRECTION('',(0.987688340595142,0.156434465040206,0.));
#4247=DIRECTION('',(1.,0.,0.));
#4248=DIRECTION('',(0.,0.,-1.));
#4249=DIRECTION('',(0.,0.,-1.));
#4250=DIRECTION('',(0.,1.,1.462072449177E-14));
#4251=DIRECTION('',(0.,0.,-1.));
#4252=DIRECTION('',(0.,1.,0.));
#4253=DIRECTION('',(1.,0.,0.));
#4254=DIRECTION('',(0.156434465040206,-0.987688340595142,0.));
#4255=DIRECTION('',(0.987688340595142,0.156434465040206,0.));
#4256=DIRECTION('',(0.,1.,0.));
#4257=DIRECTION('',(0.156434465040206,-0.987688340595142,0.));
#4258=DIRECTION('',(0.987688340595142,0.156434465040206,0.));
#4259=DIRECTION('',(0.,0.,-1.));
#4260=DIRECTION('',(-1.,0.,0.));
#4261=DIRECTION('',(-0.987688340595142,-0.156434465040206,0.));
#4262=DIRECTION('',(0.,1.,0.));
#4263=DIRECTION('',(-0.987688340595142,-0.156434465040206,0.));
#4264=DIRECTION('',(1.,0.,0.));
#4265=DIRECTION('',(0.,1.,0.));
#4266=DIRECTION('',(0.,0.,1.));
#4267=DIRECTION('',(0.,-1.,0.));
#4268=DIRECTION('',(0.,0.,1.));
#4269=DIRECTION('',(0.,1.,0.));
#4270=DIRECTION('',(0.156434465040206,-0.987688340595142,0.));
#4271=DIRECTION('',(0.987688340595142,0.156434465040206,0.));
#4272=DIRECTION('',(0.156434465040206,-0.987688340595142,0.));
#4273=DIRECTION('',(0.987688340595142,0.156434465040206,0.));
#4274=DIRECTION('',(0.156434465040206,-0.987688340595142,0.));
#4275=DIRECTION('',(-0.987688340595142,-0.156434465040206,0.));
#4276=DIRECTION('',(-0.987688340595142,-0.156434465040206,0.));
#4277=DIRECTION('',(0.,0.,1.));
#4278=DIRECTION('',(1.,0.,0.));
#4279=DIRECTION('',(0.,-1.,0.));
#4280=DIRECTION('',(0.987688340595142,0.156434465040206,0.));
#4281=DIRECTION('',(0.156434465040206,-0.987688340595142,0.));
#4282=DIRECTION('',(0.987688340595142,0.156434465040206,0.));
#4283=DIRECTION('',(0.156434465040206,-0.987688340595142,0.));
#4284=DIRECTION('',(0.987688340595142,0.156434465040206,0.));
#4285=DIRECTION('',(0.,0.,1.));
#4286=DIRECTION('',(0.156434465040206,-0.987688340595142,0.));
#4287=DIRECTION('',(0.987688340595142,0.156434465040206,0.));
#4288=DIRECTION('',(0.156434465040206,-0.987688340595142,0.));
#4289=DIRECTION('',(-0.987688340595142,-0.156434465040206,0.));
#4290=DIRECTION('',(-1.,0.,0.));
#4291=DIRECTION('',(0.,0.,1.));
#4292=DIRECTION('',(0.,0.,1.));
#4293=DIRECTION('',(0.,-1.,0.));
#4294=DIRECTION('',(0.,0.,1.));
#4295=DIRECTION('',(0.,-1.,0.));
#4296=DIRECTION('',(0.,-1.,0.));
#4297=DIRECTION('',(0.,0.,1.));
#4298=DIRECTION('',(0.,-1.,0.));
#4299=DIRECTION('',(0.,1.,0.));
#4300=DIRECTION('',(-1.,0.,0.));
#4301=DIRECTION('',(0.,-1.,0.));
#4302=DIRECTION('',(0.,0.,1.));
#4303=DIRECTION('',(0.,0.,1.));
#4304=DIRECTION('',(1.,0.,0.));
#4305=DIRECTION('',(1.,0.,0.));
#4306=DIRECTION('',(1.,0.,0.));
#4307=DIRECTION('',(0.,0.,1.));
#4308=DIRECTION('',(1.,0.,0.));
#4309=DIRECTION('',(-1.,0.,0.));
#4310=DIRECTION('',(-1.,0.,0.));
#4311=DIRECTION('',(0.,1.,0.));
#4312=DIRECTION('',(0.,1.,0.));
#4313=DIRECTION('',(0.,0.,1.));
#4314=DIRECTION('',(0.,-1.,0.));
#4315=DIRECTION('',(0.,0.,1.));
#4316=DIRECTION('',(0.,1.,0.));
#4317=DIRECTION('',(0.,1.,0.));
#4318=DIRECTION('',(0.,0.,1.));
#4319=DIRECTION('',(-1.,0.,0.));
#4320=DIRECTION('',(0.,0.,1.));
#4321=DIRECTION('',(0.,0.,1.));
#4322=DIRECTION('',(0.,0.,1.));
#4323=DIRECTION('',(0.,1.,0.));
#4324=DIRECTION('',(1.,0.,0.));
#4325=DIRECTION('',(0.,0.,-1.));
#4326=DIRECTION('',(0.,0.,-1.));
#4327=DIRECTION('',(0.,0.,-1.));
#4328=DIRECTION('',(0.,0.,-1.));
#4329=DIRECTION('',(-1.,0.,0.));
#4330=DIRECTION('',(1.,0.,0.));
#4331=DIRECTION('',(1.,0.,0.));
#4332=DIRECTION('',(0.,1.,0.));
#4333=DIRECTION('',(0.,1.,0.));
#4334=DIRECTION('',(1.,0.,0.));
#4335=DIRECTION('',(0.,-1.,0.));
#4336=DIRECTION('',(0.,0.,1.));
#4337=DIRECTION('',(0.,1.,0.));
#4338=DIRECTION('',(0.,0.,1.));
#4339=DIRECTION('',(0.,1.,0.));
#4340=DIRECTION('',(1.,0.,0.));
#4341=DIRECTION('',(0.,1.,0.));
#4342=DIRECTION('',(0.,0.,1.));
#4343=DIRECTION('',(0.,-1.,0.));
#4344=DIRECTION('',(-1.,0.,0.));
#4345=DIRECTION('',(0.,1.,0.));
#4346=DIRECTION('',(0.,0.,1.));
#4347=DIRECTION('',(0.,1.,0.));
#4348=DIRECTION('',(1.,0.,0.));
#4349=DIRECTION('',(0.,1.,0.));
#4350=DIRECTION('',(-1.,0.,0.));
#4351=DIRECTION('',(0.,1.,0.));
#4352=DIRECTION('',(-1.,0.,0.));
#4353=DIRECTION('',(0.,0.70710346319022,-0.707110099167306));
#4354=DIRECTION('',(0.,-0.707110099167306,-0.70710346319022));
#4355=DIRECTION('',(-1.,0.,0.));
#4356=DIRECTION('',(0.,-0.707110099167306,-0.70710346319022));
#4357=DIRECTION('',(-1.,0.,0.));
#4358=DIRECTION('',(0.,1.,0.));
#4359=DIRECTION('',(1.,0.,0.));
#4360=DIRECTION('',(0.,1.,0.));
#4361=DIRECTION('',(0.,0.,1.));
#4362=DIRECTION('',(0.,1.,0.));
#4363=DIRECTION('',(0.,0.,-1.));
#4364=DIRECTION('',(1.,0.,0.));
#4365=DIRECTION('',(0.,1.,0.));
#4366=DIRECTION('',(-0.866025129873527,0.,0.500000474427316));
#4367=DIRECTION('',(0.,-1.,0.));
#4368=DIRECTION('',(0.,0.,-1.));
#4369=DIRECTION('',(0.,1.,0.));
#4370=DIRECTION('',(0.,0.,-1.));
#4371=DIRECTION('',(0.,-0.707110099167306,0.70710346319022));
#4372=DIRECTION('',(0.,0.70710346319022,0.707110099167306));
#4373=DIRECTION('',(0.,-0.707110099167306,0.70710346319022));
#4374=DIRECTION('',(1.,0.,0.));
#4375=DIRECTION('',(0.,-1.,0.));
#4376=DIRECTION('',(0.,0.,-1.));
#4377=DIRECTION('',(0.,1.,0.));
#4378=DIRECTION('',(-0.829286598815971,0.,0.55882352941178));
#4379=DIRECTION('',(1.,0.,0.));
#4380=DIRECTION('',(0.,0.,-1.));
#4381=DIRECTION('',(0.,0.,-1.));
#4382=DIRECTION('',(0.,1.,0.));
#4383=DIRECTION('',(0.,0.,-1.));
#4384=DIRECTION('',(0.,1.,0.));
#4385=DIRECTION('',(0.,1.,0.));
#4386=DIRECTION('',(1.,0.,0.));
#4387=DIRECTION('',(0.,-1.,0.));
#4388=DIRECTION('',(0.,-1.,0.));
#4389=DIRECTION('',(0.,0.,-1.));
#4390=DIRECTION('',(0.,-1.,0.));
#4391=DIRECTION('',(0.,1.,0.));
#4392=DIRECTION('',(1.,0.,0.));
#4393=DIRECTION('',(-1.,0.,0.));
#4394=DIRECTION('',(0.,0.,1.));
#4395=DIRECTION('',(0.,-1.,0.));
#4396=DIRECTION('',(0.,0.,1.));
#4397=DIRECTION('',(0.,0.,1.));
#4398=DIRECTION('',(0.,1.,0.));
#4399=DIRECTION('',(1.,0.,0.));
#4400=DIRECTION('',(0.,-1.,0.));
#4401=DIRECTION('',(0.,-1.,0.));
#4402=DIRECTION('',(1.,0.,0.));
#4403=DIRECTION('',(0.,1.,0.));
#4404=DIRECTION('',(0.,0.,1.));
#4405=DIRECTION('',(0.,0.,-1.));
#4406=DIRECTION('',(-1.,0.,0.));
#4407=DIRECTION('',(-1.,0.,0.));
#4408=DIRECTION('',(1.,0.,0.));
#4409=DIRECTION('',(0.,1.,0.));
#4410=DIRECTION('',(0.,1.,0.));
#4411=DIRECTION('',(-1.,0.,0.));
#4412=DIRECTION('',(0.,-1.,0.));
#4413=DIRECTION('',(0.,0.,1.));
#4414=DIRECTION('',(0.,1.,0.));
#4415=DIRECTION('',(-1.,0.,0.));
#4416=DIRECTION('',(0.,1.,0.));
#4417=DIRECTION('',(1.,0.,0.));
#4418=DIRECTION('',(1.,0.,0.));
#4419=DIRECTION('',(0.,1.,0.));
#4420=DIRECTION('',(0.,0.,-1.));
#4421=DIRECTION('',(0.,1.,0.));
#4422=DIRECTION('',(0.,0.,-1.));
#4423=DIRECTION('',(0.,1.,0.));
#4424=DIRECTION('',(0.,-1.,0.));
#4425=DIRECTION('',(-1.,0.,0.));
#4426=DIRECTION('',(0.,0.,1.));
#4427=DIRECTION('',(1.,0.,0.));
#4428=DIRECTION('',(1.,0.,0.));
#4429=DIRECTION('',(0.,1.,0.));
#4430=DIRECTION('',(1.,0.,0.));
#4431=DIRECTION('',(0.,1.,0.));
#4432=DIRECTION('',(0.,0.,-1.));
#4433=DIRECTION('',(0.,-1.,0.));
#4434=DIRECTION('',(-1.,0.,0.));
#4435=DIRECTION('',(0.,0.,-1.));
#4436=DIRECTION('',(-1.,0.,0.));
#4437=DIRECTION('',(-1.,0.,0.));
#4438=DIRECTION('',(-1.,0.,0.));
#4439=DIRECTION('',(0.,-1.,0.));
#4440=DIRECTION('',(0.,-1.,0.));
#4441=DIRECTION('',(-1.,0.,0.));
#4442=DIRECTION('',(0.,1.,0.));
#4443=DIRECTION('',(0.,0.,-1.));
#4444=DIRECTION('',(0.,-1.,0.));
#4445=DIRECTION('',(-1.,0.,0.));
#4446=DIRECTION('',(0.,1.,0.));
#4447=DIRECTION('',(1.,0.,0.));
#4448=DIRECTION('',(0.,-1.,0.));
#4449=DIRECTION('',(1.,0.,0.));
#4450=DIRECTION('',(0.,1.,0.));
#4451=DIRECTION('',(1.,0.,0.));
#4452=DIRECTION('',(0.,-1.,0.));
#4453=DIRECTION('',(-1.,0.,0.));
#4454=DIRECTION('',(0.,1.,0.));
#4455=DIRECTION('',(1.,0.,0.));
#4456=DIRECTION('',(0.,0.,1.));
#4457=DIRECTION('',(-1.,0.,0.));
#4458=DIRECTION('',(0.,0.,1.));
#4459=DIRECTION('',(0.,-1.,0.));
#4460=DIRECTION('',(0.,0.,1.));
#4461=DIRECTION('',(0.,-1.,0.));
#4462=DIRECTION('',(0.,0.,-1.));
#4463=DIRECTION('',(0.,-1.,0.));
#4464=DIRECTION('',(0.,0.,-1.));
#4465=DIRECTION('',(-0.544639035015019,0.,-0.838670567945429));
#4466=DIRECTION('',(-0.838670567945429,0.,0.544639035015019));
#4467=DIRECTION('',(0.,1.,0.));
#4468=DIRECTION('',(-0.838670567945429,0.,0.544639035015019));
#4469=DIRECTION('',(0.,-1.,0.));
#4470=DIRECTION('',(0.838670567945429,0.,-0.544639035015019));
#4471=DIRECTION('',(0.,1.,0.));
#4472=DIRECTION('',(-0.309016994374891,0.,0.951056516295172));
#4473=DIRECTION('',(0.,1.,0.));
#4474=DIRECTION('',(0.,0.,-1.));
#4475=DIRECTION('',(-0.838670567945429,0.,-0.544639035015019));
#4476=DIRECTION('',(0.544639035015019,0.,-0.838670567945429));
#4477=DIRECTION('',(-0.838670567945429,0.,-0.544639035015019));
#4478=DIRECTION('',(0.,1.,0.));
#4479=DIRECTION('',(-0.838670567945429,0.,-0.544639035015019));
#4480=DIRECTION('',(-0.838670567945429,0.,-0.544639035015019));
#4481=DIRECTION('',(-0.544639035015019,0.,0.838670567945429));
#4482=DIRECTION('',(0.,-1.,0.));
#4483=DIRECTION('',(0.544639035015019,0.,-0.838670567945429));
#4484=DIRECTION('',(0.,1.,0.));
#4485=DIRECTION('',(-0.544639035015019,0.,0.838670567945429));
#4486=DIRECTION('',(0.,1.,0.));
#4487=DIRECTION('',(-0.309016994374891,0.,0.951056516295172));
#4488=DIRECTION('',(0.,1.,0.));
#4489=DIRECTION('',(0.,0.,-1.));
#4490=DIRECTION('',(-0.987688340595142,0.,-0.156434465040206));
#4491=DIRECTION('',(0.156434465040206,0.,-0.987688340595142));
#4492=DIRECTION('',(-0.987688340595142,0.,-0.156434465040206));
#4493=DIRECTION('',(0.,1.,0.));
#4494=DIRECTION('',(-0.987688340595142,0.,-0.156434465040206));
#4495=DIRECTION('',(-0.987688340595142,0.,-0.156434465040206));
#4496=DIRECTION('',(-0.156434465040206,0.,0.987688340595142));
#4497=DIRECTION('',(0.,-1.,0.));
#4498=DIRECTION('',(0.156434465040206,0.,-0.987688340595142));
#4499=DIRECTION('',(0.,1.,0.));
#4500=DIRECTION('',(-0.156434465040206,0.,0.987688340595142));
#4501=DIRECTION('',(0.,1.,0.));
#4502=DIRECTION('',(-0.309016994374891,0.,0.951056516295172));
#4503=DIRECTION('',(0.,1.,0.));
#4504=DIRECTION('',(0.,0.,-1.));
#4505=DIRECTION('',(-0.965925826289076,0.,0.258819045102494));
#4506=DIRECTION('',(-0.258819045102494,0.,-0.965925826289076));
#4507=DIRECTION('',(-0.965925826289076,0.,0.258819045102494));
#4508=DIRECTION('',(0.,1.,0.));
#4509=DIRECTION('',(-0.965925826289076,0.,0.258819045102494));
#4510=DIRECTION('',(-0.965925826289076,0.,0.258819045102494));
#4511=DIRECTION('',(0.258819045102494,0.,0.965925826289076));
#4512=DIRECTION('',(0.,-1.,0.));
#4513=DIRECTION('',(-0.258819045102494,0.,-0.965925826289076));
#4514=DIRECTION('',(0.,1.,0.));
#4515=DIRECTION('',(0.258819045102494,0.,0.965925826289076));
#4516=DIRECTION('',(0.,1.,0.));
#4517=DIRECTION('',(-0.309016994374891,0.,0.951056516295172));
#4518=DIRECTION('',(0.,1.,0.));
#4519=DIRECTION('',(0.8665422289315,0.,0.4991037622363));
#4520=DIRECTION('',(-0.777145961457001,0.,0.629320391049801));
#4521=DIRECTION('',(-0.629320391049801,0.,-0.777145961457001));
#4522=DIRECTION('',(-0.777145961457001,0.,0.629320391049801));
#4523=DIRECTION('',(0.,1.,0.));
#4524=DIRECTION('',(-0.777145961457001,0.,0.629320391049801));
#4525=DIRECTION('',(-0.777145961457001,0.,0.629320391049801));
#4526=DIRECTION('',(0.629320391049801,0.,0.777145961457001));
#4527=DIRECTION('',(0.,-1.,0.));
#4528=DIRECTION('',(-0.629320391049801,0.,-0.777145961457001));
#4529=DIRECTION('',(0.,1.,0.));
#4530=DIRECTION('',(0.629320391049801,0.,0.777145961457001));
#4531=DIRECTION('',(0.,1.,0.));
#4532=DIRECTION('',(-0.309016994374891,0.,0.951056516295172));
#4533=DIRECTION('',(0.,1.,0.));
#4534=DIRECTION('',(0.,0.,-1.));
#4535=DIRECTION('',(-0.453990499739497,0.,0.891006524188393));
#4536=DIRECTION('',(-0.891006524188393,0.,-0.453990499739497));
#4537=DIRECTION('',(-0.453990499739497,0.,0.891006524188393));
#4538=DIRECTION('',(0.,1.,0.));
#4539=DIRECTION('',(-0.453990499739497,0.,0.891006524188393));
#4540=DIRECTION('',(-0.453990499739497,0.,0.891006524188393));
#4541=DIRECTION('',(0.891006524188393,0.,0.453990499739497));
#4542=DIRECTION('',(0.,-1.,0.));
#4543=DIRECTION('',(-0.891006524188393,0.,-0.453990499739497));
#4544=DIRECTION('',(0.,1.,0.));
#4545=DIRECTION('',(0.891006524188393,0.,0.453990499739497));
#4546=DIRECTION('',(0.,1.,0.));
#4547=DIRECTION('',(-0.309016994374891,0.,0.951056516295172));
#4548=DIRECTION('',(0.,1.,0.));
#4549=DIRECTION('',(0.,0.,-1.));
#4550=DIRECTION('',(-0.0523359562429387,0.,0.998629534754574));
#4551=DIRECTION('',(-0.998629534754574,0.,-0.0523359562429386));
#4552=DIRECTION('',(-0.0523359562429386,0.,0.998629534754574));
#4553=DIRECTION('',(0.,1.,0.));
#4554=DIRECTION('',(-0.0523359562429386,0.,0.998629534754574));
#4555=DIRECTION('',(-0.0523359562429386,0.,0.998629534754574));
#4556=DIRECTION('',(0.998629534754574,0.,0.0523359562429386));
#4557=DIRECTION('',(0.,-1.,0.));
#4558=DIRECTION('',(-0.998629534754574,0.,-0.0523359562429386));
#4559=DIRECTION('',(0.,1.,0.));
#4560=DIRECTION('',(0.998629534754574,0.,0.0523359562429387));
#4561=DIRECTION('',(0.,1.,0.));
#4562=DIRECTION('',(-0.309016994374891,0.,0.951056516295172));
#4563=DIRECTION('',(0.,1.,0.));
#4564=DIRECTION('',(0.,0.,-1.));
#4565=DIRECTION('',(0.358367949545301,0.,0.933580426497202));
#4566=DIRECTION('',(-0.933580426497202,0.,0.358367949545301));
#4567=DIRECTION('',(0.358367949545301,0.,0.933580426497202));
#4568=DIRECTION('',(0.,1.,0.));
#4569=DIRECTION('',(0.358367949545301,0.,0.933580426497202));
#4570=DIRECTION('',(0.358367949545301,0.,0.933580426497202));
#4571=DIRECTION('',(0.933580426497202,0.,-0.358367949545301));
#4572=DIRECTION('',(0.,-1.,0.));
#4573=DIRECTION('',(-0.933580426497202,0.,0.358367949545301));
#4574=DIRECTION('',(0.,1.,0.));
#4575=DIRECTION('',(0.933580426497202,0.,-0.358367949545301));
#4576=DIRECTION('',(0.,1.,0.));
#4577=DIRECTION('',(-0.309016994374891,0.,0.951056516295172));
#4578=DIRECTION('',(0.,1.,0.));
#4579=DIRECTION('',(0.,0.,-1.));
#4580=DIRECTION('',(0.707106781186548,0.,0.707106781186548));
#4581=DIRECTION('',(-0.707106781186548,0.,0.707106781186548));
#4582=DIRECTION('',(0.707106781186548,0.,0.707106781186548));
#4583=DIRECTION('',(0.,1.,0.));
#4584=DIRECTION('',(0.707106781186548,0.,0.707106781186548));
#4585=DIRECTION('',(0.707106781186548,0.,0.707106781186548));
#4586=DIRECTION('',(0.707106781186548,0.,-0.707106781186548));
#4587=DIRECTION('',(0.,-1.,0.));
#4588=DIRECTION('',(-0.707106781186548,0.,0.707106781186548));
#4589=DIRECTION('',(0.,1.,0.));
#4590=DIRECTION('',(0.707106781186548,0.,-0.707106781186548));
#4591=DIRECTION('',(0.,1.,0.));
#4592=DIRECTION('',(-0.309016994374891,0.,0.951056516295172));
#4593=DIRECTION('',(0.,1.,0.));
#4594=DIRECTION('',(0.,0.,-1.));
#4595=DIRECTION('',(0.933580426497202,0.,0.358367949545301));
#4596=DIRECTION('',(-0.358367949545301,0.,0.933580426497202));
#4597=DIRECTION('',(0.933580426497202,0.,0.358367949545301));
#4598=DIRECTION('',(0.,1.,0.));
#4599=DIRECTION('',(0.933580426497202,0.,0.358367949545301));
#4600=DIRECTION('',(0.933580426497202,0.,0.358367949545301));
#4601=DIRECTION('',(0.358367949545301,0.,-0.933580426497202));
#4602=DIRECTION('',(0.,-1.,0.));
#4603=DIRECTION('',(-0.358367949545301,0.,0.933580426497202));
#4604=DIRECTION('',(0.,1.,0.));
#4605=DIRECTION('',(0.358367949545301,0.,-0.933580426497202));
#4606=DIRECTION('',(0.,1.,0.));
#4607=DIRECTION('',(-0.309016994374891,0.,0.951056516295172));
#4608=DIRECTION('',(0.,1.,0.));
#4609=DIRECTION('',(0.,0.,-1.));
#4610=DIRECTION('',(0.998629534754574,0.,-0.0523359562429387));
#4611=DIRECTION('',(0.0523359562429386,0.,0.998629534754574));
#4612=DIRECTION('',(0.998629534754574,0.,-0.0523359562429386));
#4613=DIRECTION('',(0.,1.,0.));
#4614=DIRECTION('',(0.998629534754574,0.,-0.0523359562429386));
#4615=DIRECTION('',(0.998629534754574,0.,-0.0523359562429386));
#4616=DIRECTION('',(-0.0523359562429386,0.,-0.998629534754574));
#4617=DIRECTION('',(0.,-1.,0.));
#4618=DIRECTION('',(0.0523359562429386,0.,0.998629534754574));
#4619=DIRECTION('',(0.,1.,0.));
#4620=DIRECTION('',(-0.0523359562429387,0.,-0.998629534754574));
#4621=DIRECTION('',(0.,1.,0.));
#4622=DIRECTION('',(-0.309016994374891,0.,0.951056516295172));
#4623=DIRECTION('',(0.,1.,0.));
#4624=DIRECTION('',(0.,0.,-1.));
#4625=DIRECTION('',(0.891006524188393,0.,-0.453990499739497));
#4626=DIRECTION('',(0.453990499739497,0.,0.891006524188393));
#4627=DIRECTION('',(0.891006524188393,0.,-0.453990499739497));
#4628=DIRECTION('',(0.,1.,0.));
#4629=DIRECTION('',(0.891006524188393,0.,-0.453990499739497));
#4630=DIRECTION('',(0.891006524188393,0.,-0.453990499739497));
#4631=DIRECTION('',(-0.453990499739497,0.,-0.891006524188393));
#4632=DIRECTION('',(0.,-1.,0.));
#4633=DIRECTION('',(0.453990499739497,0.,0.891006524188393));
#4634=DIRECTION('',(0.,1.,0.));
#4635=DIRECTION('',(-0.453990499739497,0.,-0.891006524188393));
#4636=DIRECTION('',(0.,1.,0.));
#4637=DIRECTION('',(-0.309016994374891,0.,0.951056516295172));
#4638=DIRECTION('',(0.,1.,0.));
#4639=DIRECTION('',(0.,0.,-1.));
#4640=DIRECTION('',(0.629320391049801,0.,-0.777145961457001));
#4641=DIRECTION('',(0.777145961457001,0.,0.629320391049801));
#4642=DIRECTION('',(0.629320391049801,0.,-0.777145961457001));
#4643=DIRECTION('',(0.,1.,0.));
#4644=DIRECTION('',(0.629320391049801,0.,-0.777145961457001));
#4645=DIRECTION('',(0.629320391049801,0.,-0.777145961457001));
#4646=DIRECTION('',(-0.777145961457001,0.,-0.629320391049801));
#4647=DIRECTION('',(0.,-1.,0.));
#4648=DIRECTION('',(0.777145961457001,0.,0.629320391049801));
#4649=DIRECTION('',(0.,1.,0.));
#4650=DIRECTION('',(-0.777145961457001,0.,-0.629320391049801));
#4651=DIRECTION('',(0.,1.,0.));
#4652=DIRECTION('',(-0.309016994374891,0.,0.951056516295172));
#4653=DIRECTION('',(0.,1.,0.));
#4654=DIRECTION('',(0.,0.,-1.));
#4655=DIRECTION('',(0.258819045102494,0.,-0.965925826289076));
#4656=DIRECTION('',(0.965925826289076,0.,0.258819045102494));
#4657=DIRECTION('',(0.258819045102494,0.,-0.965925826289076));
#4658=DIRECTION('',(0.,1.,0.));
#4659=DIRECTION('',(0.258819045102494,0.,-0.965925826289076));
#4660=DIRECTION('',(0.258819045102494,0.,-0.965925826289076));
#4661=DIRECTION('',(-0.965925826289076,0.,-0.258819045102494));
#4662=DIRECTION('',(0.,-1.,0.));
#4663=DIRECTION('',(0.965925826289076,0.,0.258819045102494));
#4664=DIRECTION('',(0.,1.,0.));
#4665=DIRECTION('',(-0.965925826289076,0.,-0.258819045102494));
#4666=DIRECTION('',(0.,1.,0.));
#4667=DIRECTION('',(-0.309016994374891,0.,0.951056516295172));
#4668=DIRECTION('',(0.,1.,0.));
#4669=DIRECTION('',(0.,0.,-1.));
#4670=DIRECTION('',(-0.156434465040206,0.,-0.987688340595142));
#4671=DIRECTION('',(0.987688340595142,0.,-0.156434465040206));
#4672=DIRECTION('',(-0.156434465040206,0.,-0.987688340595142));
#4673=DIRECTION('',(0.,1.,0.));
#4674=DIRECTION('',(-0.156434465040206,0.,-0.987688340595142));
#4675=DIRECTION('',(0.838670567945429,0.,-0.544639035015019));
#4676=DIRECTION('',(-0.544639035015019,0.,-0.838670567945429));
#4677=DIRECTION('',(0.,1.,0.));
#4678=DIRECTION('',(-0.544639035015019,0.,-0.838670567945429));
#4679=DIRECTION('',(0.,-1.,0.));
#4680=DIRECTION('',(-0.544639035015019,0.,-0.838670567945429));
#4681=DIRECTION('',(0.,1.,0.));
#4682=DIRECTION('',(-0.309016994374891,0.,0.951056516295172));
#4683=DIRECTION('',(0.,1.,0.));
#4684=DIRECTION('',(0.,0.,-1.));
#4685=DIRECTION('',(-0.987688340595142,0.,0.156434465040206));
#4686=DIRECTION('',(-0.156434465040206,0.,-0.987688340595142));
#4687=DIRECTION('',(-0.987688340595142,0.,0.156434465040206));
#4688=DIRECTION('',(0.987688340595142,0.,-0.156434465040206));
#4689=DIRECTION('',(0.,1.,0.));
#4690=DIRECTION('',(0.,1.,0.));
#4691=DIRECTION('',(1.,0.,0.));
#4692=DIRECTION('',(0.,-1.,0.));
#4693=DIRECTION('',(0.,0.,1.));
#4694=DIRECTION('',(0.,1.,0.));
#4695=DIRECTION('',(0.,0.,1.));
#4696=DIRECTION('',(0.,1.,0.));
#4697=DIRECTION('',(-0.20892354879829,0.,0.977931976549253));
#4698=DIRECTION('',(0.,1.,0.));
#4699=DIRECTION('',(0.206899610298903,0.,0.978362177957714));
#4700=DIRECTION('',(0.,1.,0.));
#4701=DIRECTION('',(0.586947947151424,0.,0.809624670655934));
#4702=DIRECTION('',(0.,1.,0.));
#4703=DIRECTION('',(0.865507651686789,0.,0.500895702588494));
#4704=DIRECTION('',(0.,1.,0.));
#4705=DIRECTION('',(0.99441322035532,0.,0.105557317048902));
#4706=DIRECTION('',(0.,1.,0.));
#4707=DIRECTION('',(0.951375709263926,0.,-0.308032887566508));
#4708=DIRECTION('',(0.,1.,0.));
#4709=DIRECTION('',(0.743836695063804,0.,-0.668361407530804));
#4710=DIRECTION('',(0.,1.,0.));
#4711=DIRECTION('',(0.407681558742916,0.,-0.913124168260235));
#4712=DIRECTION('',(0.,1.,0.));
#4713=DIRECTION('',(0.00103457724470102,0.,-0.999999464824819));
#4714=DIRECTION('',(0.,1.,0.));
#4715=DIRECTION('',(-0.405791292057979,0.,-0.913965769211252));
#4716=DIRECTION('',(0.,1.,0.));
#4717=DIRECTION('',(-0.742452160465686,0.,-0.669899088982688));
#4718=DIRECTION('',(0.,1.,0.));
#4719=DIRECTION('',(-0.950736305362705,0.,-0.310000770426902));
#4720=DIRECTION('',(0.,1.,0.));
#4721=DIRECTION('',(-0.99462950589436,0.,0.103499497604296));
#4722=DIRECTION('',(0.,1.,0.));
#4723=DIRECTION('',(-0.8665422289315,0.,0.4991037622363));
#4724=DIRECTION('',(0.,1.,0.));
#4725=DIRECTION('',(-0.588621928297402,0.,0.808408452162302));
#4726=DIRECTION('',(0.,1.,0.));
#4727=DIRECTION('',(0.,0.,1.));
#4728=DIRECTION('',(0.,-1.,0.));
#4729=DIRECTION('',(-1.,0.,0.));
#4730=CARTESIAN_POINT('',(0.,0.,0.));
#4731=CARTESIAN_POINT('',(0.,-0.0112,0.));
#4732=CARTESIAN_POINT('',(0.0114,-0.0112,-0.0019));
#4733=CARTESIAN_POINT('',(0.0114,-0.0112,-0.0039));
#4734=CARTESIAN_POINT('',(0.0114,-0.0112,-0.0047));
#4735=CARTESIAN_POINT('',(0.,-0.0112,-0.0039));
#4736=CARTESIAN_POINT('',(0.01075,-0.0112,-0.0039));
#4737=CARTESIAN_POINT('',(0.01075,-0.0112,0.));
#4738=CARTESIAN_POINT('',(0.01075,-0.0112,-0.00465));
#4739=CARTESIAN_POINT('',(0.01025,-0.0112,-0.00465));
#4740=CARTESIAN_POINT('',(0.01025,-0.0112,-0.00515));
#4741=CARTESIAN_POINT('',(0.,-0.0112,-0.00515));
#4742=CARTESIAN_POINT('',(0.0096,-0.0112,-0.00515));
#4743=CARTESIAN_POINT('',(0.0096,-0.0112,0.00515));
#4744=CARTESIAN_POINT('',(0.0096,-0.0112,-0.0057));
#4745=CARTESIAN_POINT('',(0.0104,-0.0112,-0.0057));
#4746=CARTESIAN_POINT('',(0.0104,-0.0112,-0.0057));
#4747=CARTESIAN_POINT('',(0.0104,-0.0112,-0.0047));
#4748=CARTESIAN_POINT('',(0.,-0.0112,0.));
#4749=CARTESIAN_POINT('',(0.0104,-0.0112,-0.0057));
#4750=CARTESIAN_POINT('',(-0.0096,-0.0112,-0.0057));
#4751=CARTESIAN_POINT('',(-0.0104,-0.0112,-0.0057));
#4752=CARTESIAN_POINT('',(-0.0096,-0.0112,0.));
#4753=CARTESIAN_POINT('',(-0.0096,-0.0112,-0.00515));
#4754=CARTESIAN_POINT('',(-0.01025,-0.0112,-0.00515));
#4755=CARTESIAN_POINT('',(-0.01025,-0.0112,-0.00515));
#4756=CARTESIAN_POINT('',(-0.01025,-0.0112,-0.00465));
#4757=CARTESIAN_POINT('',(-0.01075,-0.0112,-0.00465));
#4758=CARTESIAN_POINT('',(-0.01075,-0.0112,0.0039));
#4759=CARTESIAN_POINT('',(-0.01075,-0.0112,-0.0039));
#4760=CARTESIAN_POINT('',(-0.0114,-0.0112,-0.0039));
#4761=CARTESIAN_POINT('',(-0.0114,-0.0112,-0.0039));
#4762=CARTESIAN_POINT('',(-0.0114,-0.0112,-0.0047));
#4763=CARTESIAN_POINT('',(-0.0114,-0.0112,-0.0047));
#4764=CARTESIAN_POINT('',(-0.0104,-0.0112,-0.0047));
#4765=CARTESIAN_POINT('',(0.,-0.0112,0.));
#4766=CARTESIAN_POINT('',(-0.0114,-0.0112,0.0039));
#4767=CARTESIAN_POINT('',(0.0114,-0.0112,0.0039));
#4768=CARTESIAN_POINT('',(0.01075,-0.0112,0.0039));
#4769=CARTESIAN_POINT('',(0.0114,-0.0112,0.0047));
#4770=CARTESIAN_POINT('',(0.0114,-0.0112,0.0047));
#4771=CARTESIAN_POINT('',(0.0104,-0.0112,0.0047));
#4772=CARTESIAN_POINT('',(0.0104,-0.0112,0.0057));
#4773=CARTESIAN_POINT('',(-0.0104,-0.0112,0.0057));
#4774=CARTESIAN_POINT('',(0.0096,-0.0112,0.0057));
#4775=CARTESIAN_POINT('',(0.0096,-0.0112,0.0057));
#4776=CARTESIAN_POINT('',(0.0096,-0.0112,0.00515));
#4777=CARTESIAN_POINT('',(-0.01025,-0.0112,0.00515));
#4778=CARTESIAN_POINT('',(0.01025,-0.0112,0.00515));
#4779=CARTESIAN_POINT('',(0.01025,-0.0112,0.00465));
#4780=CARTESIAN_POINT('',(0.01075,-0.0112,0.00465));
#4781=CARTESIAN_POINT('',(0.01075,-0.0112,0.0039));
#4782=CARTESIAN_POINT('',(0.0104,4.387569450876E-5,-0.0047));
#4783=CARTESIAN_POINT('',(0.0104,0.,-0.0057));
#4784=CARTESIAN_POINT('',(0.0104,0.0081,-0.0057));
#4785=CARTESIAN_POINT('',(0.0104,0.0081,-0.0047));
#4786=CARTESIAN_POINT('',(0.0114,0.0081,-0.0047));
#4787=CARTESIAN_POINT('',(0.0114,0.0081,-0.0047));
#4788=CARTESIAN_POINT('',(0.0114,0.0025,-0.0047));
#4789=CARTESIAN_POINT('',(0.0104,0.0025,-0.0047));
#4790=CARTESIAN_POINT('',(0.011266025403783,0.0025,-0.0052));
#4791=CARTESIAN_POINT('',(0.0112660254037844,0.008443875694509,-0.0052));
#4792=CARTESIAN_POINT('',(0.011266025403783,0.001,-0.0052));
#4793=CARTESIAN_POINT('',(0.0104,0.001,-0.0047));
#4794=CARTESIAN_POINT('',(0.0114,0.001,-0.0047));
#4795=CARTESIAN_POINT('',(0.0114,0.,-0.0047));
#4796=CARTESIAN_POINT('',(0.0114,0.,-0.0057));
#4797=CARTESIAN_POINT('',(0.0096,-0.0157,-0.0057));
#4798=CARTESIAN_POINT('',(0.0096,-0.0118,-0.0057));
#4799=CARTESIAN_POINT('',(0.,-0.0118,-0.0057));
#4800=CARTESIAN_POINT('',(0.0104,-0.0118,-0.0057));
#4801=CARTESIAN_POINT('',(0.0104,-0.0118,-0.0057));
#4802=CARTESIAN_POINT('',(0.0103999999979,-0.0151171572879932,-0.005699995800431));
#4803=CARTESIAN_POINT('',(0.0103999999979,-0.0151171572879932,-0.005699995800431));
#4804=CARTESIAN_POINT('',(-0.01039999999859,-0.015117157287808,-0.005699996736253));
#4805=CARTESIAN_POINT('',(-0.0104,-0.0118,-0.0057));
#4806=CARTESIAN_POINT('',(-0.0104,-0.0118,-0.0057));
#4807=CARTESIAN_POINT('',(0.0114,-0.0118,-0.0057));
#4808=CARTESIAN_POINT('',(-0.0096,-0.0118,-0.0057));
#4809=CARTESIAN_POINT('',(-0.0096,-0.0112,-0.0057));
#4810=CARTESIAN_POINT('',(-0.0104,0.,-0.0057));
#4811=CARTESIAN_POINT('',(-0.0104,0.00385464490258825,-0.0057));
#4812=CARTESIAN_POINT('',(-0.0104,0.003854644902588,-0.0057));
#4813=CARTESIAN_POINT('',(-0.003,0.00502668976098964,-0.0057));
#4814=CARTESIAN_POINT('',(-0.003,0.0081,-0.0057));
#4815=CARTESIAN_POINT('',(-0.003,0.0081,-0.0057));
#4816=CARTESIAN_POINT('',(0.0104,0.0081,-0.0057));
#4817=CARTESIAN_POINT('',(-0.0104,4.387569450876E-5,-0.0047));
#4818=CARTESIAN_POINT('',(-0.0114,0.,-0.0047));
#4819=CARTESIAN_POINT('',(-0.0114,0.001,-0.0047));
#4820=CARTESIAN_POINT('',(-0.0104,0.001,-0.0047));
#4821=CARTESIAN_POINT('',(-0.01126602540378,0.001,-0.0052));
#4822=CARTESIAN_POINT('',(-0.01126602540378,0.0025,-0.0052));
#4823=CARTESIAN_POINT('',(-0.01126602540378,0.0025,-0.0052));
#4824=CARTESIAN_POINT('',(-0.0104,0.0025,-0.0047));
#4825=CARTESIAN_POINT('',(-0.0114,0.0025,-0.0047));
#4826=CARTESIAN_POINT('',(-0.0114,0.003696260462264,-0.0047));
#4827=CARTESIAN_POINT('',(-0.0114,0.003696260462264,-0.0047));
#4828=CARTESIAN_POINT('',(-0.0104,0.00385464490258851,-0.0047));
#4829=CARTESIAN_POINT('',(-0.0114,0.,-0.0057));
#4830=CARTESIAN_POINT('',(-0.0114,-0.0112,-0.0039));
#4831=CARTESIAN_POINT('',(-0.0114,-0.0118,-0.0039));
#4832=CARTESIAN_POINT('',(-0.0114,-0.0118,0.));
#4833=CARTESIAN_POINT('',(-0.0114,-0.0118,-0.0047));
#4834=CARTESIAN_POINT('',(-0.0114,-0.0118,-0.0047));
#4835=CARTESIAN_POINT('',(-0.01139999580043,-0.0151171572879932,-0.004699999997904));
#4836=CARTESIAN_POINT('',(-0.01139999580043,-0.0151171572879932,-0.004699999997904));
#4837=CARTESIAN_POINT('',(-0.01139999673625,-0.015117157287808,0.004699999998594));
#4838=CARTESIAN_POINT('',(-0.0114,-0.0118,0.0047));
#4839=CARTESIAN_POINT('',(-0.0114,-0.0118,0.0047));
#4840=CARTESIAN_POINT('',(-0.0114,-0.0118,0.0047));
#4841=CARTESIAN_POINT('',(-0.0114,-0.0118,0.0039));
#4842=CARTESIAN_POINT('',(-0.0114,-0.0112,0.0039));
#4843=CARTESIAN_POINT('',(-0.0114,-0.0112,0.0039));
#4844=CARTESIAN_POINT('',(-0.0114,-0.0112,-0.0047));
#4845=CARTESIAN_POINT('',(-0.0114,-0.0112,0.0047));
#4846=CARTESIAN_POINT('',(-0.0114,0.,0.0047));
#4847=CARTESIAN_POINT('',(-0.0114,0.001,0.0047));
#4848=CARTESIAN_POINT('',(-0.0114,0.001,-0.0047));
#4849=CARTESIAN_POINT('',(-0.0104,4.387569450876E-5,0.0047));
#4850=CARTESIAN_POINT('',(-0.0104,0.,0.0057));
#4851=CARTESIAN_POINT('',(-0.0104,0.00385464490258857,0.0057));
#4852=CARTESIAN_POINT('',(-0.0104,-0.0112,0.0057));
#4853=CARTESIAN_POINT('',(-0.0104,0.00385464490258851,0.0047));
#4854=CARTESIAN_POINT('',(-0.0114,0.003696260462264,0.0047));
#4855=CARTESIAN_POINT('',(-0.0114,0.003696260462264,0.0047));
#4856=CARTESIAN_POINT('',(-0.0114,0.0025,0.0047));
#4857=CARTESIAN_POINT('',(-0.0104,0.0025,0.0047));
#4858=CARTESIAN_POINT('',(-0.01126602540378,0.0025,0.0052));
#4859=CARTESIAN_POINT('',(-0.01126602540378,0.0025,0.0052));
#4860=CARTESIAN_POINT('',(-0.01126602540378,0.001,0.0052));
#4861=CARTESIAN_POINT('',(-0.0104,0.001,0.0047));
#4862=CARTESIAN_POINT('',(-0.0104,-0.0112,0.0047));
#4863=CARTESIAN_POINT('',(-0.0114,0.,0.0057));
#4864=CARTESIAN_POINT('',(0.0104,0.,0.0057));
#4865=CARTESIAN_POINT('',(0.0104,0.0081,0.0057));
#4866=CARTESIAN_POINT('',(0.0104,0.0081,0.0057));
#4867=CARTESIAN_POINT('',(-0.003,0.0081,0.0057));
#4868=CARTESIAN_POINT('',(-0.003,0.00502668976099,0.0057));
#4869=CARTESIAN_POINT('',(-0.003,0.00502668976098995,0.0057));
#4870=CARTESIAN_POINT('',(-0.003,0.00502668976099,0.0057));
#4871=CARTESIAN_POINT('',(-0.0104,-0.0112,0.0057));
#4872=CARTESIAN_POINT('',(-0.0096,-0.0112,0.0057));
#4873=CARTESIAN_POINT('',(-0.0096,-0.0112,0.0057));
#4874=CARTESIAN_POINT('',(-0.0096,-0.0118,0.0057));
#4875=CARTESIAN_POINT('',(-0.0104,-0.0118,0.0057));
#4876=CARTESIAN_POINT('',(-0.0104,-0.0118,0.0057));
#4877=CARTESIAN_POINT('',(-0.0104,-0.0118,0.0057));
#4878=CARTESIAN_POINT('',(-0.0103999999979,-0.0151171572879932,0.005699995800431));
#4879=CARTESIAN_POINT('',(-0.0103999999979,-0.0151171572879932,0.005699995800431));
#4880=CARTESIAN_POINT('',(0.01039999999859,-0.015117157287808,0.005699996736253));
#4881=CARTESIAN_POINT('',(0.0104,-0.0118,0.0057));
#4882=CARTESIAN_POINT('',(0.0104,-0.0118,0.0057));
#4883=CARTESIAN_POINT('',(-0.0114,-0.0118,0.0057));
#4884=CARTESIAN_POINT('',(0.0096,-0.0118,0.0057));
#4885=CARTESIAN_POINT('',(0.0096,-0.0112,0.0057));
#4886=CARTESIAN_POINT('',(0.0104,4.387569450876E-5,0.0047));
#4887=CARTESIAN_POINT('',(0.0114,0.,0.0047));
#4888=CARTESIAN_POINT('',(0.0114,0.001,0.0047));
#4889=CARTESIAN_POINT('',(0.0104,0.001,0.0047));
#4890=CARTESIAN_POINT('',(0.011266025403783,0.001,0.0052));
#4891=CARTESIAN_POINT('',(0.0112660254037844,0.008443875694509,0.0052));
#4892=CARTESIAN_POINT('',(0.011266025403783,0.0025,0.0052));
#4893=CARTESIAN_POINT('',(0.0104,0.0025,0.0047));
#4894=CARTESIAN_POINT('',(0.0114,0.0025,0.0047));
#4895=CARTESIAN_POINT('',(0.0114,0.0081,0.0047));
#4896=CARTESIAN_POINT('',(0.0114,0.0081,0.0047));
#4897=CARTESIAN_POINT('',(0.0104,0.0081,0.0047));
#4898=CARTESIAN_POINT('',(0.0114,-0.0102,0.0019));
#4899=CARTESIAN_POINT('',(0.0114,-0.0112,0.0019));
#4900=CARTESIAN_POINT('',(0.0114,-0.0113,0.0019));
#4901=CARTESIAN_POINT('',(0.0114,-0.0102,0.0019));
#4902=CARTESIAN_POINT('',(0.0117,-0.0113,0.0019));
#4903=CARTESIAN_POINT('',(0.0117,-0.0113,0.0019));
#4904=CARTESIAN_POINT('',(0.0117,-0.0102,0.0019));
#4905=CARTESIAN_POINT('',(0.0117,-0.0102,0.0019));
#4906=CARTESIAN_POINT('',(0.0114,-0.0102,0.0019));
#4907=CARTESIAN_POINT('',(0.0114,-0.0102,0.0016));
#4908=CARTESIAN_POINT('',(0.0117,-0.0102,0.0016));
#4909=CARTESIAN_POINT('',(0.0117,-0.0099,0.0016));
#4910=CARTESIAN_POINT('',(0.0114,-0.0099,0.0016));
#4911=CARTESIAN_POINT('',(0.0114,-0.0099,0.0016));
#4912=CARTESIAN_POINT('',(0.0114,-0.0102,0.0016));
#4913=CARTESIAN_POINT('',(0.0114,-0.0099,-0.0016));
#4914=CARTESIAN_POINT('',(0.0117,-0.0099,-0.0016));
#4915=CARTESIAN_POINT('',(0.0117,-0.0099,-0.0016));
#4916=CARTESIAN_POINT('',(0.0114,-0.0099,-0.0016));
#4917=CARTESIAN_POINT('',(0.0114,-0.0099,-0.0016));
#4918=CARTESIAN_POINT('',(0.0114,-0.0099,-0.0016));
#4919=CARTESIAN_POINT('',(0.0114,-0.0102,-0.0016));
#4920=CARTESIAN_POINT('',(0.0117,-0.0102,-0.0016));
#4921=CARTESIAN_POINT('',(0.0117,-0.0102,-0.0019));
#4922=CARTESIAN_POINT('',(0.0114,-0.0102,-0.0019));
#4923=CARTESIAN_POINT('',(0.0114,-0.0102,-0.0019));
#4924=CARTESIAN_POINT('',(0.0114,-0.0102,-0.0016));
#4925=CARTESIAN_POINT('',(0.0114,0.,0.0057));
#4926=CARTESIAN_POINT('',(0.0114,-0.0113,0.0017));
#4927=CARTESIAN_POINT('',(0.0114,-0.0115,0.0017));
#4928=CARTESIAN_POINT('',(0.0114,-0.0112,-0.0019));
#4929=CARTESIAN_POINT('',(0.0114,-0.0113,-0.0019));
#4930=CARTESIAN_POINT('',(0.0114,-0.0113,-0.0017));
#4931=CARTESIAN_POINT('',(0.0114,-0.0115,-0.0017));
#4932=CARTESIAN_POINT('',(0.0114,-0.0115,0.0017));
#4933=CARTESIAN_POINT('',(0.0114,-0.0157,0.0039));
#4934=CARTESIAN_POINT('',(0.0114,-0.0118,0.0039));
#4935=CARTESIAN_POINT('',(0.0114,-0.0118,0.));
#4936=CARTESIAN_POINT('',(0.0114,-0.0118,0.0047));
#4937=CARTESIAN_POINT('',(0.0114,-0.0118,0.0047));
#4938=CARTESIAN_POINT('',(0.01139999580043,-0.0151171572879932,0.004699999997904));
#4939=CARTESIAN_POINT('',(0.01139999580043,-0.0151171572879932,0.004699999997904));
#4940=CARTESIAN_POINT('',(0.01139999673625,-0.015117157287808,-0.004699999998594));
#4941=CARTESIAN_POINT('',(0.0114,-0.0118,-0.0047));
#4942=CARTESIAN_POINT('',(0.0114,-0.0118,-0.0047));
#4943=CARTESIAN_POINT('',(0.0114,-0.0118,0.0057));
#4944=CARTESIAN_POINT('',(0.0114,-0.0118,-0.0039));
#4945=CARTESIAN_POINT('',(0.0114,-0.0112,-0.0039));
#4946=CARTESIAN_POINT('',(0.0114,0.001,0.));
#4947=CARTESIAN_POINT('',(0.0114,-0.0112,-0.0019));
#4948=CARTESIAN_POINT('',(0.0117,-0.0112,-0.0019));
#4949=CARTESIAN_POINT('',(0.0117,-0.0113,-0.0019));
#4950=CARTESIAN_POINT('',(0.0114,-0.0113,-0.0019));
#4951=CARTESIAN_POINT('',(0.0117,0.,0.));
#4952=CARTESIAN_POINT('',(0.0117,-0.0112,0.0019));
#4953=CARTESIAN_POINT('',(0.0117,-0.0112,0.0016));
#4954=CARTESIAN_POINT('',(0.0117,-0.0112,-0.0016));
#4955=CARTESIAN_POINT('',(0.0117,-0.0112,0.0016));
#4956=CARTESIAN_POINT('',(0.0117,-0.0102,0.0016));
#4957=CARTESIAN_POINT('',(0.0117,-0.0102,0.0016));
#4958=CARTESIAN_POINT('',(0.0117,-0.0102,-0.0016));
#4959=CARTESIAN_POINT('',(0.0117,-0.0102,-0.0016));
#4960=CARTESIAN_POINT('',(0.0117,-0.0113,0.0017));
#4961=CARTESIAN_POINT('',(0.0117,-0.0115,0.0017));
#4962=CARTESIAN_POINT('',(0.0117,-0.0115,0.0017));
#4963=CARTESIAN_POINT('',(0.0117,-0.0115,-0.0017));
#4964=CARTESIAN_POINT('',(0.0117,-0.0113,-0.0017));
#4965=CARTESIAN_POINT('',(0.0114,-0.0102,-0.0016));
#4966=CARTESIAN_POINT('',(0.0108,-0.0102,-0.0016));
#4967=CARTESIAN_POINT('',(0.0108,-0.0102,-0.0016));
#4968=CARTESIAN_POINT('',(0.0108,-0.0102,0.0016));
#4969=CARTESIAN_POINT('',(0.0108,-0.0102,0.0016));
#4970=CARTESIAN_POINT('',(0.0108,-0.0102,-0.0016));
#4971=CARTESIAN_POINT('',(0.0114,-0.0112,-0.0016));
#4972=CARTESIAN_POINT('',(0.0117,-0.0112,-0.0016));
#4973=CARTESIAN_POINT('',(0.0108,-0.0112,-0.0016));
#4974=CARTESIAN_POINT('',(0.0108,-0.0112,-0.0016));
#4975=CARTESIAN_POINT('',(0.0108,-0.0102,-0.003814835345575));
#4976=CARTESIAN_POINT('',(0.0108,-0.0102,0.0016));
#4977=CARTESIAN_POINT('',(0.0108,-0.0112,0.0016));
#4978=CARTESIAN_POINT('',(0.0108,-0.0112,-0.0016));
#4979=CARTESIAN_POINT('',(0.0114,-0.0102,0.0016));
#4980=CARTESIAN_POINT('',(0.0108,-0.0112,0.0016));
#4981=CARTESIAN_POINT('',(0.,-0.0112,0.));
#4982=CARTESIAN_POINT('',(-0.0114,-0.0112,0.0039));
#4983=CARTESIAN_POINT('',(-0.01075,-0.0112,0.0039));
#4984=CARTESIAN_POINT('',(-0.01075,-0.0112,0.0039));
#4985=CARTESIAN_POINT('',(-0.01075,-0.0112,0.00465));
#4986=CARTESIAN_POINT('',(-0.01025,-0.0112,0.00465));
#4987=CARTESIAN_POINT('',(-0.01025,-0.0112,0.00515));
#4988=CARTESIAN_POINT('',(-0.01025,-0.0112,0.00515));
#4989=CARTESIAN_POINT('',(-0.0096,-0.0112,0.00515));
#4990=CARTESIAN_POINT('',(-0.0096,-0.0112,0.0057));
#4991=CARTESIAN_POINT('',(-0.0110757607639,-0.0148171324549163,-0.005375760763897));
#4992=CARTESIAN_POINT('',(-0.01084958675183,-0.0153968575489833,-0.005503137834917));
#4993=CARTESIAN_POINT('',(-0.01084958675183,-0.0153968575489833,-0.005503137834917));
#4994=CARTESIAN_POINT('',(-0.01060502525337,-0.0156414245898337,-0.005258581876205));
#4995=CARTESIAN_POINT('',(-0.01060502525337,-0.0156414213568143,-0.00525857864318558));
#4996=CARTESIAN_POINT('',(-0.0107951676073677,-0.0156708274023267,-0.00522917259735242));
#4997=CARTESIAN_POINT('',(-0.0109294235569051,-0.0156705764430977,-0.00509449964612287));
#4998=CARTESIAN_POINT('',(-0.0109585786423159,-0.0156414213576869,-0.00490502525171967));
#4999=CARTESIAN_POINT('',(-0.01095858131255,-0.0156414240266923,-0.004905025250491));
#5000=CARTESIAN_POINT('',(-0.01120313843474,-0.0153968581487757,-0.005149586751723));
#5001=CARTESIAN_POINT('',(-0.01120313843474,-0.0153968581487757,-0.005149586751723));
#5002=CARTESIAN_POINT('',(-0.0112031401427621,-0.0153968598572407,-0.00514958675216587));
#5003=CARTESIAN_POINT('',(-0.0111283210454427,-0.0154716789545602,-0.00527372325832152));
#5004=CARTESIAN_POINT('',(-0.0109735905053867,-0.0154716128947925,-0.00542838710541217));
#5005=CARTESIAN_POINT('',(-0.01084958675183,-0.0153968598570331,-0.00550314014296677));
#5006=CARTESIAN_POINT('',(-0.0109607287600323,-0.0152534951273912,-0.0055279896076726));
#5007=CARTESIAN_POINT('',(-0.0109728969774213,-0.0152601951187658,-0.00551974843650088));
#5008=CARTESIAN_POINT('',(-0.0110086631597231,-0.0152771404424445,-0.00549441050950508));
#5009=CARTESIAN_POINT('',(-0.0110687875660023,-0.0152935334176777,-0.00544543074509825));
#5010=CARTESIAN_POINT('',(-0.0111362088850884,-0.0152948546240967,-0.00537894374374118));
#5011=CARTESIAN_POINT('',(-0.0111892675434885,-0.0152798638111831,-0.00531558877145664));
#5012=CARTESIAN_POINT('',(-0.0112175031713378,-0.0152620194463746,-0.00527620977891824));
#5013=CARTESIAN_POINT('',(-0.0112279903928216,-0.0152534974464785,-0.00526072931919812));
#5014=CARTESIAN_POINT('',(-0.0109334142311696,-0.0153117563276556,-0.00554692818615595));
#5015=CARTESIAN_POINT('',(-0.0109480466257565,-0.0153199605414927,-0.00553761142616657));
#5016=CARTESIAN_POINT('',(-0.010990955492842,-0.0153406824406632,-0.00550879927544262));
#5017=CARTESIAN_POINT('',(-0.0110624555784963,-0.0153606227645228,-0.0054523115327692));
#5018=CARTESIAN_POINT('',(-0.0111415787599691,-0.0153622257881946,-0.00537444350082712));
#5019=CARTESIAN_POINT('',(-0.0112029201051462,-0.0153440028859449,-0.00529924103529394));
#5020=CARTESIAN_POINT('',(-0.0112350728079901,-0.0153221948445347,-0.00525202997821324));
#5021=CARTESIAN_POINT('',(-0.011246928541622,-0.0153117600021142,-0.00523341510204119));
#5022=CARTESIAN_POINT('',(-0.0108916914487729,-0.0153635012683114,-0.0055379302361775));
#5023=CARTESIAN_POINT('',(-0.0109081318215937,-0.0153730414639289,-0.00552791563495805));
#5024=CARTESIAN_POINT('',(-0.0109562658716877,-0.0153971175451934,-0.00549680946305295));
#5025=CARTESIAN_POINT('',(-0.0110359892007028,-0.0154202084623009,-0.00543518415917759));
#5026=CARTESIAN_POINT('',(-0.0111233977096905,-0.0154220617832022,-0.0053492864547386));
#5027=CARTESIAN_POINT('',(-0.0111904371264672,-0.0154009682866268,-0.00526554264932135));
#5028=CARTESIAN_POINT('',(-0.0112251866144986,-0.0153756398884507,-0.00521260711081237));
#5029=CARTESIAN_POINT('',(-0.0112379301857764,-0.015363506146549,-0.00519169257889497));
#5030=CARTESIAN_POINT('',(-0.010845116054714,-0.015396877352939,-0.00550305489139087));
#5031=CARTESIAN_POINT('',(-0.0108622940464955,-0.015407279272242,-0.00549288006183638));
#5032=CARTESIAN_POINT('',(-0.0109125388243118,-0.0154335188397142,-0.00546118559422158));
#5033=CARTESIAN_POINT('',(-0.0109954492206046,-0.0154586419258711,-0.00539797005987811));
#5034=CARTESIAN_POINT('',(-0.0110858285443854,-0.0154606566913777,-0.00530923345686262));
#5035=CARTESIAN_POINT('',(-0.0111546761050081,-0.0154377116282929,-0.00522221107506371));
#5036=CARTESIAN_POINT('',(-0.0111901072082214,-0.0154101125593255,-0.00516696996849035));
#5037=CARTESIAN_POINT('',(-0.0112030545519029,-0.015396883007628,-0.00514511733224538));
#5038=CARTESIAN_POINT('',(-0.0109619858976194,-0.0152554421447688,-0.00552714056333299));
#5039=CARTESIAN_POINT('',(-0.0109373958100845,-0.0153083347063602,-0.00554384480418584));
#5040=CARTESIAN_POINT('',(-0.0108917209671354,-0.0153658466245771,-0.00553413711225745));
#5041=CARTESIAN_POINT('',(-0.0108495864208719,-0.0153968501698561,-0.00550313090585055));
#5042=CARTESIAN_POINT('',(-0.01096198341895,-0.0152554385010042,-0.005527148452166));
#5043=CARTESIAN_POINT('',(-0.0112031333993483,-0.0153968521926326,-0.00514958607434478));
#5044=CARTESIAN_POINT('',(-0.0112341403585822,-0.0153658465454571,-0.00519171914752023));
#5045=CARTESIAN_POINT('',(-0.0112438483132421,-0.0153083325792991,-0.0052373924717553));
#5046=CARTESIAN_POINT('',(-0.0112271442396001,-0.015255439045888,-0.00526198172943196));
#5047=CARTESIAN_POINT('',(-0.01122714820181,-0.0152554385007845,-0.005261983248374));
#5048=CARTESIAN_POINT('',(-0.01096198341895,-0.0152554385010042,-0.005527148452166));
#5049=CARTESIAN_POINT('',(-0.01098112548677,-0.0152658467161326,-0.005514142738952));
#5050=CARTESIAN_POINT('',(-0.01101985898698,-0.0152823390215044,-0.005485916674709));
#5051=CARTESIAN_POINT('',(-0.01107921034663,-0.0152951665969376,-0.005435368301205));
#5052=CARTESIAN_POINT('',(-0.01113529657803,-0.0152951842671708,-0.005379291505238));
#5053=CARTESIAN_POINT('',(-0.01118593023496,-0.0152823375267021,-0.005319846223153));
#5054=CARTESIAN_POINT('',(-0.01121414593435,-0.0152658394550784,-0.005281117585632));
#5055=CARTESIAN_POINT('',(-0.01122714820181,-0.0152554385007845,-0.005261983248374));
#5056=CARTESIAN_POINT('',(-0.01025,-0.0112,-0.00515));
#5057=CARTESIAN_POINT('',(-0.0096,-0.0112,-0.00515));
#5058=CARTESIAN_POINT('',(-0.0096,-0.0118,-0.00515));
#5059=CARTESIAN_POINT('',(0.,-0.0118,-0.00515));
#5060=CARTESIAN_POINT('',(-0.01025,-0.0118,-0.00515));
#5061=CARTESIAN_POINT('',(-0.01025,-0.0112,-0.00515));
#5062=CARTESIAN_POINT('',(-0.01025,-0.01135,-0.00465));
#5063=CARTESIAN_POINT('',(-0.01025,-0.0118,-0.00465));
#5064=CARTESIAN_POINT('',(-0.01075,-0.0118,-0.00465));
#5065=CARTESIAN_POINT('',(-0.01075,-0.01135,-0.00465));
#5066=CARTESIAN_POINT('',(-0.01075,-0.0112,0.0039));
#5067=CARTESIAN_POINT('',(-0.01075,-0.0118,0.));
#5068=CARTESIAN_POINT('',(-0.01075,-0.0118,-0.0039));
#5069=CARTESIAN_POINT('',(-0.01075,-0.0112,-0.0039));
#5070=CARTESIAN_POINT('',(-0.0114,-0.0112,-0.0039));
#5071=CARTESIAN_POINT('',(0.,-0.0118,-0.0039));
#5072=CARTESIAN_POINT('',(0.0112,-0.0151171572875254,0.004745194657104));
#5073=CARTESIAN_POINT('',(0.0114,-0.0151171572879932,0.004699999998912));
#5074=CARTESIAN_POINT('',(0.0113999999998775,-0.0151695171653963,0.004699999998912));
#5075=CARTESIAN_POINT('',(0.0113784453806124,-0.0152215546193866,0.004699999998912));
#5076=CARTESIAN_POINT('',(0.0113414213562391,-0.0152585786437609,0.004699999998912));
#5077=CARTESIAN_POINT('',(0.01134142135609,-0.0152585786436118,0.0047));
#5078=CARTESIAN_POINT('',(0.01134142135609,-0.0152585786436118,0.0047));
#5079=CARTESIAN_POINT('',(0.01134142135615,-0.0152585786436717,-0.0047));
#5080=CARTESIAN_POINT('',(0.01119999121136,-0.0151171660761678,-0.004700000473361));
#5081=CARTESIAN_POINT('',(0.0096,-0.0112,0.00515));
#5082=CARTESIAN_POINT('',(0.0096,-0.0112,-0.00515));
#5083=CARTESIAN_POINT('',(0.0096,-0.0118,-0.00515));
#5084=CARTESIAN_POINT('',(0.0096,-0.0118,0.00515));
#5085=CARTESIAN_POINT('',(-0.01025,-0.0112,-0.00515));
#5086=CARTESIAN_POINT('',(-0.01025,-0.0118,-0.00515));
#5087=CARTESIAN_POINT('',(0.01025,-0.0118,-0.00515));
#5088=CARTESIAN_POINT('',(0.01025,-0.01135,-0.00515));
#5089=CARTESIAN_POINT('',(0.01025,-0.01135,-0.00465));
#5090=CARTESIAN_POINT('',(0.01075,-0.01135,-0.00465));
#5091=CARTESIAN_POINT('',(0.01075,-0.0118,-0.00465));
#5092=CARTESIAN_POINT('',(0.01025,-0.0118,-0.00465));
#5093=CARTESIAN_POINT('',(0.01075,-0.0112,0.0039));
#5094=CARTESIAN_POINT('',(0.01075,-0.0112,-0.0039));
#5095=CARTESIAN_POINT('',(0.01075,-0.0118,-0.0039));
#5096=CARTESIAN_POINT('',(0.01075,-0.0118,0.0039));
#5097=CARTESIAN_POINT('',(0.,-0.0118,0.));
#5098=CARTESIAN_POINT('',(-0.0114,-0.0118,-0.0039));
#5099=CARTESIAN_POINT('',(0.0104,-0.0118,-0.0047));
#5100=CARTESIAN_POINT('',(-0.0114,-0.0112,-0.0039));
#5101=CARTESIAN_POINT('',(0.0113548053429,-0.0113,-0.0017));
#5102=CARTESIAN_POINT('',(0.0114,-0.0115,-0.0017));
#5103=CARTESIAN_POINT('',(0.01174145647485,-0.0113,0.0017));
#5104=CARTESIAN_POINT('',(0.0117,-0.0115,0.0017));
#5105=CARTESIAN_POINT('',(0.,-0.0115,0.));
#5106=CARTESIAN_POINT('',(-0.0114,-0.0112,0.0039));
#5107=CARTESIAN_POINT('',(0.01075,-0.0112,0.0039));
#5108=CARTESIAN_POINT('',(0.01075,-0.0118,0.0039));
#5109=CARTESIAN_POINT('',(0.,-0.0118,0.0039));
#5110=CARTESIAN_POINT('',(-0.01025,-0.0112,0.00515));
#5111=CARTESIAN_POINT('',(0.0096,-0.0112,0.00515));
#5112=CARTESIAN_POINT('',(0.0096,-0.0118,0.00515));
#5113=CARTESIAN_POINT('',(0.,-0.0118,0.00515));
#5114=CARTESIAN_POINT('',(0.01025,-0.0118,0.00515));
#5115=CARTESIAN_POINT('',(0.01025,-0.01135,0.00515));
#5116=CARTESIAN_POINT('',(0.0096,-0.0112,0.00515));
#5117=CARTESIAN_POINT('',(0.0096,-0.0118,0.));
#5118=CARTESIAN_POINT('',(-0.0096,-0.0112,0.00515));
#5119=CARTESIAN_POINT('',(-0.0096,-0.0112,0.00515));
#5120=CARTESIAN_POINT('',(-0.0096,-0.0118,0.00515));
#5121=CARTESIAN_POINT('',(-0.0096,-0.0118,0.00515));
#5122=CARTESIAN_POINT('',(-0.01025,-0.0112,0.00515));
#5123=CARTESIAN_POINT('',(-0.01025,-0.0118,0.00515));
#5124=CARTESIAN_POINT('',(-0.01025,-0.0118,0.00515));
#5125=CARTESIAN_POINT('',(-0.01025,-0.0112,0.00515));
#5126=CARTESIAN_POINT('',(-0.01025,-0.01135,0.00465));
#5127=CARTESIAN_POINT('',(-0.01075,-0.0112,0.00465));
#5128=CARTESIAN_POINT('',(-0.01075,-0.0118,0.00465));
#5129=CARTESIAN_POINT('',(-0.01025,-0.0118,0.00465));
#5130=CARTESIAN_POINT('',(-0.01075,-0.0112,0.0039));
#5131=CARTESIAN_POINT('',(-0.01075,-0.0112,0.0039));
#5132=CARTESIAN_POINT('',(-0.01075,-0.0118,0.0039));
#5133=CARTESIAN_POINT('',(-0.01075,-0.0118,0.0039));
#5134=CARTESIAN_POINT('',(-0.0114,-0.0112,0.0039));
#5135=CARTESIAN_POINT('',(-0.0114,-0.0118,0.0039));
#5136=CARTESIAN_POINT('',(0.,-0.0118,0.));
#5137=CARTESIAN_POINT('',(-0.0104,-0.0118,0.0047));
#5138=CARTESIAN_POINT('',(-0.0104451946571,-0.0151171572875254,0.0055));
#5139=CARTESIAN_POINT('',(-0.01039999999891,-0.0151171572879932,0.0057));
#5140=CARTESIAN_POINT('',(-0.01039999999891,-0.0151695171653972,0.00569999999987753));
#5141=CARTESIAN_POINT('',(-0.01039999999891,-0.0152215546193885,0.00567844538061162));
#5142=CARTESIAN_POINT('',(-0.01039999999891,-0.0152585786437629,0.00564142135623711));
#5143=CARTESIAN_POINT('',(-0.0104,-0.0152585786436118,0.005641421356086));
#5144=CARTESIAN_POINT('',(-0.0104,-0.0152585786436118,0.005641421356086));
#5145=CARTESIAN_POINT('',(0.0104,-0.0152585786436717,0.005641421356146));
#5146=CARTESIAN_POINT('',(0.01040000047336,-0.0151171660761678,0.005499991211358));
#5147=CARTESIAN_POINT('',(0.,-0.0118,0.));
#5148=CARTESIAN_POINT('',(0.01075,-0.0118,0.));
#5149=CARTESIAN_POINT('',(0.01075,-0.0118,0.00465));
#5150=CARTESIAN_POINT('',(0.01025,-0.0118,0.00465));
#5151=CARTESIAN_POINT('',(0.0104,-0.0118,0.0047));
#5152=CARTESIAN_POINT('',(0.01025,-0.01135,0.00465));
#5153=CARTESIAN_POINT('',(0.01075,-0.0112,0.00465));
#5154=CARTESIAN_POINT('',(0.01075,-0.0112,0.0039));
#5155=CARTESIAN_POINT('',(0.,-0.0112,0.));
#5156=CARTESIAN_POINT('',(-0.0096,-0.0112,0.00515));
#5157=CARTESIAN_POINT('',(-0.0096,-0.0118,0.));
#5158=CARTESIAN_POINT('',(0.,-0.0118,0.));
#5159=CARTESIAN_POINT('',(-0.0104,-0.0118,-0.0047));
#5160=CARTESIAN_POINT('',(-0.0112,-0.0151171572875254,-0.004745194657104));
#5161=CARTESIAN_POINT('',(-0.0114,-0.0151171572879932,-0.004699999998912));
#5162=CARTESIAN_POINT('',(-0.0113999999998775,-0.0151695171653963,-0.004699999998912));
#5163=CARTESIAN_POINT('',(-0.0113784453806124,-0.0152215546193866,-0.004699999998912));
#5164=CARTESIAN_POINT('',(-0.0113414213562391,-0.0152585786437609,-0.004699999998912));
#5165=CARTESIAN_POINT('',(-0.01134142135609,-0.0152585786436118,-0.0047));
#5166=CARTESIAN_POINT('',(-0.01134142135609,-0.0152585786436118,-0.0047));
#5167=CARTESIAN_POINT('',(-0.01134142135615,-0.0152585786436717,0.0047));
#5168=CARTESIAN_POINT('',(-0.01119999121136,-0.0151171660761678,0.004700000473361));
#5169=CARTESIAN_POINT('',(-0.0112250645338412,-0.0152562692972735,-0.00526504292376802));
#5170=CARTESIAN_POINT('',(-0.0112307499491891,-0.0152505838819257,-0.00525673213249933));
#5171=CARTESIAN_POINT('',(-0.0112728468493904,-0.0152084869817247,-0.00519306660604808));
#5172=CARTESIAN_POINT('',(-0.0113382009350264,-0.0151431328960935,-0.00506419638666346));
#5173=CARTESIAN_POINT('',(-0.011388280891927,-0.015093052939188,-0.00487336795957252));
#5174=CARTESIAN_POINT('',(-0.0113973936480206,-0.0150839401830941,-0.00474872263428619));
#5175=CARTESIAN_POINT('',(-0.0113972240721942,-0.0150841097589205,-0.00469614631650978));
#5176=CARTESIAN_POINT('',(-0.0112437040297264,-0.0153140597179123,-0.00523825158112919));
#5177=CARTESIAN_POINT('',(-0.0112491747959585,-0.0153085889516805,-0.00523025499714783));
#5178=CARTESIAN_POINT('',(-0.0112896590104871,-0.0152681047371549,-0.0051690301102608));
#5179=CARTESIAN_POINT('',(-0.0113521915588381,-0.0152055721888045,-0.00504558617966983));
#5180=CARTESIAN_POINT('',(-0.011399735273488,-0.0151580284741482,-0.00486419593845812));
#5181=CARTESIAN_POINT('',(-0.0114083618198762,-0.0151494019277626,-0.00474614690472194));
#5182=CARTESIAN_POINT('',(-0.0114082000342955,-0.0151495637133448,-0.00469635042963503));
#5183=CARTESIAN_POINT('',(-0.0112350595962357,-0.0153654596892589,-0.00519716263537318));
#5184=CARTESIAN_POINT('',(-0.0112402011626209,-0.0153603181228736,-0.00518964794012586));
#5185=CARTESIAN_POINT('',(-0.0112782120574983,-0.0153223072279996,-0.00513216617683012));
#5186=CARTESIAN_POINT('',(-0.0113364173127431,-0.0152641019727544,-0.00501704435569461));
#5187=CARTESIAN_POINT('',(-0.0113800712813096,-0.0152204480041855,-0.00485012913026861));
#5188=CARTESIAN_POINT('',(-0.0113879521448614,-0.0152125671406346,-0.00474219659831972));
#5189=CARTESIAN_POINT('',(-0.0113878023069064,-0.0152127169785917,-0.00469666347080043));
#5190=CARTESIAN_POINT('',(-0.0112010740668042,-0.0153989215306013,-0.00515100777104347));
#5191=CARTESIAN_POINT('',(-0.0112058458457931,-0.0153941497516119,-0.00514403437732456));
#5192=CARTESIAN_POINT('',(-0.0112410784816781,-0.0153589171157286,-0.00509075723301635));
#5193=CARTESIAN_POINT('',(-0.0112944229252763,-0.0153055726721325,-0.0049849835668602));
#5194=CARTESIAN_POINT('',(-0.011333707575049,-0.0152662880223583,-0.00483432800391708));
#5195=CARTESIAN_POINT('',(-0.011340750819398,-0.0152592447780121,-0.0047377592526374));
#5196=CARTESIAN_POINT('',(-0.0113406144021089,-0.0152593811953031,-0.00469701510728686));
#5197=CARTESIAN_POINT('',(-0.01120313843474,-0.0153968581487757,-0.005149586751723));
#5198=CARTESIAN_POINT('',(-0.01123567460757,-0.0153643219759517,-0.005101697525577));
#5199=CARTESIAN_POINT('',(-0.01128790391041,-0.015312097683906,-0.005002732481856));
#5200=CARTESIAN_POINT('',(-0.01133235887507,-0.0152676406695445,-0.004849515071095));
#5201=CARTESIAN_POINT('',(-0.01134140214411,-0.0152585978555854,-0.004749754133622));
#5202=CARTESIAN_POINT('',(-0.01134142135609,-0.0152585786436118,-0.0047));
#5203=CARTESIAN_POINT('',(-0.011227148483367,-0.0152554385007845,-0.00526198343967024));
#5204=CARTESIAN_POINT('',(-0.0113422798080366,-0.0151633743554077,-0.00509252880121274));
#5205=CARTESIAN_POINT('',(-0.0114,-0.0151172806178106,-0.00489298847273601));
#5206=CARTESIAN_POINT('',(-0.0114,-0.0151171572879932,-0.0047));
#5207=CARTESIAN_POINT('',(-0.01115,-0.01545,1.110223024625E-17));
#5208=CARTESIAN_POINT('',(-0.0109585818762,-0.0156414245898337,0.004905025253373));
#5209=CARTESIAN_POINT('',(-0.0109585818762,-0.0156414245898337,0.004905025253373));
#5210=CARTESIAN_POINT('',(-0.01120313783492,-0.0153968575489833,0.005149586751834));
#5211=CARTESIAN_POINT('',(-0.01120313783492,-0.0153968575489833,0.005149586751834));
#5212=CARTESIAN_POINT('',(-0.01134142135615,-0.0152585786436717,0.0047));
#5213=CARTESIAN_POINT('',(-0.01134140875658,-0.0152585912432428,0.004737576227813));
#5214=CARTESIAN_POINT('',(-0.01133617013577,-0.0152638300291752,0.004812898679327));
#5215=CARTESIAN_POINT('',(-0.01131165199777,-0.0152883474251983,0.004926780219359));
#5216=CARTESIAN_POINT('',(-0.01126889001282,-0.0153311121303709,0.005040408822237));
#5217=CARTESIAN_POINT('',(-0.01122743722918,-0.0153725581547212,0.005113826300227));
#5218=CARTESIAN_POINT('',(-0.01120313783492,-0.0153968575489833,0.005149586751834));
#5219=CARTESIAN_POINT('',(-0.0110757607639,-0.0148171324549163,0.005375760763897));
#5220=CARTESIAN_POINT('',(-0.0109585786431846,-0.0156414213568183,0.00490502525337299));
#5221=CARTESIAN_POINT('',(-0.0109291725973591,-0.0156708274023189,0.00509516760735352));
#5222=CARTESIAN_POINT('',(-0.0107944996461464,-0.0156705764431094,0.00522942355689044));
#5223=CARTESIAN_POINT('',(-0.0106050252517227,-0.0156414213576869,0.00525857864231294));
#5224=CARTESIAN_POINT('',(-0.01060502525049,-0.0156414240266923,0.005258581312551));
#5225=CARTESIAN_POINT('',(-0.01084958675172,-0.0153968581487757,0.005503138434741));
#5226=CARTESIAN_POINT('',(-0.01084958675172,-0.0153968581487757,0.005503138434741));
#5227=CARTESIAN_POINT('',(-0.0108495867521682,-0.0153968598572414,0.00550314014275847));
#5228=CARTESIAN_POINT('',(-0.0109737232585105,-0.0154716789546531,0.0054283210453467));
#5229=CARTESIAN_POINT('',(-0.0111283871053948,-0.0154716128948102,0.00527359050542154));
#5230=CARTESIAN_POINT('',(-0.0112031401429698,-0.0153968598570331,0.005149586751834));
#5231=CARTESIAN_POINT('',(-0.0112279896076741,-0.0152534951273905,0.00526072876002919));
#5232=CARTESIAN_POINT('',(-0.0112197484365007,-0.0152601951187656,0.00527289697741687));
#5233=CARTESIAN_POINT('',(-0.0111944105095037,-0.0152771404424448,0.00530866315972376));
#5234=CARTESIAN_POINT('',(-0.0111454307450994,-0.0152935334176782,0.00536878756600285));
#5235=CARTESIAN_POINT('',(-0.0110789437437417,-0.0152948546240972,0.00543620888508759));
#5236=CARTESIAN_POINT('',(-0.0110155887714537,-0.0152798638111835,0.00548926754349045));
#5237=CARTESIAN_POINT('',(-0.010976209778916,-0.0152620194463748,0.00551750317133786));
#5238=CARTESIAN_POINT('',(-0.0109607293191957,-0.0152534974464784,0.00552799039282091));
#5239=CARTESIAN_POINT('',(-0.011246928186156,-0.0153117563276547,0.00523341423116459));
#5240=CARTESIAN_POINT('',(-0.0112376114261663,-0.0153199605414925,0.005248046625752));
#5241=CARTESIAN_POINT('',(-0.0112087992754407,-0.0153406824406636,0.00529095549284206));
#5242=CARTESIAN_POINT('',(-0.0111523115327676,-0.0153606227645234,0.005362455578499));
#5243=CARTESIAN_POINT('',(-0.0110744435008302,-0.0153622257881952,0.00544157875996992));
#5244=CARTESIAN_POINT('',(-0.0109992410352903,-0.0153440028859454,0.00550292010514751));
#5245=CARTESIAN_POINT('',(-0.0109520299782118,-0.0153221948445348,0.00553507280799166));
#5246=CARTESIAN_POINT('',(-0.0109334151020404,-0.0153117600021141,0.00554692854162369));
#5247=CARTESIAN_POINT('',(-0.0112379302361786,-0.0153635012683102,0.00519169144876856));
#5248=CARTESIAN_POINT('',(-0.0112279156349593,-0.0153730414639284,0.00520813182158935));
#5249=CARTESIAN_POINT('',(-0.0111968094630515,-0.0153971175451937,0.00525626587168909));
#5250=CARTESIAN_POINT('',(-0.0111351841591795,-0.0154202084623014,0.00533598920070233));
#5251=CARTESIAN_POINT('',(-0.0110492864547412,-0.0154220617832027,0.00542339770968949));
#5252=CARTESIAN_POINT('',(-0.0109655426493208,-0.0154009682866272,0.00549043712646763));
#5253=CARTESIAN_POINT('',(-0.0109126071108104,-0.0153756398884507,0.00552518661450075));
#5254=CARTESIAN_POINT('',(-0.0108916925788916,-0.0153635061465487,0.00553793018577802));
#5255=CARTESIAN_POINT('',(-0.0112030548913928,-0.0153968773529375,0.00514511605471213));
#5256=CARTESIAN_POINT('',(-0.0111928800618394,-0.0154072792722413,0.00516229404649411));
#5257=CARTESIAN_POINT('',(-0.0111611855942202,-0.0154335188397143,0.00521253882431271));
#5258=CARTESIAN_POINT('',(-0.01109797005988,-0.0154586419258715,0.00529544922060525));
#5259=CARTESIAN_POINT('',(-0.01100923345686,-0.015460656691378,0.00538582854438213));
#5260=CARTESIAN_POINT('',(-0.0109222110750654,-0.0154377116282931,0.00545467610500494));
#5261=CARTESIAN_POINT('',(-0.0108669699684875,-0.0154101125593254,0.00549010720822127));
#5262=CARTESIAN_POINT('',(-0.0108451173322429,-0.0153968830076275,0.00550305455190327));
#5263=CARTESIAN_POINT('',(-0.0112271405633339,-0.0152554421447693,0.00526198589761656));
#5264=CARTESIAN_POINT('',(-0.011243844804185,-0.0153083347063593,0.00523739581008072));
#5265=CARTESIAN_POINT('',(-0.0112341371122586,-0.0153658466245743,0.00519172096713375));
#5266=CARTESIAN_POINT('',(-0.0112031309058541,-0.0153968501698531,0.00514958642087325));
#5267=CARTESIAN_POINT('',(-0.01122714845217,-0.0152554385010042,0.005261983418948));
#5268=CARTESIAN_POINT('',(-0.0108495860743445,-0.015396852192634,0.00550313339934693));
#5269=CARTESIAN_POINT('',(-0.0108917191475194,-0.0153658465454586,0.00553414035858209));
#5270=CARTESIAN_POINT('',(-0.0109373924717564,-0.0153083325793006,0.00554384831324214));
#5271=CARTESIAN_POINT('',(-0.0109619817294315,-0.0152554390458892,0.0055271442395982));
#5272=CARTESIAN_POINT('',(-0.01096198324837,-0.0152554385007845,0.005527148201807));
#5273=CARTESIAN_POINT('',(-0.01122714845217,-0.0152554385010042,0.005261983418948));
#5274=CARTESIAN_POINT('',(-0.01121414273895,-0.0152658467161326,0.005281125486771));
#5275=CARTESIAN_POINT('',(-0.01118591667471,-0.0152823390215044,0.005319858986976));
#5276=CARTESIAN_POINT('',(-0.01113536830121,-0.0152951665969376,0.005379210346627));
#5277=CARTESIAN_POINT('',(-0.01107929150524,-0.0152951842671708,0.005435296578029));
#5278=CARTESIAN_POINT('',(-0.01101984622315,-0.0152823375267021,0.005485930234962));
#5279=CARTESIAN_POINT('',(-0.01098111758563,-0.0152658394550784,0.005514145934348));
#5280=CARTESIAN_POINT('',(-0.01096198324837,-0.0152554385007845,0.005527148201807));
#5281=CARTESIAN_POINT('',(-0.0113972279044792,-0.0150841071821022,0.00469614667814207));
#5282=CARTESIAN_POINT('',(-0.0113973947032129,-0.0150839403833697,0.00474672132290657));
#5283=CARTESIAN_POINT('',(-0.011389110397403,-0.0150922246891784,0.00486474089947293));
#5284=CARTESIAN_POINT('',(-0.0113442459700593,-0.015137089116527,0.00504519738422222));
#5285=CARTESIAN_POINT('',(-0.0112808550788866,-0.0152004800076946,0.00517892776346342));
#5286=CARTESIAN_POINT('',(-0.011236468215038,-0.015244866871542,0.00524837937853944));
#5287=CARTESIAN_POINT('',(-0.0112250631404883,-0.0152562719460929,0.00526504729549398));
#5288=CARTESIAN_POINT('',(-0.0114082039473597,-0.0151495659177634,0.0046963506861346));
#5289=CARTESIAN_POINT('',(-0.011408362879173,-0.0151494069859502,0.0047442510880298));
#5290=CARTESIAN_POINT('',(-0.0114005203763864,-0.015157249488737,0.00485602508283251));
#5291=CARTESIAN_POINT('',(-0.011357937063359,-0.0151998328017648,0.00502749645401682));
#5292=CARTESIAN_POINT('',(-0.011297340167566,-0.0152604296975571,0.00515546093956429));
#5293=CARTESIAN_POINT('',(-0.0112546775252369,-0.0153030923398846,0.00522221555156622));
#5294=CARTESIAN_POINT('',(-0.0112437030036925,-0.0153140668614277,0.00523825359212121));
#5295=CARTESIAN_POINT('',(-0.0113878021193872,-0.0152127229857065,0.00469666356866247));
#5296=CARTESIAN_POINT('',(-0.0113879489858809,-0.0152125761192126,0.00474046254366064));
#5297=CARTESIAN_POINT('',(-0.0113807840665781,-0.0152197410385167,0.00484265782842106));
#5298=CARTESIAN_POINT('',(-0.0113416992479215,-0.0152588258571719,0.00500034893047947));
#5299=CARTESIAN_POINT('',(-0.011285387440782,-0.0153151376643087,0.00511947039292432));
#5300=CARTESIAN_POINT('',(-0.0112453691987084,-0.0153551559063842,0.00518208867120926));
#5301=CARTESIAN_POINT('',(-0.0112350550067489,-0.0153654700983414,0.00519716068431849));
#5302=CARTESIAN_POINT('',(-0.0113406078448026,-0.0152593876530789,0.00469701501924949));
#5303=CARTESIAN_POINT('',(-0.0113407411587217,-0.0152592543391589,0.00473620699717333));
#5304=CARTESIAN_POINT('',(-0.0113343373465174,-0.015265658151365,0.00482764283400082));
#5305=CARTESIAN_POINT('',(-0.0112991822707871,-0.0153008132270928,0.00496985501588173));
#5306=CARTESIAN_POINT('',(-0.0112476837618959,-0.0153523117359808,0.00507904340318259));
#5307=CARTESIAN_POINT('',(-0.0112106358870977,-0.0153893596107836,0.00513701547471668));
#5308=CARTESIAN_POINT('',(-0.0112010634215042,-0.0153989320763742,0.00515100238117195));
#5309=CARTESIAN_POINT('',(-0.0114,-0.015117157287808,0.004699999998594));
#5310=CARTESIAN_POINT('',(-0.0114000000002713,-0.0151172634396661,0.00489297988736637));
#5311=CARTESIAN_POINT('',(-0.0113422846326017,-0.0151633571773982,0.00509252170037808));
#5312=CARTESIAN_POINT('',(-0.0112271484831468,-0.0152554385010042,0.00526198343999436));
#5313=CARTESIAN_POINT('',(-0.0104,-0.011156124305491,0.0047));
#5314=CARTESIAN_POINT('',(-0.0109619834396689,-0.0152554385007845,0.00552714848336796));
#5315=CARTESIAN_POINT('',(-0.0107925288012176,-0.0151633743554077,0.00564227980803284));
#5316=CARTESIAN_POINT('',(-0.0105929884727427,-0.0151172806178106,0.0057));
#5317=CARTESIAN_POINT('',(-0.0104,-0.0151171572879932,0.0057));
#5318=CARTESIAN_POINT('',(-0.0109650429237699,-0.0152562692972749,0.00552506453384247));
#5319=CARTESIAN_POINT('',(-0.0109567321325012,-0.0152505838819271,0.00553074994919034));
#5320=CARTESIAN_POINT('',(-0.0108930666060472,-0.015208486981726,0.00557284684939188));
#5321=CARTESIAN_POINT('',(-0.0107641963866663,-0.0151431328960949,0.00563820093502281));
#5322=CARTESIAN_POINT('',(-0.0105733679595719,-0.015093052939189,0.00568828089192886));
#5323=CARTESIAN_POINT('',(-0.0104487226342873,-0.0150839401830954,0.00569739364802237));
#5324=CARTESIAN_POINT('',(-0.0103961463165073,-0.0150841097589221,0.00569722407219571));
#5325=CARTESIAN_POINT('',(-0.0109382515811278,-0.0153140597179128,0.00554370402972616));
#5326=CARTESIAN_POINT('',(-0.0109302549971464,-0.015308588951681,0.00554917479595799));
#5327=CARTESIAN_POINT('',(-0.0108690301102573,-0.0152681047371554,0.00558965901048382));
#5328=CARTESIAN_POINT('',(-0.0107455861796733,-0.0152055721888051,0.00565219155883419));
#5329=CARTESIAN_POINT('',(-0.0105641959384545,-0.0151580284741485,0.00569973527349095));
#5330=CARTESIAN_POINT('',(-0.0104461469047226,-0.015149401927763,0.0057083618198763));
#5331=CARTESIAN_POINT('',(-0.0103963504296331,-0.0151495637133455,0.00570820003429376));
#5332=CARTESIAN_POINT('',(-0.0108971626353706,-0.0153654596892587,0.00553505959623621));
#5333=CARTESIAN_POINT('',(-0.0108896479401229,-0.0153603181228734,0.00554020116262151));
#5334=CARTESIAN_POINT('',(-0.0108321661768263,-0.0153223072279994,0.00557821205749524));
#5335=CARTESIAN_POINT('',(-0.0107170443556984,-0.0152641019727541,0.00563641731274069));
#5336=CARTESIAN_POINT('',(-0.0105501291302668,-0.0152204480041849,0.00568007128131022));
#5337=CARTESIAN_POINT('',(-0.0104421965983211,-0.0152125671406341,0.00568795214486059));
#5338=CARTESIAN_POINT('',(-0.0103966634707993,-0.0152127169785914,0.00568780230690337));
#5339=CARTESIAN_POINT('',(-0.0108510077710426,-0.0153989215306008,0.00550107406680757));
#5340=CARTESIAN_POINT('',(-0.0108440343773232,-0.0153941497516114,0.00550584584579696));
#5341=CARTESIAN_POINT('',(-0.0107907572330139,-0.015358917115728,0.00554107848167998));
#5342=CARTESIAN_POINT('',(-0.0106849835668633,-0.0153055726721319,0.00559442292527624));
#5343=CARTESIAN_POINT('',(-0.010534328003913,-0.0152662880223573,0.00563370757505128));
#5344=CARTESIAN_POINT('',(-0.010437759252638,-0.0152592447780112,0.00564075081939692));
#5345=CARTESIAN_POINT('',(-0.0103970151072847,-0.0152593811953024,0.00564061440210569));
#5346=CARTESIAN_POINT('',(-0.01084958675172,-0.0153968581487757,0.005503138434741));
#5347=CARTESIAN_POINT('',(-0.01080169752558,-0.0153643219759516,0.005535674607566));
#5348=CARTESIAN_POINT('',(-0.01070273248186,-0.015312097683906,0.005587903910412));
#5349=CARTESIAN_POINT('',(-0.01054951507109,-0.0152676406695445,0.005632358875065));
#5350=CARTESIAN_POINT('',(-0.01044975413362,-0.0152585978555854,0.005641402144113));
#5351=CARTESIAN_POINT('',(-0.0104,-0.0152585786436118,0.005641421356086));
#5352=CARTESIAN_POINT('',(0.,-0.01545,0.00545));
#5353=CARTESIAN_POINT('',(0.01060502525337,-0.0156414245898337,0.005258581876205));
#5354=CARTESIAN_POINT('',(0.01060502525337,-0.0156414245898337,0.005258581876205));
#5355=CARTESIAN_POINT('',(0.01084958675183,-0.0153968575489833,0.005503137834917));
#5356=CARTESIAN_POINT('',(0.01084958675183,-0.0153968575489833,0.005503137834917));
#5357=CARTESIAN_POINT('',(0.0104,-0.0152585786436717,0.005641421356146));
#5358=CARTESIAN_POINT('',(0.01043757622781,-0.0152585912432428,0.005641408756575));
#5359=CARTESIAN_POINT('',(0.01051289867933,-0.0152638300291752,0.00563617013577));
#5360=CARTESIAN_POINT('',(0.01062678021936,-0.0152883474251984,0.005611651997766));
#5361=CARTESIAN_POINT('',(0.01074040882224,-0.015331112130371,0.005568890012825));
#5362=CARTESIAN_POINT('',(0.01081382630023,-0.0153725581547212,0.005527437229179));
#5363=CARTESIAN_POINT('',(0.01084958675183,-0.0153968575489833,0.005503137834917));
#5364=CARTESIAN_POINT('',(0.0110757607639,-0.0148171324549163,0.005375760763897));
#5365=CARTESIAN_POINT('',(0.01060502525337,-0.0156414213568143,0.00525857864318558));
#5366=CARTESIAN_POINT('',(0.0107951676073724,-0.0156708274023275,0.00522917259735166));
#5367=CARTESIAN_POINT('',(0.0109294235569058,-0.015670576443097,0.00509449964611822));
#5368=CARTESIAN_POINT('',(0.0109585786423159,-0.0156414213576869,0.00490502525171967));
#5369=CARTESIAN_POINT('',(0.01095858131255,-0.0156414240266923,0.004905025250491));
#5370=CARTESIAN_POINT('',(0.01120313843474,-0.0153968581487757,0.005149586751723));
#5371=CARTESIAN_POINT('',(0.01120313843474,-0.0153968581487757,0.005149586751723));
#5372=CARTESIAN_POINT('',(0.0112031401427621,-0.0153968598572407,0.00514958675216587));
#5373=CARTESIAN_POINT('',(0.0111283210454427,-0.0154716789545602,0.00527372325832152));
#5374=CARTESIAN_POINT('',(0.0109735905053867,-0.0154716128947925,0.00542838710541217));
#5375=CARTESIAN_POINT('',(0.01084958675183,-0.0153968598570331,0.00550314014296677));
#5376=CARTESIAN_POINT('',(0.0109607287600323,-0.0152534951273912,0.00552798960767261));
#5377=CARTESIAN_POINT('',(0.0109728969774213,-0.0152601951187658,0.00551974843650089));
#5378=CARTESIAN_POINT('',(0.0110086631597231,-0.0152771404424445,0.00549441050950509));
#5379=CARTESIAN_POINT('',(0.0110687875660023,-0.0152935334176777,0.00544543074509826));
#5380=CARTESIAN_POINT('',(0.0111362088850884,-0.0152948546240967,0.00537894374374119));
#5381=CARTESIAN_POINT('',(0.0111892675434886,-0.0152798638111831,0.00531558877145665));
#5382=CARTESIAN_POINT('',(0.0112175031713378,-0.0152620194463746,0.00527620977891824));
#5383=CARTESIAN_POINT('',(0.0112279903928217,-0.0152534974464785,0.00526072931919812));
#5384=CARTESIAN_POINT('',(0.0109334142311696,-0.0153117563276556,0.00554692818615595));
#5385=CARTESIAN_POINT('',(0.0109480466257565,-0.0153199605414927,0.00553761142616657));
#5386=CARTESIAN_POINT('',(0.010990955492842,-0.0153406824406632,0.00550879927544262));
#5387=CARTESIAN_POINT('',(0.0110624555784963,-0.0153606227645228,0.0054523115327692));
#5388=CARTESIAN_POINT('',(0.0111415787599691,-0.0153622257881946,0.00537444350082712));
#5389=CARTESIAN_POINT('',(0.0112029201051462,-0.0153440028859449,0.00529924103529394));
#5390=CARTESIAN_POINT('',(0.0112350728079901,-0.0153221948445347,0.00525202997821323));
#5391=CARTESIAN_POINT('',(0.011246928541622,-0.0153117600021142,0.00523341510204119));
#5392=CARTESIAN_POINT('',(0.0108916914487729,-0.0153635012683114,0.0055379302361775));
#5393=CARTESIAN_POINT('',(0.0109081318215937,-0.0153730414639289,0.00552791563495805));
#5394=CARTESIAN_POINT('',(0.0109562658716877,-0.0153971175451934,0.00549680946305295));
#5395=CARTESIAN_POINT('',(0.0110359892007028,-0.0154202084623009,0.00543518415917759));
#5396=CARTESIAN_POINT('',(0.0111233977096905,-0.0154220617832022,0.0053492864547386));
#5397=CARTESIAN_POINT('',(0.0111904371264672,-0.0154009682866268,0.00526554264932135));
#5398=CARTESIAN_POINT('',(0.0112251866144986,-0.0153756398884506,0.00521260711081237));
#5399=CARTESIAN_POINT('',(0.0112379301857764,-0.0153635061465489,0.00519169257889497));
#5400=CARTESIAN_POINT('',(0.010845116054714,-0.015396877352939,0.00550305489139088));
#5401=CARTESIAN_POINT('',(0.0108622940464955,-0.015407279272242,0.00549288006183639));
#5402=CARTESIAN_POINT('',(0.0109125388243118,-0.0154335188397142,0.00546118559422158));
#5403=CARTESIAN_POINT('',(0.0109954492206046,-0.0154586419258711,0.00539797005987811));
#5404=CARTESIAN_POINT('',(0.0110858285443855,-0.0154606566913777,0.00530923345686262));
#5405=CARTESIAN_POINT('',(0.0111546761050081,-0.0154377116282929,0.00522221107506371));
#5406=CARTESIAN_POINT('',(0.0111901072082214,-0.0154101125593255,0.00516696996849035));
#5407=CARTESIAN_POINT('',(0.0112030545519029,-0.015396883007628,0.00514511733224539));
#5408=CARTESIAN_POINT('',(0.0109619858976194,-0.0152554421447688,0.005527140563333));
#5409=CARTESIAN_POINT('',(0.0109373958100845,-0.0153083347063602,0.00554384480418584));
#5410=CARTESIAN_POINT('',(0.0108917209671354,-0.0153658466245771,0.00553413711225745));
#5411=CARTESIAN_POINT('',(0.0108495864208719,-0.0153968501698561,0.00550313090585056));
#5412=CARTESIAN_POINT('',(0.01096198341895,-0.0152554385010042,0.005527148452166));
#5413=CARTESIAN_POINT('',(0.0112031333993483,-0.0153968521926326,0.00514958607434477));
#5414=CARTESIAN_POINT('',(0.0112341403585822,-0.0153658465454571,0.00519171914752023));
#5415=CARTESIAN_POINT('',(0.0112438483132421,-0.0153083325792991,0.0052373924717553));
#5416=CARTESIAN_POINT('',(0.0112271442396001,-0.015255439045888,0.00526198172943196));
#5417=CARTESIAN_POINT('',(0.01122714820181,-0.0152554385007845,0.005261983248374));
#5418=CARTESIAN_POINT('',(0.01096198341895,-0.0152554385010042,0.005527148452166));
#5419=CARTESIAN_POINT('',(0.01098112548677,-0.0152658467161326,0.005514142738952));
#5420=CARTESIAN_POINT('',(0.01101985898698,-0.0152823390215044,0.005485916674709));
#5421=CARTESIAN_POINT('',(0.01107921034663,-0.0152951665969376,0.005435368301205));
#5422=CARTESIAN_POINT('',(0.01113529657803,-0.0152951842671708,0.005379291505238));
#5423=CARTESIAN_POINT('',(0.01118593023496,-0.0152823375267021,0.005319846223153));
#5424=CARTESIAN_POINT('',(0.01121414593435,-0.0152658394550784,0.005281117585632));
#5425=CARTESIAN_POINT('',(0.01122714820181,-0.0152554385007845,0.005261983248374));
#5426=CARTESIAN_POINT('',(0.0103961466781445,-0.0150841071821001,0.00569722790448025));
#5427=CARTESIAN_POINT('',(0.0104467213229059,-0.0150839403833677,0.00569739470321245));
#5428=CARTESIAN_POINT('',(0.0105647408994727,-0.0150922246891766,0.00568911039740357));
#5429=CARTESIAN_POINT('',(0.0107451973842265,-0.0151370891165251,0.00564424597005537));
#5430=CARTESIAN_POINT('',(0.010878927763466,-0.0152004800076932,0.0055808550788874));
#5431=CARTESIAN_POINT('',(0.0109483793785419,-0.015244866871541,0.00553646821503913));
#5432=CARTESIAN_POINT('',(0.0109650472954975,-0.0152562719460923,0.00552506314048818));
#5433=CARTESIAN_POINT('',(0.0103963506861374,-0.0151495659177619,0.00570820394735983));
#5434=CARTESIAN_POINT('',(0.0104442510880295,-0.0151494069859488,0.0057083628791729));
#5435=CARTESIAN_POINT('',(0.0105560250828347,-0.0151572494887357,0.005700520376386));
#5436=CARTESIAN_POINT('',(0.0107274964540202,-0.0151998328017635,0.00565793706335816));
#5437=CARTESIAN_POINT('',(0.0108554609395636,-0.0152604296975562,0.00559734016756584));
#5438=CARTESIAN_POINT('',(0.0109222155515689,-0.0153030923398841,0.00555467752523749));
#5439=CARTESIAN_POINT('',(0.0109382535921253,-0.0153140668614276,0.00554370300369416));
#5440=CARTESIAN_POINT('',(0.0103966635686658,-0.0152127229857058,0.00568780211938574));
#5441=CARTESIAN_POINT('',(0.0104404625436636,-0.015212576119212,0.00568794898587988));
#5442=CARTESIAN_POINT('',(0.0105426578284208,-0.0152197410385162,0.0056807840665756));
#5443=CARTESIAN_POINT('',(0.0107003489304797,-0.0152588258571713,0.00564169924791992));
#5444=CARTESIAN_POINT('',(0.0108194703929228,-0.0153151376643085,0.00558538744078304));
#5445=CARTESIAN_POINT('',(0.0108820886712118,-0.0153551559063843,0.00554536919870719));
#5446=CARTESIAN_POINT('',(0.0108971606843214,-0.015365470098342,0.00553505500674955));
#5447=CARTESIAN_POINT('',(0.0103970150192495,-0.0152593876530787,0.0056406078448005));
#5448=CARTESIAN_POINT('',(0.0104362069971722,-0.0152592543391588,0.00564074115872096));
#5449=CARTESIAN_POINT('',(0.0105276428339997,-0.015265658151365,0.00563433734651431));
#5450=CARTESIAN_POINT('',(0.0106698550158835,-0.0153008132270928,0.00559918227078646));
#5451=CARTESIAN_POINT('',(0.0107790434031811,-0.0153523117359809,0.00554768376189863));
#5452=CARTESIAN_POINT('',(0.0108370154747203,-0.0153893596107841,0.0055106358870953));
#5453=CARTESIAN_POINT('',(0.0108510023811742,-0.0153989320763751,0.00550106342150426));
#5454=CARTESIAN_POINT('',(0.01039999999859,-0.015117157287808,0.0057));
#5455=CARTESIAN_POINT('',(0.0105929798873263,-0.0151172634396661,0.0057000000002721));
#5456=CARTESIAN_POINT('',(0.0107925217003476,-0.0151633571773982,0.00564228463262343));
#5457=CARTESIAN_POINT('',(0.0109619834399976,-0.0152554385010042,0.00552714848314464));
#5458=CARTESIAN_POINT('',(0.0104,-0.011156124305491,0.0047));
#5459=CARTESIAN_POINT('',(0.011227148483367,-0.0152554385007845,0.00526198343967024));
#5460=CARTESIAN_POINT('',(0.0113422798080366,-0.0151633743554077,0.00509252880121274));
#5461=CARTESIAN_POINT('',(0.0114,-0.0151172806178106,0.00489298847273601));
#5462=CARTESIAN_POINT('',(0.0114,-0.0151171572879932,0.0047));
#5463=CARTESIAN_POINT('',(0.0112250645338412,-0.0152562692972735,0.005265042923768));
#5464=CARTESIAN_POINT('',(0.0112307499491891,-0.0152505838819257,0.0052567321324993));
#5465=CARTESIAN_POINT('',(0.0112728468493904,-0.0152084869817246,0.00519306660604806));
#5466=CARTESIAN_POINT('',(0.0113382009350264,-0.0151431328960935,0.00506419638666346));
#5467=CARTESIAN_POINT('',(0.011388280891927,-0.015093052939188,0.00487336795957251));
#5468=CARTESIAN_POINT('',(0.0113973936480206,-0.0150839401830941,0.00474872263428619));
#5469=CARTESIAN_POINT('',(0.0113972240721941,-0.0150841097589205,0.00469614631650978));
#5470=CARTESIAN_POINT('',(0.0112437040297265,-0.0153140597179123,0.00523825158112918));
#5471=CARTESIAN_POINT('',(0.0112491747959585,-0.0153085889516805,0.00523025499714781));
#5472=CARTESIAN_POINT('',(0.0112896590104871,-0.0152681047371549,0.00516903011026078));
#5473=CARTESIAN_POINT('',(0.0113521915588381,-0.0152055721888045,0.00504558617966983));
#5474=CARTESIAN_POINT('',(0.011399735273488,-0.0151580284741482,0.00486419593845811));
#5475=CARTESIAN_POINT('',(0.0114083618198762,-0.0151494019277626,0.00474614690472194));
#5476=CARTESIAN_POINT('',(0.0114082000342955,-0.0151495637133448,0.00469635042963503));
#5477=CARTESIAN_POINT('',(0.0112350595962357,-0.0153654596892589,0.00519716263537318));
#5478=CARTESIAN_POINT('',(0.011240201162621,-0.0153603181228736,0.00518964794012585));
#5479=CARTESIAN_POINT('',(0.0112782120574984,-0.0153223072279996,0.00513216617683012));
#5480=CARTESIAN_POINT('',(0.0113364173127431,-0.0152641019727544,0.00501704435569462));
#5481=CARTESIAN_POINT('',(0.0113800712813096,-0.0152204480041855,0.00485012913026861));
#5482=CARTESIAN_POINT('',(0.0113879521448614,-0.0152125671406346,0.00474219659831972));
#5483=CARTESIAN_POINT('',(0.0113878023069064,-0.0152127169785916,0.00469666347080043));
#5484=CARTESIAN_POINT('',(0.0112010740668042,-0.0153989215306013,0.00515100777104347));
#5485=CARTESIAN_POINT('',(0.0112058458457931,-0.0153941497516119,0.00514403437732456));
#5486=CARTESIAN_POINT('',(0.0112410784816781,-0.0153589171157286,0.00509075723301634));
#5487=CARTESIAN_POINT('',(0.0112944229252763,-0.0153055726721325,0.0049849835668602));
#5488=CARTESIAN_POINT('',(0.011333707575049,-0.0152662880223582,0.00483432800391708));
#5489=CARTESIAN_POINT('',(0.011340750819398,-0.0152592447780121,0.00473775925263739));
#5490=CARTESIAN_POINT('',(0.0113406144021089,-0.0152593811953031,0.00469701510728686));
#5491=CARTESIAN_POINT('',(0.01120313843474,-0.0153968581487757,0.005149586751723));
#5492=CARTESIAN_POINT('',(0.01123567460757,-0.0153643219759517,0.005101697525577));
#5493=CARTESIAN_POINT('',(0.01128790391041,-0.015312097683906,0.005002732481856));
#5494=CARTESIAN_POINT('',(0.01133235887507,-0.0152676406695445,0.004849515071095));
#5495=CARTESIAN_POINT('',(0.01134140214411,-0.0152585978555854,0.004749754133622));
#5496=CARTESIAN_POINT('',(0.01134142135609,-0.0152585786436118,0.0047));
#5497=CARTESIAN_POINT('',(0.01115,-0.01545,1.132427485118E-17));
#5498=CARTESIAN_POINT('',(0.0109585818762,-0.0156414245898337,-0.004905025253373));
#5499=CARTESIAN_POINT('',(0.0109585818762,-0.0156414245898337,-0.004905025253373));
#5500=CARTESIAN_POINT('',(0.01120313783492,-0.0153968575489833,-0.005149586751834));
#5501=CARTESIAN_POINT('',(0.01120313783492,-0.0153968575489833,-0.005149586751834));
#5502=CARTESIAN_POINT('',(0.01134142135615,-0.0152585786436717,-0.0047));
#5503=CARTESIAN_POINT('',(0.01134140875658,-0.0152585912432428,-0.004737576227812));
#5504=CARTESIAN_POINT('',(0.01133617013577,-0.0152638300291752,-0.004812898679327));
#5505=CARTESIAN_POINT('',(0.01131165199777,-0.0152883474251983,-0.004926780219359));
#5506=CARTESIAN_POINT('',(0.01126889001282,-0.015331112130371,-0.005040408822237));
#5507=CARTESIAN_POINT('',(0.01122743722918,-0.0153725581547212,-0.005113826300227));
#5508=CARTESIAN_POINT('',(0.01120313783492,-0.0153968575489833,-0.005149586751834));
#5509=CARTESIAN_POINT('',(0.0110757607639,-0.0148171324549163,-0.005375760763897));
#5510=CARTESIAN_POINT('',(0.0109585786431846,-0.0156414213568183,-0.00490502525337299));
#5511=CARTESIAN_POINT('',(0.0109291725973643,-0.0156708274023137,-0.00509516760731966));
#5512=CARTESIAN_POINT('',(0.0107944996461737,-0.0156705764431136,-0.00522942355688628));
#5513=CARTESIAN_POINT('',(0.0106050252517227,-0.0156414213576869,-0.00525857864231294));
#5514=CARTESIAN_POINT('',(0.01060502525049,-0.0156414240266923,-0.005258581312551));
#5515=CARTESIAN_POINT('',(0.01084958675172,-0.0153968581487757,-0.005503138434741));
#5516=CARTESIAN_POINT('',(0.01084958675172,-0.0153968581487757,-0.005503138434741));
#5517=CARTESIAN_POINT('',(0.0108495867521682,-0.0153968598572414,-0.00550314014275847));
#5518=CARTESIAN_POINT('',(0.0109737232584813,-0.0154716789546355,-0.00542832104536434));
#5519=CARTESIAN_POINT('',(0.0111283871053772,-0.0154716128948279,-0.00527359050545076));
#5520=CARTESIAN_POINT('',(0.0112031401429698,-0.0153968598570331,-0.005149586751834));
#5521=CARTESIAN_POINT('',(0.0112279896076741,-0.0152534951273905,-0.00526072876002918));
#5522=CARTESIAN_POINT('',(0.0112197484365007,-0.0152601951187656,-0.00527289697741686));
#5523=CARTESIAN_POINT('',(0.0111944105095037,-0.0152771404424449,-0.00530866315972374));
#5524=CARTESIAN_POINT('',(0.0111454307450994,-0.0152935334176782,-0.00536878756600285));
#5525=CARTESIAN_POINT('',(0.0110789437437417,-0.0152948546240973,-0.00543620888508759));
#5526=CARTESIAN_POINT('',(0.0110155887714537,-0.0152798638111835,-0.00548926754349046));
#5527=CARTESIAN_POINT('',(0.010976209778916,-0.0152620194463748,-0.00551750317133786));
#5528=CARTESIAN_POINT('',(0.0109607293191957,-0.0152534974464784,-0.00552799039282092));
#5529=CARTESIAN_POINT('',(0.0112469281861553,-0.0153117563276527,-0.00523341423116551));
#5530=CARTESIAN_POINT('',(0.0112376114261657,-0.0153199605414904,-0.00524804662575283));
#5531=CARTESIAN_POINT('',(0.0112087992754402,-0.0153406824406614,-0.00529095549284265));
#5532=CARTESIAN_POINT('',(0.0111523115327674,-0.0153606227645212,-0.0053624555784992));
#5533=CARTESIAN_POINT('',(0.0110744435008304,-0.0153622257881929,-0.00544157875996972));
#5534=CARTESIAN_POINT('',(0.0109992410352909,-0.0153440028859432,-0.00550292010514704));
#5535=CARTESIAN_POINT('',(0.0109520299782126,-0.0153221948445328,-0.00553507280799106));
#5536=CARTESIAN_POINT('',(0.0109334151020413,-0.0153117600021121,-0.00554692854162304));
#5537=CARTESIAN_POINT('',(0.0112379302361792,-0.0153635012683069,-0.00519169144877117));
#5538=CARTESIAN_POINT('',(0.0112279156349599,-0.0153730414639251,-0.00520813182159185));
#5539=CARTESIAN_POINT('',(0.0111968094630523,-0.0153971175451901,-0.00525626587169126));
#5540=CARTESIAN_POINT('',(0.0111351841591806,-0.0154202084622977,-0.00533598920070398));
#5541=CARTESIAN_POINT('',(0.0110492864547428,-0.015422061783199,-0.00542339770969063));
#5542=CARTESIAN_POINT('',(0.0109655426493229,-0.0154009682866236,-0.00549043712646841));
#5543=CARTESIAN_POINT('',(0.0109126071108129,-0.0153756398884474,-0.00552518661450136));
#5544=CARTESIAN_POINT('',(0.0108916925788943,-0.0153635061465455,-0.00553793018577858));
#5545=CARTESIAN_POINT('',(0.0112030548913958,-0.0153968773529346,-0.00514511605471618));
#5546=CARTESIAN_POINT('',(0.0111928800618424,-0.0154072792722383,-0.00516229404649809));
#5547=CARTESIAN_POINT('',(0.0111611855942233,-0.0154335188397111,-0.00521253882431651));
#5548=CARTESIAN_POINT('',(0.0110979700598833,-0.0154586419258681,-0.00529544922060877));
#5549=CARTESIAN_POINT('',(0.0110092334568635,-0.0154606566913747,-0.0053858285443854));
#5550=CARTESIAN_POINT('',(0.0109222110750691,-0.01543771162829,-0.00545467610500804));
#5551=CARTESIAN_POINT('',(0.0108669699684915,-0.0154101125593224,-0.00549010720822431));
#5552=CARTESIAN_POINT('',(0.0108451173322469,-0.0153968830076246,-0.0055030545519063));
#5553=CARTESIAN_POINT('',(0.0112271405633339,-0.0152554421447694,-0.00526198589761656));
#5554=CARTESIAN_POINT('',(0.011243844804185,-0.0153083347063593,-0.00523739581008072));
#5555=CARTESIAN_POINT('',(0.0112341371122586,-0.0153658466245743,-0.00519172096713376));
#5556=CARTESIAN_POINT('',(0.0112031309058541,-0.0153968501698531,-0.00514958642087325));
#5557=CARTESIAN_POINT('',(0.01122714845217,-0.0152554385010042,-0.005261983418948));
#5558=CARTESIAN_POINT('',(0.0108495860743445,-0.015396852192634,-0.00550313339934693));
#5559=CARTESIAN_POINT('',(0.0108917191475194,-0.0153658465454586,-0.00553414035858209));
#5560=CARTESIAN_POINT('',(0.0109373924717564,-0.0153083325793006,-0.00554384831324214));
#5561=CARTESIAN_POINT('',(0.0109619817294315,-0.0152554390458892,-0.00552714423959821));
#5562=CARTESIAN_POINT('',(0.01096198324837,-0.0152554385007845,-0.005527148201807));
#5563=CARTESIAN_POINT('',(0.01122714845217,-0.0152554385010042,-0.005261983418948));
#5564=CARTESIAN_POINT('',(0.01121414273895,-0.0152658467161326,-0.005281125486771));
#5565=CARTESIAN_POINT('',(0.01118591667471,-0.0152823390215044,-0.005319858986976));
#5566=CARTESIAN_POINT('',(0.01113536830121,-0.0152951665969376,-0.005379210346627));
#5567=CARTESIAN_POINT('',(0.01107929150524,-0.0152951842671708,-0.005435296578029));
#5568=CARTESIAN_POINT('',(0.01101984622315,-0.0152823375267021,-0.005485930234962));
#5569=CARTESIAN_POINT('',(0.01098111758563,-0.0152658394550784,-0.005514145934348));
#5570=CARTESIAN_POINT('',(0.01096198324837,-0.0152554385007845,-0.005527148201807));
#5571=CARTESIAN_POINT('',(0.0113972279044792,-0.015084107182102,-0.00469614667814159));
#5572=CARTESIAN_POINT('',(0.0113973947032128,-0.0150839403833695,-0.00474672132290659));
#5573=CARTESIAN_POINT('',(0.011389110397403,-0.0150922246891783,-0.00486474089947296));
#5574=CARTESIAN_POINT('',(0.0113442459700593,-0.0151370891165269,-0.00504519738422227));
#5575=CARTESIAN_POINT('',(0.0112808550788865,-0.0152004800076946,-0.00517892776346354));
#5576=CARTESIAN_POINT('',(0.0112364682150379,-0.015244866871542,-0.00524837937853901));
#5577=CARTESIAN_POINT('',(0.0112250631404882,-0.0152562719460929,-0.00526504729549391));
#5578=CARTESIAN_POINT('',(0.0114082039473598,-0.0151495659177633,-0.00469635068613451));
#5579=CARTESIAN_POINT('',(0.011408362879173,-0.0151494069859501,-0.00474425108802982));
#5580=CARTESIAN_POINT('',(0.0114005203763864,-0.015157249488737,-0.00485602508283253));
#5581=CARTESIAN_POINT('',(0.011357937063359,-0.0151998328017648,-0.00502749645401686));
#5582=CARTESIAN_POINT('',(0.011297340167566,-0.0152604296975571,-0.00515546093956441));
#5583=CARTESIAN_POINT('',(0.0112546775252369,-0.0153030923398846,-0.0052222155515663));
#5584=CARTESIAN_POINT('',(0.0112437030036924,-0.0153140668614277,-0.0052382535921214));
#5585=CARTESIAN_POINT('',(0.0113878021193872,-0.0152127229857065,-0.00469666356866245));
#5586=CARTESIAN_POINT('',(0.0113879489858809,-0.0152125761192126,-0.00474046254366064));
#5587=CARTESIAN_POINT('',(0.0113807840665782,-0.0152197410385167,-0.00484265782842107));
#5588=CARTESIAN_POINT('',(0.0113416992479215,-0.0152588258571719,-0.0050003489304795));
#5589=CARTESIAN_POINT('',(0.011285387440782,-0.0153151376643087,-0.00511947039292441));
#5590=CARTESIAN_POINT('',(0.0112453691987084,-0.0153551559063842,-0.00518208867120939));
#5591=CARTESIAN_POINT('',(0.0112350550067488,-0.0153654700983415,-0.00519716068431868));
#5592=CARTESIAN_POINT('',(0.0113406078448026,-0.0152593876530789,-0.00469701501924949));
#5593=CARTESIAN_POINT('',(0.0113407411587217,-0.0152592543391589,-0.00473620699717334));
#5594=CARTESIAN_POINT('',(0.0113343373465174,-0.0152656581513651,-0.00482764283400082));
#5595=CARTESIAN_POINT('',(0.0112991822707872,-0.0153008132270929,-0.00496985501588172));
#5596=CARTESIAN_POINT('',(0.0112476837618959,-0.0153523117359808,-0.00507904340318265));
#5597=CARTESIAN_POINT('',(0.0112106358870977,-0.0153893596107837,-0.00513701547471679));
#5598=CARTESIAN_POINT('',(0.0112010634215041,-0.0153989320763743,-0.0051510023811721));
#5599=CARTESIAN_POINT('',(0.0114,-0.015117157287808,-0.004699999998594));
#5600=CARTESIAN_POINT('',(0.0114000000002713,-0.0151172634396661,-0.00489297988736637));
#5601=CARTESIAN_POINT('',(0.0113422846326017,-0.0151633571773982,-0.00509252170037808));
#5602=CARTESIAN_POINT('',(0.0112271484831468,-0.0152554385010042,-0.00526198343999436));
#5603=CARTESIAN_POINT('',(0.0104,-0.011156124305491,-0.0047));
#5604=CARTESIAN_POINT('',(0.0109619834396689,-0.0152554385007845,-0.00552714848336796));
#5605=CARTESIAN_POINT('',(0.0107925288012176,-0.0151633743554077,-0.00564227980803284));
#5606=CARTESIAN_POINT('',(0.0105929884727427,-0.0151172806178106,-0.0057));
#5607=CARTESIAN_POINT('',(0.0104,-0.0151171572879932,-0.0057));
#5608=CARTESIAN_POINT('',(0.0109650429237699,-0.0152562692972749,-0.00552506453384246));
#5609=CARTESIAN_POINT('',(0.0109567321325012,-0.0152505838819271,-0.00553074994919033));
#5610=CARTESIAN_POINT('',(0.0108930666060472,-0.015208486981726,-0.00557284684939188));
#5611=CARTESIAN_POINT('',(0.0107641963866664,-0.0151431328960949,-0.00563820093502281));
#5612=CARTESIAN_POINT('',(0.0105733679595719,-0.0150930529391891,-0.00568828089192887));
#5613=CARTESIAN_POINT('',(0.0104487226342873,-0.0150839401830954,-0.00569739364802237));
#5614=CARTESIAN_POINT('',(0.0103961463165073,-0.015084109758922,-0.00569722407219572));
#5615=CARTESIAN_POINT('',(0.0109382515811278,-0.0153140597179128,-0.00554370402972615));
#5616=CARTESIAN_POINT('',(0.0109302549971464,-0.015308588951681,-0.00554917479595798));
#5617=CARTESIAN_POINT('',(0.0108690301102573,-0.0152681047371554,-0.00558965901048382));
#5618=CARTESIAN_POINT('',(0.0107455861796733,-0.0152055721888051,-0.00565219155883418));
#5619=CARTESIAN_POINT('',(0.0105641959384545,-0.0151580284741485,-0.00569973527349095));
#5620=CARTESIAN_POINT('',(0.0104461469047226,-0.015149401927763,-0.00570836181987629));
#5621=CARTESIAN_POINT('',(0.0103963504296331,-0.0151495637133455,-0.00570820003429375));
#5622=CARTESIAN_POINT('',(0.0108971626353706,-0.0153654596892587,-0.00553505959623621));
#5623=CARTESIAN_POINT('',(0.0108896479401229,-0.0153603181228734,-0.00554020116262151));
#5624=CARTESIAN_POINT('',(0.0108321661768263,-0.0153223072279994,-0.00557821205749524));
#5625=CARTESIAN_POINT('',(0.0107170443556984,-0.0152641019727541,-0.00563641731274069));
#5626=CARTESIAN_POINT('',(0.0105501291302668,-0.0152204480041849,-0.00568007128131022));
#5627=CARTESIAN_POINT('',(0.0104421965983211,-0.0152125671406341,-0.00568795214486059));
#5628=CARTESIAN_POINT('',(0.0103966634707993,-0.0152127169785914,-0.00568780230690337));
#5629=CARTESIAN_POINT('',(0.0108510077710426,-0.0153989215306008,-0.00550107406680756));
#5630=CARTESIAN_POINT('',(0.0108440343773232,-0.0153941497516114,-0.00550584584579696));
#5631=CARTESIAN_POINT('',(0.0107907572330139,-0.015358917115728,-0.00554107848167998));
#5632=CARTESIAN_POINT('',(0.0106849835668633,-0.0153055726721318,-0.00559442292527624));
#5633=CARTESIAN_POINT('',(0.010534328003913,-0.0152662880223572,-0.00563370757505127));
#5634=CARTESIAN_POINT('',(0.010437759252638,-0.0152592447780112,-0.00564075081939692));
#5635=CARTESIAN_POINT('',(0.0103970151072847,-0.0152593811953024,-0.00564061440210569));
#5636=CARTESIAN_POINT('',(0.01084958675172,-0.0153968581487757,-0.005503138434741));
#5637=CARTESIAN_POINT('',(0.01080169752558,-0.0153643219759516,-0.005535674607566));
#5638=CARTESIAN_POINT('',(0.01070273248186,-0.015312097683906,-0.005587903910412));
#5639=CARTESIAN_POINT('',(0.01054951507109,-0.0152676406695445,-0.005632358875065));
#5640=CARTESIAN_POINT('',(0.01044975413362,-0.0152585978555854,-0.005641402144113));
#5641=CARTESIAN_POINT('',(0.0104,-0.0152585786436118,-0.005641421356086));
#5642=CARTESIAN_POINT('',(0.0104,-0.0152585786436118,-0.005641421356086));
#5643=CARTESIAN_POINT('',(0.01039999999891,-0.0151171572879932,-0.0057));
#5644=CARTESIAN_POINT('',(0.01039999999891,-0.0151695171653972,-0.00569999999987753));
#5645=CARTESIAN_POINT('',(0.01039999999891,-0.0152215546193885,-0.00567844538061162));
#5646=CARTESIAN_POINT('',(0.01039999999891,-0.0152585786437629,-0.00564142135623711));
#5647=CARTESIAN_POINT('',(0.0104451946571,-0.0151171572875254,-0.0055));
#5648=CARTESIAN_POINT('',(0.0104,-0.0152585786436118,-0.005641421356086));
#5649=CARTESIAN_POINT('',(-0.0104,-0.0152585786436717,-0.005641421356146));
#5650=CARTESIAN_POINT('',(-0.01040000047336,-0.0151171660761678,-0.005499991211358));
#5651=CARTESIAN_POINT('',(-0.0104,-0.011156124305491,-0.0047));
#5652=CARTESIAN_POINT('',(-0.01039999999859,-0.015117157287808,-0.0057));
#5653=CARTESIAN_POINT('',(-0.0105929798873263,-0.0151172634396661,-0.0057000000002721));
#5654=CARTESIAN_POINT('',(-0.0107925217003476,-0.0151633571773982,-0.00564228463262343));
#5655=CARTESIAN_POINT('',(-0.0109619834399976,-0.0152554385010042,-0.00552714848314464));
#5656=CARTESIAN_POINT('',(-0.0103961466781444,-0.0150841071821002,-0.00569722790448024));
#5657=CARTESIAN_POINT('',(-0.0104467213229059,-0.0150839403833678,-0.00569739470321245));
#5658=CARTESIAN_POINT('',(-0.0105647408994727,-0.0150922246891766,-0.00568911039740358));
#5659=CARTESIAN_POINT('',(-0.0107451973842265,-0.0151370891165251,-0.00564424597005538));
#5660=CARTESIAN_POINT('',(-0.010878927763466,-0.0152004800076932,-0.00558085507888741));
#5661=CARTESIAN_POINT('',(-0.0109483793785418,-0.015244866871541,-0.00553646821503913));
#5662=CARTESIAN_POINT('',(-0.0109650472954975,-0.0152562719460923,-0.00552506314048818));
#5663=CARTESIAN_POINT('',(-0.0103963506861373,-0.0151495659177619,-0.00570820394735983));
#5664=CARTESIAN_POINT('',(-0.0104442510880295,-0.0151494069859488,-0.00570836287917289));
#5665=CARTESIAN_POINT('',(-0.0105560250828347,-0.0151572494887357,-0.005700520376386));
#5666=CARTESIAN_POINT('',(-0.0107274964540202,-0.0151998328017635,-0.00565793706335816));
#5667=CARTESIAN_POINT('',(-0.0108554609395636,-0.0152604296975562,-0.00559734016756583));
#5668=CARTESIAN_POINT('',(-0.0109222155515689,-0.0153030923398841,-0.00555467752523748));
#5669=CARTESIAN_POINT('',(-0.0109382535921253,-0.0153140668614276,-0.00554370300369416));
#5670=CARTESIAN_POINT('',(-0.0103966635686658,-0.0152127229857058,-0.00568780211938575));
#5671=CARTESIAN_POINT('',(-0.0104404625436636,-0.015212576119212,-0.00568794898587989));
#5672=CARTESIAN_POINT('',(-0.0105426578284208,-0.0152197410385162,-0.00568078406657562));
#5673=CARTESIAN_POINT('',(-0.0107003489304798,-0.0152588258571713,-0.00564169924791992));
#5674=CARTESIAN_POINT('',(-0.0108194703929228,-0.0153151376643085,-0.00558538744078305));
#5675=CARTESIAN_POINT('',(-0.0108820886712119,-0.0153551559063843,-0.00554536919870719));
#5676=CARTESIAN_POINT('',(-0.0108971606843214,-0.0153654700983419,-0.00553505500674956));
#5677=CARTESIAN_POINT('',(-0.0103970150192495,-0.0152593876530787,-0.00564060784480053));
#5678=CARTESIAN_POINT('',(-0.0104362069971723,-0.0152592543391588,-0.00564074115872099));
#5679=CARTESIAN_POINT('',(-0.0105276428339997,-0.015265658151365,-0.00563433734651435));
#5680=CARTESIAN_POINT('',(-0.0106698550158835,-0.0153008132270928,-0.00559918227078648));
#5681=CARTESIAN_POINT('',(-0.0107790434031811,-0.0153523117359809,-0.00554768376189865));
#5682=CARTESIAN_POINT('',(-0.0108370154747203,-0.0153893596107841,-0.00551063588709532));
#5683=CARTESIAN_POINT('',(-0.0108510023811742,-0.0153989320763751,-0.00550106342150428));
#5684=CARTESIAN_POINT('',(-0.0104,-0.0152585786436717,-0.005641421356146));
#5685=CARTESIAN_POINT('',(-0.01043757622781,-0.0152585912432428,-0.005641408756575));
#5686=CARTESIAN_POINT('',(-0.01051289867933,-0.0152638300291752,-0.00563617013577));
#5687=CARTESIAN_POINT('',(-0.01062678021936,-0.0152883474251983,-0.005611651997766));
#5688=CARTESIAN_POINT('',(-0.01074040882224,-0.015331112130371,-0.005568890012825));
#5689=CARTESIAN_POINT('',(-0.01081382630023,-0.0153725581547212,-0.005527437229179));
#5690=CARTESIAN_POINT('',(-0.01084958675183,-0.0153968575489833,-0.005503137834917));
#5691=CARTESIAN_POINT('',(0.,-0.01545,-0.00545));
#5692=CARTESIAN_POINT('',(-0.01060502525337,-0.0156414245898337,-0.005258581876205));
#5693=CARTESIAN_POINT('',(-0.0109451946571,-0.0155,-0.005117157287525));
#5694=CARTESIAN_POINT('',(-0.01060502525319,-0.0157,-0.005117157287525));
#5695=CARTESIAN_POINT('',(-0.01060502525319,-0.0157,-0.00516951716481291));
#5696=CARTESIAN_POINT('',(-0.01060502525319,-0.0156784453809555,-0.00522155461874209));
#5697=CARTESIAN_POINT('',(-0.01060502525319,-0.0156414213568141,-0.00525857864318548));
#5698=CARTESIAN_POINT('',(-0.01060502525317,-0.0156999999999987,-0.005117157287525));
#5699=CARTESIAN_POINT('',(0.0106050280717025,-0.0156414213571352,-0.00525857864286438));
#5700=CARTESIAN_POINT('',(0.0106050264804878,-0.0156784453810855,-0.00522155461844396));
#5701=CARTESIAN_POINT('',(0.0106050248892731,-0.0157,-0.00516951716466154));
#5702=CARTESIAN_POINT('',(0.0106050232980585,-0.0157,-0.005117157287525));
#5703=CARTESIAN_POINT('',(0.01060502525317,-0.0156999999999983,-0.005117157287525));
#5704=CARTESIAN_POINT('',(-0.01060502525317,-0.0156999999999987,-0.005117157287525));
#5705=CARTESIAN_POINT('',(-0.010816192998808,-0.0156999977175881,-0.00490290905228949));
#5706=CARTESIAN_POINT('',(-0.0108163025512838,-0.0156999977175881,-0.00491922674923993));
#5707=CARTESIAN_POINT('',(-0.0108135415705489,-0.0156999977175881,-0.00495851082549008));
#5708=CARTESIAN_POINT('',(-0.0107959994394302,-0.0156999977175881,-0.0050150327589966));
#5709=CARTESIAN_POINT('',(-0.010758750241037,-0.0156999977175881,-0.00506546838035431));
#5710=CARTESIAN_POINT('',(-0.0107058252170643,-0.0156999977175881,-0.00510035923911304));
#5711=CARTESIAN_POINT('',(-0.0106512161816182,-0.0156999977175881,-0.00511442698888198));
#5712=CARTESIAN_POINT('',(-0.0106152401594858,-0.0156999977175881,-0.00511627866002812));
#5713=CARTESIAN_POINT('',(-0.0106029129860505,-0.0156999977175881,-0.00511619562650758));
#5714=CARTESIAN_POINT('',(-0.0108706220028008,-0.0157002577185568,-0.00490255017824501));
#5715=CARTESIAN_POINT('',(-0.0108707543684836,-0.0157002577185568,-0.00492163815787552));
#5716=CARTESIAN_POINT('',(-0.0108675238494624,-0.0157002577185568,-0.00496836062552534));
#5717=CARTESIAN_POINT('',(-0.010845905373426,-0.0157002577185568,-0.00503928636202808));
#5718=CARTESIAN_POINT('',(-0.0107969481724808,-0.0157002577185568,-0.00510588344932243));
#5719=CARTESIAN_POINT('',(-0.0107273830859733,-0.0157002577185568,-0.00515145155005248));
#5720=CARTESIAN_POINT('',(-0.0106595876225495,-0.0157002577185568,-0.0051685443498281));
#5721=CARTESIAN_POINT('',(-0.0106169697586081,-0.0157002577185568,-0.0051707225805827));
#5722=CARTESIAN_POINT('',(-0.0106025509266052,-0.0157002577185568,-0.00517062597922681));
#5723=CARTESIAN_POINT('',(-0.0109209115739152,-0.0156794378029065,-0.00490221859727825));
#5724=CARTESIAN_POINT('',(-0.0109210650178166,-0.0156794378029065,-0.00492386617413868));
#5725=CARTESIAN_POINT('',(-0.0109174006698254,-0.0156794378029065,-0.0049774613288827));
#5726=CARTESIAN_POINT('',(-0.0108920158629214,-0.0156794378029065,-0.00506169543081502));
#5727=CARTESIAN_POINT('',(-0.0108322410760625,-0.0156794378029065,-0.0051432248727541));
#5728=CARTESIAN_POINT('',(-0.0107473014365208,-0.0156794378029065,-0.00519865819018881));
#5729=CARTESIAN_POINT('',(-0.0106673223989233,-0.0156794378029065,-0.00521854597896519));
#5730=CARTESIAN_POINT('',(-0.0106185678183123,-0.0156794378029065,-0.00522102593382703));
#5731=CARTESIAN_POINT('',(-0.0106022164024937,-0.0156794378029065,-0.00522091679649625));
#5732=CARTESIAN_POINT('',(-0.0109592254470562,-0.0156407813611855,-0.00490196597728538));
#5733=CARTESIAN_POINT('',(-0.0109593949497191,-0.0156407813611855,-0.00492556362214959));
#5734=CARTESIAN_POINT('',(-0.0109554000825365,-0.0156407813611855,-0.00498439483788237));
#5735=CARTESIAN_POINT('',(-0.0109271458392926,-0.0156407813611855,-0.00507876812003562));
#5736=CARTESIAN_POINT('',(-0.0108591295103932,-0.0156407813611855,-0.00517167400303074));
#5737=CARTESIAN_POINT('',(-0.0107624765342427,-0.0156407813611855,-0.00523462328556423));
#5738=CARTESIAN_POINT('',(-0.0106732152557134,-0.0156407813611855,-0.0052566404791384));
#5739=CARTESIAN_POINT('',(-0.0106197853243572,-0.0156407813611855,-0.00525935030709126));
#5740=CARTESIAN_POINT('',(-0.0106019615402209,-0.0156407813611855,-0.00525923161903764));
#5741=CARTESIAN_POINT('',(-0.0109585786428664,-0.0156414213571382,-0.00490502807170344));
#5742=CARTESIAN_POINT('',(-0.0109215546184462,-0.0156784453810867,-0.00490502648048877));
#5743=CARTESIAN_POINT('',(-0.0108695171646651,-0.0157,-0.00490502488927409));
#5744=CARTESIAN_POINT('',(-0.01081715728753,-0.0157,-0.00490502329805942));
#5745=CARTESIAN_POINT('',(-0.01081715728753,-0.0156999999999983,-0.004905025253169));
#5746=CARTESIAN_POINT('',(-0.01081715728753,-0.0156999999999983,-0.004905025253169));
#5747=CARTESIAN_POINT('',(-0.0108171594148,-0.0156999999999983,-0.004927609655105));
#5748=CARTESIAN_POINT('',(-0.01081241928212,-0.0157000000000008,-0.004969193704914));
#5749=CARTESIAN_POINT('',(-0.01079235679578,-0.0156999999999998,-0.005021609982074));
#5750=CARTESIAN_POINT('',(-0.01076220182238,-0.0157,-0.005061710063225));
#5751=CARTESIAN_POINT('',(-0.01072204070218,-0.0157,-0.005092131362312));
#5752=CARTESIAN_POINT('',(-0.01066954415088,-0.0157000000000006,-0.005112357742037));
#5753=CARTESIAN_POINT('',(-0.01062774520242,-0.0156999999999987,-0.005117159659504));
#5754=CARTESIAN_POINT('',(-0.01060502525317,-0.0156999999999987,-0.005117157287525));
#5755=CARTESIAN_POINT('',(-0.01081715728753,-0.0155,0.005242284191173));
#5756=CARTESIAN_POINT('',(-0.01081715728753,-0.0157,0.004905025253194));
#5757=CARTESIAN_POINT('',(-0.0108695171648156,-0.0157,0.004905025253194));
#5758=CARTESIAN_POINT('',(-0.0109215546187424,-0.0156784453809575,0.004905025253194));
#5759=CARTESIAN_POINT('',(-0.0109585786431855,-0.0156414213568191,0.004905025253194));
#5760=CARTESIAN_POINT('',(-0.01081715728753,-0.0156999999999987,0.004905025253169));
#5761=CARTESIAN_POINT('',(-0.01081715728753,-0.0156999999999987,0.004905025253169));
#5762=CARTESIAN_POINT('',(-0.0106029090522899,-0.0156999977175881,0.00511619299880596));
#5763=CARTESIAN_POINT('',(-0.0106192267492418,-0.0156999977175881,0.00511630255128355));
#5764=CARTESIAN_POINT('',(-0.0106585108254888,-0.0156999977175881,0.00511354157054831));
#5765=CARTESIAN_POINT('',(-0.0107150327589991,-0.0156999977175881,0.00509599943943039));
#5766=CARTESIAN_POINT('',(-0.0107654683803535,-0.0156999977175881,0.00505875024104075));
#5767=CARTESIAN_POINT('',(-0.0108003592391148,-0.0156999977175881,0.00500582521706383));
#5768=CARTESIAN_POINT('',(-0.010814426988883,-0.0156999977175881,0.00495121618161988));
#5769=CARTESIAN_POINT('',(-0.010816278660028,-0.0156999977175881,0.00491524015948446));
#5770=CARTESIAN_POINT('',(-0.0108161956265077,-0.0156999977175881,0.00490291298604942));
#5771=CARTESIAN_POINT('',(-0.010602550178243,-0.0157002577185569,0.00517062200279917));
#5772=CARTESIAN_POINT('',(-0.0106216381578768,-0.0157002577185569,0.00517075436848358));
#5773=CARTESIAN_POINT('',(-0.0106683606255256,-0.0157002577185569,0.0051675238494648));
#5774=CARTESIAN_POINT('',(-0.0107392863620301,-0.0157002577185569,0.0051459053734254));
#5775=CARTESIAN_POINT('',(-0.010805883449322,-0.0157002577185569,0.00509694817248395));
#5776=CARTESIAN_POINT('',(-0.0108514515500548,-0.0157002577185569,0.00502738308597107));
#5777=CARTESIAN_POINT('',(-0.0108685443498307,-0.0157002577185569,0.00495958762254988));
#5778=CARTESIAN_POINT('',(-0.010870722580585,-0.0157002577185569,0.00491696975860792));
#5779=CARTESIAN_POINT('',(-0.0108706259792286,-0.0157002577185569,0.00490255092660588));
#5780=CARTESIAN_POINT('',(-0.0106022185972766,-0.0156794378029067,0.00522091157391623));
#5781=CARTESIAN_POINT('',(-0.0106238661741401,-0.0156794378029067,0.00522106501781809));
#5782=CARTESIAN_POINT('',(-0.010677461328884,-0.0156794378029067,0.00521740066982608));
#5783=CARTESIAN_POINT('',(-0.0107616954308168,-0.0156794378029067,0.00519201586291998));
#5784=CARTESIAN_POINT('',(-0.0108432248727524,-0.0156794378029067,0.00513224107606288));
#5785=CARTESIAN_POINT('',(-0.0108986581901926,-0.0156794378029067,0.0050473014365191));
#5786=CARTESIAN_POINT('',(-0.0109185459789659,-0.0156794378029067,0.00496732239892151));
#5787=CARTESIAN_POINT('',(-0.010921025933828,-0.0156794378029067,0.00491856781831425));
#5788=CARTESIAN_POINT('',(-0.0109209167964975,-0.0156794378029067,0.00490221640249577));
#5789=CARTESIAN_POINT('',(-0.0106019659772843,-0.0156407813611858,0.00525922544705761));
#5790=CARTESIAN_POINT('',(-0.0106255636221506,-0.0156407813611858,0.00525939494971926));
#5791=CARTESIAN_POINT('',(-0.0106843948378837,-0.0156407813611858,0.00525540008253869));
#5792=CARTESIAN_POINT('',(-0.010778768120034,-0.0156407813611858,0.00522714583928948));
#5793=CARTESIAN_POINT('',(-0.0108716740030316,-0.0156407813611858,0.00515912951039365));
#5794=CARTESIAN_POINT('',(-0.0109346232855682,-0.0156407813611858,0.00506247653424088));
#5795=CARTESIAN_POINT('',(-0.0109566404791379,-0.0156407813611858,0.00497321525571228));
#5796=CARTESIAN_POINT('',(-0.010959350307089,-0.0156407813611858,0.00491978532435982));
#5797=CARTESIAN_POINT('',(-0.0109592316190371,-0.0156407813611858,0.0049019615402246));
#5798=CARTESIAN_POINT('',(-0.0106050280717025,-0.0156414213571352,0.00525857864286438));
#5799=CARTESIAN_POINT('',(-0.0106050264804878,-0.0156784453810855,0.00522155461844396));
#5800=CARTESIAN_POINT('',(-0.0106050248892731,-0.0157,0.00516951716466154));
#5801=CARTESIAN_POINT('',(-0.0106050232980584,-0.0157,0.005117157287525));
#5802=CARTESIAN_POINT('',(-0.01060502525317,-0.0156999999999983,0.005117157287525));
#5803=CARTESIAN_POINT('',(-0.01060502525317,-0.0156999999999983,0.005117157287525));
#5804=CARTESIAN_POINT('',(-0.0106276096551,-0.0156999999999983,0.005117159414796));
#5805=CARTESIAN_POINT('',(-0.01066919370491,-0.0157000000000008,0.005112419282117));
#5806=CARTESIAN_POINT('',(-0.01072160998207,-0.0156999999999998,0.005092356795785));
#5807=CARTESIAN_POINT('',(-0.01076171006322,-0.0157,0.005062201822382));
#5808=CARTESIAN_POINT('',(-0.01079213136231,-0.0157,0.005022040702176));
#5809=CARTESIAN_POINT('',(-0.01081235774204,-0.0157000000000006,0.004969544150883));
#5810=CARTESIAN_POINT('',(-0.0108171596595,-0.0156999999999987,0.004927745202419));
#5811=CARTESIAN_POINT('',(-0.01081715728753,-0.0156999999999987,0.004905025253169));
#5812=CARTESIAN_POINT('',(0.01094145647485,-0.0155,0.005117157287525));
#5813=CARTESIAN_POINT('',(0.01060502525319,-0.0157,0.005117157287525));
#5814=CARTESIAN_POINT('',(0.01060502525319,-0.0157,0.00516951716481291));
#5815=CARTESIAN_POINT('',(0.01060502525319,-0.0156784453809555,0.00522155461874209));
#5816=CARTESIAN_POINT('',(0.01060502525319,-0.0156414213568141,0.00525857864318548));
#5817=CARTESIAN_POINT('',(0.01060502525317,-0.0156999999999987,0.005117157287525));
#5818=CARTESIAN_POINT('',(0.01060502525317,-0.0156999999999987,0.005117157287525));
#5819=CARTESIAN_POINT('',(0.010816192998808,-0.0156999977175881,0.00490290905228949));
#5820=CARTESIAN_POINT('',(0.0108163025512837,-0.0156999977175881,0.00491922674923993));
#5821=CARTESIAN_POINT('',(0.0108135415705489,-0.0156999977175881,0.00495851082549008));
#5822=CARTESIAN_POINT('',(0.0107959994394302,-0.0156999977175881,0.00501503275899659));
#5823=CARTESIAN_POINT('',(0.010758750241037,-0.0156999977175881,0.0050654683803543));
#5824=CARTESIAN_POINT('',(0.0107058252170643,-0.0156999977175881,0.00510035923911303));
#5825=CARTESIAN_POINT('',(0.0106512161816182,-0.0156999977175881,0.00511442698888197));
#5826=CARTESIAN_POINT('',(0.0106152401594858,-0.0156999977175881,0.00511627866002811));
#5827=CARTESIAN_POINT('',(0.0106029129860505,-0.0156999977175881,0.00511619562650781));
#5828=CARTESIAN_POINT('',(0.0108706220028008,-0.0157002577185568,0.00490255017824501));
#5829=CARTESIAN_POINT('',(0.0108707543684836,-0.0157002577185568,0.00492163815787552));
#5830=CARTESIAN_POINT('',(0.0108675238494624,-0.0157002577185568,0.00496836062552533));
#5831=CARTESIAN_POINT('',(0.010845905373426,-0.0157002577185568,0.00503928636202808));
#5832=CARTESIAN_POINT('',(0.0107969481724808,-0.0157002577185568,0.00510588344932241));
#5833=CARTESIAN_POINT('',(0.0107273830859733,-0.0157002577185568,0.00515145155005247));
#5834=CARTESIAN_POINT('',(0.0106595876225495,-0.0157002577185568,0.00516854434982809));
#5835=CARTESIAN_POINT('',(0.0106169697586081,-0.0157002577185568,0.0051707225805827));
#5836=CARTESIAN_POINT('',(0.0106025509266052,-0.0157002577185568,0.00517062597922685));
#5837=CARTESIAN_POINT('',(0.0109209115739152,-0.0156794378029065,0.00490221859727826));
#5838=CARTESIAN_POINT('',(0.0109210650178166,-0.0156794378029065,0.00492386617413867));
#5839=CARTESIAN_POINT('',(0.0109174006698254,-0.0156794378029065,0.0049774613288827));
#5840=CARTESIAN_POINT('',(0.0108920158629214,-0.0156794378029065,0.00506169543081503));
#5841=CARTESIAN_POINT('',(0.0108322410760625,-0.0156794378029065,0.00514322487275409));
#5842=CARTESIAN_POINT('',(0.0107473014365208,-0.0156794378029065,0.00519865819018881));
#5843=CARTESIAN_POINT('',(0.0106673223989232,-0.0156794378029065,0.00521854597896519));
#5844=CARTESIAN_POINT('',(0.0106185678183123,-0.0156794378029065,0.00522102593382703));
#5845=CARTESIAN_POINT('',(0.0106022164024937,-0.0156794378029065,0.00522091679649626));
#5846=CARTESIAN_POINT('',(0.0109592254470562,-0.0156407813611855,0.00490196597728539));
#5847=CARTESIAN_POINT('',(0.0109593949497191,-0.0156407813611855,0.0049255636221496));
#5848=CARTESIAN_POINT('',(0.0109554000825365,-0.0156407813611855,0.00498439483788237));
#5849=CARTESIAN_POINT('',(0.0109271458392926,-0.0156407813611855,0.00507876812003563));
#5850=CARTESIAN_POINT('',(0.0108591295103932,-0.0156407813611855,0.00517167400303075));
#5851=CARTESIAN_POINT('',(0.0107624765342427,-0.0156407813611855,0.00523462328556424));
#5852=CARTESIAN_POINT('',(0.0106732152557134,-0.0156407813611855,0.00525664047913841));
#5853=CARTESIAN_POINT('',(0.0106197853243572,-0.0156407813611855,0.00525935030709127));
#5854=CARTESIAN_POINT('',(0.0106019615402209,-0.0156407813611855,0.00525923161903765));
#5855=CARTESIAN_POINT('',(0.0109585786428664,-0.0156414213571382,0.00490502807170344));
#5856=CARTESIAN_POINT('',(0.0109215546184462,-0.0156784453810867,0.00490502648048877));
#5857=CARTESIAN_POINT('',(0.0108695171646651,-0.0157,0.00490502488927409));
#5858=CARTESIAN_POINT('',(0.01081715728753,-0.0157,0.00490502329805942));
#5859=CARTESIAN_POINT('',(0.01081715728753,-0.0156999999999983,0.004905025253169));
#5860=CARTESIAN_POINT('',(0.01081715728753,-0.0156999999999983,0.004905025253169));
#5861=CARTESIAN_POINT('',(0.0108171594148,-0.0156999999999983,0.004927609655105));
#5862=CARTESIAN_POINT('',(0.01081241928212,-0.0157000000000008,0.004969193704914));
#5863=CARTESIAN_POINT('',(0.01079235679578,-0.0156999999999998,0.005021609982074));
#5864=CARTESIAN_POINT('',(0.01076220182238,-0.0157,0.005061710063225));
#5865=CARTESIAN_POINT('',(0.01072204070218,-0.0157,0.005092131362312));
#5866=CARTESIAN_POINT('',(0.01066954415088,-0.0157000000000006,0.005112357742037));
#5867=CARTESIAN_POINT('',(0.01062774520242,-0.0156999999999987,0.005117159659504));
#5868=CARTESIAN_POINT('',(0.01060502525317,-0.0156999999999987,0.005117157287525));
#5869=CARTESIAN_POINT('',(0.01081715728753,-0.0155,-0.005243875694509));
#5870=CARTESIAN_POINT('',(0.01081715728753,-0.0157,-0.004905025253194));
#5871=CARTESIAN_POINT('',(0.0108695171648156,-0.0157,-0.004905025253194));
#5872=CARTESIAN_POINT('',(0.0109215546187424,-0.0156784453809575,-0.004905025253194));
#5873=CARTESIAN_POINT('',(0.0109585786431855,-0.0156414213568191,-0.004905025253194));
#5874=CARTESIAN_POINT('',(0.01081715728753,-0.0156999999999987,-0.004905025253169));
#5875=CARTESIAN_POINT('',(0.01081715728753,-0.0156999999999987,-0.004905025253169));
#5876=CARTESIAN_POINT('',(0.0106029090522898,-0.0156999977175881,-0.00511619299880598));
#5877=CARTESIAN_POINT('',(0.0106192267492418,-0.0156999977175881,-0.00511630255128357));
#5878=CARTESIAN_POINT('',(0.0106585108254888,-0.0156999977175881,-0.00511354157054832));
#5879=CARTESIAN_POINT('',(0.0107150327589991,-0.0156999977175881,-0.0050959994394304));
#5880=CARTESIAN_POINT('',(0.0107654683803535,-0.0156999977175881,-0.00505875024104076));
#5881=CARTESIAN_POINT('',(0.0108003592391148,-0.0156999977175881,-0.00500582521706383));
#5882=CARTESIAN_POINT('',(0.010814426988883,-0.0156999977175881,-0.00495121618161988));
#5883=CARTESIAN_POINT('',(0.010816278660028,-0.0156999977175881,-0.00491524015948446));
#5884=CARTESIAN_POINT('',(0.0108161956265077,-0.0156999977175881,-0.00490291298604942));
#5885=CARTESIAN_POINT('',(0.010602550178243,-0.0157002577185569,-0.00517062200279919));
#5886=CARTESIAN_POINT('',(0.0106216381578767,-0.0157002577185569,-0.0051707543684836));
#5887=CARTESIAN_POINT('',(0.0106683606255256,-0.0157002577185569,-0.00516752384946481));
#5888=CARTESIAN_POINT('',(0.0107392863620301,-0.0157002577185569,-0.0051459053734254));
#5889=CARTESIAN_POINT('',(0.010805883449322,-0.0157002577185569,-0.00509694817248396));
#5890=CARTESIAN_POINT('',(0.0108514515500548,-0.0157002577185569,-0.00502738308597106));
#5891=CARTESIAN_POINT('',(0.0108685443498307,-0.0157002577185569,-0.00495958762254989));
#5892=CARTESIAN_POINT('',(0.010870722580585,-0.0157002577185569,-0.00491696975860792));
#5893=CARTESIAN_POINT('',(0.0108706259792286,-0.0157002577185569,-0.00490255092660589));
#5894=CARTESIAN_POINT('',(0.0106022185972766,-0.0156794378029067,-0.00522091157391624));
#5895=CARTESIAN_POINT('',(0.0106238661741401,-0.0156794378029067,-0.00522106501781809));
#5896=CARTESIAN_POINT('',(0.010677461328884,-0.0156794378029067,-0.00521740066982609));
#5897=CARTESIAN_POINT('',(0.0107616954308168,-0.0156794378029067,-0.00519201586291998));
#5898=CARTESIAN_POINT('',(0.0108432248727524,-0.0156794378029067,-0.00513224107606288));
#5899=CARTESIAN_POINT('',(0.0108986581901926,-0.0156794378029067,-0.0050473014365191));
#5900=CARTESIAN_POINT('',(0.0109185459789659,-0.0156794378029067,-0.00496732239892152));
#5901=CARTESIAN_POINT('',(0.010921025933828,-0.0156794378029067,-0.00491856781831425));
#5902=CARTESIAN_POINT('',(0.0109209167964975,-0.0156794378029067,-0.00490221640249578));
#5903=CARTESIAN_POINT('',(0.0106019659772843,-0.0156407813611858,-0.00525922544705761));
#5904=CARTESIAN_POINT('',(0.0106255636221506,-0.0156407813611858,-0.00525939494971926));
#5905=CARTESIAN_POINT('',(0.0106843948378837,-0.0156407813611858,-0.0052554000825387));
#5906=CARTESIAN_POINT('',(0.010778768120034,-0.0156407813611858,-0.00522714583928947));
#5907=CARTESIAN_POINT('',(0.0108716740030316,-0.0156407813611858,-0.00515912951039365));
#5908=CARTESIAN_POINT('',(0.0109346232855682,-0.0156407813611858,-0.00506247653424087));
#5909=CARTESIAN_POINT('',(0.0109566404791379,-0.0156407813611858,-0.0049732152557123));
#5910=CARTESIAN_POINT('',(0.010959350307089,-0.0156407813611858,-0.00491978532435983));
#5911=CARTESIAN_POINT('',(0.0109592316190371,-0.0156407813611858,-0.00490196154022461));
#5912=CARTESIAN_POINT('',(0.01060502525317,-0.0156999999999983,-0.005117157287525));
#5913=CARTESIAN_POINT('',(0.0106276096551,-0.0156999999999983,-0.005117159414796));
#5914=CARTESIAN_POINT('',(0.01066919370491,-0.0157000000000008,-0.005112419282117));
#5915=CARTESIAN_POINT('',(0.01072160998207,-0.0156999999999998,-0.005092356795785));
#5916=CARTESIAN_POINT('',(0.01076171006322,-0.0157,-0.005062201822382));
#5917=CARTESIAN_POINT('',(0.01079213136231,-0.0157,-0.005022040702176));
#5918=CARTESIAN_POINT('',(0.01081235774204,-0.0157000000000006,-0.004969544150883));
#5919=CARTESIAN_POINT('',(0.0108171596595,-0.0156999999999987,-0.004927745202419));
#5920=CARTESIAN_POINT('',(0.01081715728753,-0.0156999999999987,-0.004905025253169));
#5921=CARTESIAN_POINT('',(0.,-0.0157,0.));
#5922=CARTESIAN_POINT('',(-0.0051,0.005148114146658,0.0042));
#5923=CARTESIAN_POINT('',(-0.0051,0.004997821974045,0.0047));
#5924=CARTESIAN_POINT('',(-0.0051,0.00499782197404454,0.0047));
#5925=CARTESIAN_POINT('',(-0.0051,0.00469408243630804,0.0047));
#5926=CARTESIAN_POINT('',(-0.0051,0.00499782197404442,0.0042));
#5927=CARTESIAN_POINT('',(-0.0046,0.00507701419420684,0.0042));
#5928=CARTESIAN_POINT('',(-0.0046,0.005077014194207,0.0042));
#5929=CARTESIAN_POINT('',(-0.0046,0.00477327465647034,0.0042));
#5930=CARTESIAN_POINT('',(-0.0051,0.00469408243630842,0.0042));
#5931=CARTESIAN_POINT('',(-0.0104,0.,0.0047));
#5932=CARTESIAN_POINT('',(-0.0099,0.00393383712275,0.0047));
#5933=CARTESIAN_POINT('',(-0.0099,0.00393383712275039,0.0047));
#5934=CARTESIAN_POINT('',(-0.0099,0.004237576660487,0.0047));
#5935=CARTESIAN_POINT('',(-0.0099,0.00423757666048688,0.0047));
#5936=CARTESIAN_POINT('',(-0.0099,0.004237576660487,0.0047));
#5937=CARTESIAN_POINT('',(-0.0099,0.005126294084173,0.0042));
#5938=CARTESIAN_POINT('',(-0.0104,0.004158384440325,0.0042));
#5939=CARTESIAN_POINT('',(-0.0104,0.00415838444032476,0.0042));
#5940=CARTESIAN_POINT('',(-0.0104,0.00385464490258825,0.0042));
#5941=CARTESIAN_POINT('',(-0.0099,0.00423757666048676,0.0042));
#5942=CARTESIAN_POINT('',(-0.0099,0.00393383712275077,0.0042));
#5943=CARTESIAN_POINT('',(-0.0104,0.,-0.0047));
#5944=CARTESIAN_POINT('',(-0.0104,0.004158384440325,-0.0042));
#5945=CARTESIAN_POINT('',(-0.0104,0.00415838444032476,-0.0042));
#5946=CARTESIAN_POINT('',(-0.0104,0.003854644902588,-0.0042));
#5947=CARTESIAN_POINT('',(-0.0104,0.00385464490258825,-0.0042));
#5948=CARTESIAN_POINT('',(-0.0104,0.004158384440325,-0.0042));
#5949=CARTESIAN_POINT('',(-0.0099,0.005148114146658,-0.0042));
#5950=CARTESIAN_POINT('',(-0.0099,0.004237576660487,-0.0047));
#5951=CARTESIAN_POINT('',(-0.0099,0.00423757666048706,-0.0047));
#5952=CARTESIAN_POINT('',(-0.0099,0.00393383712275056,-0.0047));
#5953=CARTESIAN_POINT('',(-0.0099,0.00423757666048676,-0.0042));
#5954=CARTESIAN_POINT('',(-0.0099,0.00393383712275077,-0.0042));
#5955=CARTESIAN_POINT('',(-0.0046,0.,-0.0047));
#5956=CARTESIAN_POINT('',(-0.0051,0.004694082436308,-0.0047));
#5957=CARTESIAN_POINT('',(-0.0051,0.00469408243630821,-0.0047));
#5958=CARTESIAN_POINT('',(-0.0051,0.004997821974045,-0.0047));
#5959=CARTESIAN_POINT('',(-0.0051,0.00499782197404471,-0.0047));
#5960=CARTESIAN_POINT('',(-0.0051,0.004997821974045,-0.0047));
#5961=CARTESIAN_POINT('',(-0.0051,0.005126294084173,-0.0042));
#5962=CARTESIAN_POINT('',(-0.0046,0.005077014194207,-0.0042));
#5963=CARTESIAN_POINT('',(-0.0046,0.00507701419420684,-0.0042));
#5964=CARTESIAN_POINT('',(-0.0046,0.00477327465647034,-0.0042));
#5965=CARTESIAN_POINT('',(-0.0051,0.00499782197404442,-0.0042));
#5966=CARTESIAN_POINT('',(-0.0051,0.00469408243630842,-0.0042));
#5967=CARTESIAN_POINT('',(-0.0046,0.,0.0047));
#5968=CARTESIAN_POINT('',(-0.0046,0.00477327465647,0.0042));
#5969=CARTESIAN_POINT('',(-0.0046,0.005077014194207,0.0042));
#5970=CARTESIAN_POINT('',(-0.0104,0.,-0.0047));
#5971=CARTESIAN_POINT('',(-0.0104,0.,-0.0054));
#5972=CARTESIAN_POINT('',(-0.0104,0.00385464490258825,-0.0054));
#5973=CARTESIAN_POINT('',(-0.0104,0.00415838444032466,-0.0054));
#5974=CARTESIAN_POINT('',(-0.0104,0.00385464490258851,-0.0047));
#5975=CARTESIAN_POINT('',(-0.0111,0.00374377579436117,-0.0047));
#5976=CARTESIAN_POINT('',(-0.0111,0.003743775794361,-0.0047));
#5977=CARTESIAN_POINT('',(-0.0111,0.00404751533209718,-0.0047));
#5978=CARTESIAN_POINT('',(-0.0104,0.00415838444032451,-0.0047));
#5979=CARTESIAN_POINT('',(-0.0111,0.,0.0047));
#5980=CARTESIAN_POINT('',(-0.0111,0.003743775794361,0.0047));
#5981=CARTESIAN_POINT('',(-0.0111,0.00374377579436117,0.0047));
#5982=CARTESIAN_POINT('',(-0.0111,0.003743775794361,0.0047));
#5983=CARTESIAN_POINT('',(-0.0111,0.00404751533209718,0.0047));
#5984=CARTESIAN_POINT('',(-0.0111,0.004047515332097,0.0047));
#5985=CARTESIAN_POINT('',(-0.0104,0.,0.0047));
#5986=CARTESIAN_POINT('',(-0.0104,0.00385464490258851,0.0047));
#5987=CARTESIAN_POINT('',(-0.0104,0.00385464490258816,0.0054));
#5988=CARTESIAN_POINT('',(-0.0104,0.,0.0054));
#5989=CARTESIAN_POINT('',(-0.0104,0.00415838444032466,0.0054));
#5990=CARTESIAN_POINT('',(-0.0104,0.00415838444032451,0.0047));
#5991=CARTESIAN_POINT('',(0.0104,0.0084,0.0054));
#5992=CARTESIAN_POINT('',(-0.0114,0.003696260462264,0.0054));
#5993=CARTESIAN_POINT('',(-0.00371414284285428,0.00491358064651266,0.0054));
#5994=CARTESIAN_POINT('',(-0.00371414284285428,-5.166078068581E-5,0.0054));
#5995=CARTESIAN_POINT('',(-0.00371414284285428,0.00521732018424866,0.0054));
#5996=CARTESIAN_POINT('',(0.0105463534152421,0.00747596090283705,0.0054));
#5997=CARTESIAN_POINT('',(-0.004,0.005172044858402,-0.013));
#5998=CARTESIAN_POINT('',(-0.004,0.0081,-0.0047));
#5999=CARTESIAN_POINT('',(-0.004,0.0081,-0.0047));
#6000=CARTESIAN_POINT('',(-0.004,0.0081,0.0047));
#6001=CARTESIAN_POINT('',(-0.004,0.0081,-0.0047));
#6002=CARTESIAN_POINT('',(-0.004,0.00517204485840169,-0.0047));
#6003=CARTESIAN_POINT('',(-0.004,0.005172044858402,-0.0047));
#6004=CARTESIAN_POINT('',(-0.004,0.00517204485840169,0.0047));
#6005=CARTESIAN_POINT('',(-0.004,0.005172044858402,0.0047));
#6006=CARTESIAN_POINT('',(-0.0114,0.004,-0.013));
#6007=CARTESIAN_POINT('',(-0.003,0.00533042929872589,0.0047));
#6008=CARTESIAN_POINT('',(-0.003,0.00533042929872589,-0.0047));
#6009=CARTESIAN_POINT('',(-0.00371414284285416,0.00521732018424883,-0.0054));
#6010=CARTESIAN_POINT('',(-0.0114,0.004,-0.0054));
#6011=CARTESIAN_POINT('',(-0.0037,0.0084,-0.0054));
#6012=CARTESIAN_POINT('',(-0.00371414284285428,0.008177853785807,-0.0054));
#6013=CARTESIAN_POINT('',(-0.00371414284285428,0.00491358064651266,-0.0054));
#6014=CARTESIAN_POINT('',(-0.0114,0.003696260462264,-0.0054));
#6015=CARTESIAN_POINT('',(-0.0114,0.003696260462264,-0.009));
#6016=CARTESIAN_POINT('',(-0.0114,0.003696260462264,-0.009));
#6017=CARTESIAN_POINT('',(-0.0114,0.003696260462264,-0.0047));
#6018=CARTESIAN_POINT('',(-0.003,0.00502668976098989,0.0047));
#6019=CARTESIAN_POINT('',(-0.003,0.00502668976098989,-0.0047));
#6020=CARTESIAN_POINT('',(-0.0164,0.001,-0.0052));
#6021=CARTESIAN_POINT('',(-0.0164,0.001,-0.0037));
#6022=CARTESIAN_POINT('',(-0.0164,0.001,-0.0037));
#6023=CARTESIAN_POINT('',(-0.0164,0.001,0.0037));
#6024=CARTESIAN_POINT('',(-0.0164,0.0025,0.0037));
#6025=CARTESIAN_POINT('',(-0.0164,0.0025,0.0037));
#6026=CARTESIAN_POINT('',(-0.0164,0.0025,-0.0037));
#6027=CARTESIAN_POINT('',(-0.0164,0.0025,-0.0037));
#6028=CARTESIAN_POINT('',(-0.0164,0.0025,-0.0037));
#6029=CARTESIAN_POINT('',(-0.0149,0.002548990026913,0.0037));
#6030=CARTESIAN_POINT('',(-0.0149,0.0025,0.0052));
#6031=CARTESIAN_POINT('',(-0.0149,0.0025,0.0052));
#6032=CARTESIAN_POINT('',(-0.0149,0.001,0.0052));
#6033=CARTESIAN_POINT('',(-0.0149,0.0025,0.0037));
#6034=CARTESIAN_POINT('',(-0.0149,0.001,0.0037));
#6035=CARTESIAN_POINT('',(-0.0164,0.001,0.0052));
#6036=CARTESIAN_POINT('',(-0.0149,0.001,0.0052));
#6037=CARTESIAN_POINT('',(-0.0149,0.0025,0.0052));
#6038=CARTESIAN_POINT('',(-0.0164,0.001,0.0052));
#6039=CARTESIAN_POINT('',(-0.0164,0.0025,0.0052));
#6040=CARTESIAN_POINT('',(0.0149,0.0025,0.0052));
#6041=CARTESIAN_POINT('',(0.,0.001,0.0052));
#6042=CARTESIAN_POINT('',(0.0149,0.001,0.0052));
#6043=CARTESIAN_POINT('',(0.0149,0.0009521060149585,0.0052));
#6044=CARTESIAN_POINT('',(0.0149,0.0009521060149585,0.0037));
#6045=CARTESIAN_POINT('',(0.0149,0.001,0.0037));
#6046=CARTESIAN_POINT('',(0.0164,0.001,0.0037));
#6047=CARTESIAN_POINT('',(0.0164,0.001,0.0037));
#6048=CARTESIAN_POINT('',(0.0164,0.0025,0.0037));
#6049=CARTESIAN_POINT('',(0.0149,0.0025,0.0037));
#6050=CARTESIAN_POINT('',(0.0164,0.001,-0.0052));
#6051=CARTESIAN_POINT('',(0.0164,0.0025,-0.0052));
#6052=CARTESIAN_POINT('',(0.0164,0.0025,-0.0037));
#6053=CARTESIAN_POINT('',(0.0164,0.001,0.));
#6054=CARTESIAN_POINT('',(0.0164,0.001,-0.0037));
#6055=CARTESIAN_POINT('',(0.0164,0.001,-0.0037));
#6056=CARTESIAN_POINT('',(0.0114,0.,0.0057));
#6057=CARTESIAN_POINT('',(0.0114,0.0081,0.0047));
#6058=CARTESIAN_POINT('',(0.0114,0.0025,0.0057));
#6059=CARTESIAN_POINT('',(-0.0108,0.001,-0.0052));
#6060=CARTESIAN_POINT('',(0.,0.001,-0.0052));
#6061=CARTESIAN_POINT('',(0.0149,0.001,-0.0052));
#6062=CARTESIAN_POINT('',(-0.0108,0.0025,-0.0052));
#6063=CARTESIAN_POINT('',(0.0149,0.0025,-0.0052));
#6064=CARTESIAN_POINT('',(0.0149,0.0009521060149585,-0.0052));
#6065=CARTESIAN_POINT('',(0.0149,0.0009521060149585,-0.0037));
#6066=CARTESIAN_POINT('',(0.0149,0.001,-0.0037));
#6067=CARTESIAN_POINT('',(0.0149,0.0025,-0.0037));
#6068=CARTESIAN_POINT('',(0.,0.0025,0.));
#6069=CARTESIAN_POINT('',(0.0144,0.0025,0.));
#6070=CARTESIAN_POINT('',(0.0144,0.0025,0.001));
#6071=CARTESIAN_POINT('',(0.0144,0.001,0.));
#6072=CARTESIAN_POINT('',(0.0144,0.001,0.));
#6073=CARTESIAN_POINT('',(0.0144,0.001,0.001));
#6074=CARTESIAN_POINT('',(0.,0.001,0.));
#6075=CARTESIAN_POINT('',(-0.003,-5.166078068581E-5,0.0047));
#6076=CARTESIAN_POINT('',(-0.003,0.0081,0.0047));
#6077=CARTESIAN_POINT('',(0.0007802127820128,0.00859999202319721,-0.00169999202283179));
#6078=CARTESIAN_POINT('',(0.00247041965596141,0.00839999759483064,-0.00189998457432171));
#6079=CARTESIAN_POINT('',(0.00254172526064059,0.00853403009063293,-0.00176595333636677));
#6080=CARTESIAN_POINT('',(0.00261537269275119,0.00866741418471632,-0.00163257049404571));
#6081=CARTESIAN_POINT('',(0.00269191933359149,0.00879999555019667,-0.00149999037279438));
#6082=CARTESIAN_POINT('',(0.00247041986691457,0.00839999766517939,-0.00189998476148792));
#6083=CARTESIAN_POINT('',(0.00269192808242664,0.00879999939942382,-0.00149999927327364));
#6084=CARTESIAN_POINT('',(0.,0.0084,-0.00189998216917491));
#6085=CARTESIAN_POINT('',(-0.000909999994778578,0.00839999851425292,-0.00189998959851847));
#6086=CARTESIAN_POINT('',(-0.00091,0.00944998995244557,-0.000850002070512046));
#6087=CARTESIAN_POINT('',(-0.000909999997295589,0.00879999455097458,-0.00149999450022177));
#6088=CARTESIAN_POINT('',(0.,0.0088,-0.00149998592303281));
#6089=CARTESIAN_POINT('',(0.,0.0088,0.));
#6090=CARTESIAN_POINT('',(0.00529,0.0088,0.));
#6091=CARTESIAN_POINT('',(0.00529,0.0088,0.002));
#6092=CARTESIAN_POINT('',(-0.00091,0.008799993927343,0.));
#6093=CARTESIAN_POINT('',(-0.000909999997133002,0.00879999627351009,0.00149999130550683));
#6094=CARTESIAN_POINT('',(0.,0.0088,0.00149998592303281));
#6095=CARTESIAN_POINT('',(0.00269192808242664,0.00879999939942382,0.00149999927327343));
#6096=CARTESIAN_POINT('',(0.00529,0.0088,0.));
#6097=CARTESIAN_POINT('',(-0.00091,0.008599995858901,0.));
#6098=CARTESIAN_POINT('',(-0.00091,0.0084,0.));
#6099=CARTESIAN_POINT('',(-0.00091,0.0084,0.00189998216917491));
#6100=CARTESIAN_POINT('',(-0.00091,0.00944998995244557,0.000850002070512046));
#6101=CARTESIAN_POINT('',(0.0007802127820128,0.00859999202328753,0.00169999202274147));
#6102=CARTESIAN_POINT('',(0.00247041965593466,0.00839999759478036,0.00189998457437198));
#6103=CARTESIAN_POINT('',(0.00254172526062218,0.0085340300905996,0.0017659533364001));
#6104=CARTESIAN_POINT('',(0.00261537269274165,0.0086674141846998,0.00163257049406224));
#6105=CARTESIAN_POINT('',(0.00269191933359154,0.00879999555019676,0.00149999037279429));
#6106=CARTESIAN_POINT('',(0.00247041986689224,0.00839999766513059,0.00189998476154211));
#6107=CARTESIAN_POINT('',(0.,0.0084,0.00189998216917491));
#6108=CARTESIAN_POINT('',(0.00529,0.008599998598663,0.));
#6109=CARTESIAN_POINT('',(0.00529,0.0084,0.));
#6110=CARTESIAN_POINT('',(-0.0037,0.0084,0.0054));
#6111=CARTESIAN_POINT('',(-0.0037,0.0084,0.0047));
#6112=CARTESIAN_POINT('',(-0.0037,0.0084,0.0047));
#6113=CARTESIAN_POINT('',(-0.0037,0.0084,-0.0047));
#6114=CARTESIAN_POINT('',(-0.0037,0.0081,-0.0047));
#6115=CARTESIAN_POINT('',(-0.0037,0.0081,-0.0047));
#6116=CARTESIAN_POINT('',(-0.0037,0.0081,0.0047));
#6117=CARTESIAN_POINT('',(-0.0037,0.0081,0.0047));
#6118=CARTESIAN_POINT('',(-0.0037,0.0081,0.0047));
#6119=CARTESIAN_POINT('',(0.0104,0.0084,-0.0047));
#6120=CARTESIAN_POINT('',(0.0111,0.0084,-0.0047));
#6121=CARTESIAN_POINT('',(0.0111,0.0084,-0.0047));
#6122=CARTESIAN_POINT('',(0.0111,0.0081,-0.0047));
#6123=CARTESIAN_POINT('',(0.0104,0.0081,-0.0047));
#6124=CARTESIAN_POINT('',(0.0104,0.0081,-0.0054));
#6125=CARTESIAN_POINT('',(0.0104,0.0084,-0.0054));
#6126=CARTESIAN_POINT('',(0.0104,0.0084,-0.0054));
#6127=CARTESIAN_POINT('',(0.0104,0.0084,-0.0047));
#6128=CARTESIAN_POINT('',(0.0111,0.0084,-0.0047));
#6129=CARTESIAN_POINT('',(0.0111,0.0084,0.0047));
#6130=CARTESIAN_POINT('',(0.0111,0.0084,0.0047));
#6131=CARTESIAN_POINT('',(0.0111,0.0081,0.0047));
#6132=CARTESIAN_POINT('',(0.0111,0.0081,-0.0047));
#6133=CARTESIAN_POINT('',(0.0111,0.0084,-0.0047));
#6134=CARTESIAN_POINT('',(0.0104,0.0084,0.0047));
#6135=CARTESIAN_POINT('',(0.0104,0.0084,0.0054));
#6136=CARTESIAN_POINT('',(0.0104,0.0084,0.0054));
#6137=CARTESIAN_POINT('',(0.0104,0.0081,0.0054));
#6138=CARTESIAN_POINT('',(0.0104,0.0081,0.0047));
#6139=CARTESIAN_POINT('',(0.0104,0.0084,0.0047));
#6140=CARTESIAN_POINT('',(0.0104,0.0084,0.0054));
#6141=CARTESIAN_POINT('',(0.0104,0.0081,0.0054));
#6142=CARTESIAN_POINT('',(-0.003,0.0081,0.0054));
#6143=CARTESIAN_POINT('',(-0.003,0.0084,0.0054));
#6144=CARTESIAN_POINT('',(-0.003,0.0084,0.0054));
#6145=CARTESIAN_POINT('',(-0.003,0.0081,0.0054));
#6146=CARTESIAN_POINT('',(-0.003,0.008059570801024,0.0047));
#6147=CARTESIAN_POINT('',(-0.003,0.0081,0.0047));
#6148=CARTESIAN_POINT('',(-0.003,0.0084,0.0047));
#6149=CARTESIAN_POINT('',(0.,0.0084,0.));
#6150=CARTESIAN_POINT('',(-0.003,0.0084,-0.0054));
#6151=CARTESIAN_POINT('',(-0.003,0.0084,-0.0054));
#6152=CARTESIAN_POINT('',(-0.003,0.0084,-0.0047));
#6153=CARTESIAN_POINT('',(-0.003,0.008059570801024,-0.0047));
#6154=CARTESIAN_POINT('',(-0.003,0.0081,-0.0054));
#6155=CARTESIAN_POINT('',(-0.003,0.0081,-0.0054));
#6156=CARTESIAN_POINT('',(-0.003,0.0081,-0.0047));
#6157=CARTESIAN_POINT('',(-0.0037,0.0084,-0.0054));
#6158=CARTESIAN_POINT('',(-0.003,0.0081,-0.0054));
#6159=CARTESIAN_POINT('',(0.,0.0081,0.));
#6160=CARTESIAN_POINT('',(-0.003,0.0081,-0.0047));
#6161=CARTESIAN_POINT('',(-0.003,0.008177853785807,-0.0047));
#6162=CARTESIAN_POINT('',(-0.0108,0.001,-0.0052));
#6163=CARTESIAN_POINT('',(-0.01126602540378,0.0025,-0.0052));
#6164=CARTESIAN_POINT('',(-0.0149,0.0025,-0.0052));
#6165=CARTESIAN_POINT('',(-0.01126602540378,0.001,-0.0052));
#6166=CARTESIAN_POINT('',(-0.0149,0.001,-0.0052));
#6167=CARTESIAN_POINT('',(-0.0149,0.0025,-0.0052));
#6168=CARTESIAN_POINT('',(-0.0149,0.002548990026913,-0.0037));
#6169=CARTESIAN_POINT('',(-0.0149,0.0025,-0.0037));
#6170=CARTESIAN_POINT('',(-0.0149,0.001,-0.0037));
#6171=CARTESIAN_POINT('',(0.,0.001,0.));
#6172=CARTESIAN_POINT('',(-0.0144,0.001,0.));
#6173=CARTESIAN_POINT('',(-0.0134,0.001,0.));
#6174=CARTESIAN_POINT('',(-0.0144,0.001,0.));
#6175=CARTESIAN_POINT('',(-0.0144,0.0025,0.));
#6176=CARTESIAN_POINT('',(-0.0154,0.0025,0.));
#6177=CARTESIAN_POINT('',(0.,0.0025,0.));
#6178=CARTESIAN_POINT('',(-0.0114,0.0025,-0.0047));
#6179=CARTESIAN_POINT('',(-0.0114,0.,-0.0057));
#6180=CARTESIAN_POINT('',(0.00529,0.0116,0.));
#6181=CARTESIAN_POINT('',(0.00529,0.01140000363918,0.));
#6182=CARTESIAN_POINT('',(0.00529,0.01140000363918,-0.00065));
#6183=CARTESIAN_POINT('',(0.00529,0.0083,0.));
#6184=CARTESIAN_POINT('',(0.00529,0.0083,-0.00065));
#6185=CARTESIAN_POINT('',(0.00529,0.0116,0.001688));
#6186=CARTESIAN_POINT('',(0.0048762007794022,0.0089,0.001956724355915));
#6187=CARTESIAN_POINT('',(0.00487620077940223,0.0089,0.00195672435591523));
#6188=CARTESIAN_POINT('',(0.0048762007794022,0.0116,0.001956724355915));
#6189=CARTESIAN_POINT('',(0.00606103236625035,0.0089,0.00118728572675599));
#6190=CARTESIAN_POINT('',(0.00529000000000022,0.0089,0.00168799999999986));
#6191=CARTESIAN_POINT('',(0.00529,0.0116,0.001688));
#6192=CARTESIAN_POINT('',(0.00529,0.0116,0.001688));
#6193=CARTESIAN_POINT('',(0.0048762007794022,0.0116,0.001956724355915));
#6194=CARTESIAN_POINT('',(0.00529,0.0089,0.));
#6195=CARTESIAN_POINT('',(0.00529,0.0089,0.));
#6196=CARTESIAN_POINT('',(0.00570379922059813,0.0089,0.00195672435591521));
#6197=CARTESIAN_POINT('',(0.00451896763374977,0.0089,0.00118728572675581));
#6198=CARTESIAN_POINT('',(0.006829864963815,0.0116,0.002688));
#6199=CARTESIAN_POINT('',(0.0057037992205978,0.0089,0.001956724355915));
#6200=CARTESIAN_POINT('',(0.0057037992205978,0.0116,0.001956724355915));
#6201=CARTESIAN_POINT('',(0.0057037992205978,0.0116,0.001956724355915));
#6202=CARTESIAN_POINT('',(0.005976571453512,0.0116,0.001542064732501));
#6203=CARTESIAN_POINT('',(0.005976571453512,0.0116,0.001542064732501));
#6204=CARTESIAN_POINT('',(0.005976571453512,0.0116,0.001542064732501));
#6205=CARTESIAN_POINT('',(0.00597657145351205,0.0089,0.00154206473250092));
#6206=CARTESIAN_POINT('',(0.0057078470975965,0.0116,0.001955863953099));
#6207=CARTESIAN_POINT('',(0.0057078470975965,0.0116,0.001955863953099));
#6208=CARTESIAN_POINT('',(0.0057078470975965,0.0089,0.001955863953099));
#6209=CARTESIAN_POINT('',(0.0057078470975967,0.0089,0.00195586395309864));
#6210=CARTESIAN_POINT('',(0.00647728572675614,0.0089,0.000771032366250448));
#6211=CARTESIAN_POINT('',(0.00529,0.0089,0.));
#6212=CARTESIAN_POINT('',(0.00529,0.0089,0.));
#6213=CARTESIAN_POINT('',(0.00646389589430282,0.0089,0.00161924934131197));
#6214=CARTESIAN_POINT('',(0.00506853949498919,0.0089,0.00139824659895296));
#6215=CARTESIAN_POINT('',(0.007790044739664,0.0116,0.001829290683971));
#6216=CARTESIAN_POINT('',(0.006463895894303,0.0089,0.001619249341312));
#6217=CARTESIAN_POINT('',(0.006463895894303,0.0116,0.001619249341312));
#6218=CARTESIAN_POINT('',(0.006463895894303,0.0116,0.001619249341312));
#6219=CARTESIAN_POINT('',(0.006544428465406,0.0116,0.001129492463534));
#6220=CARTESIAN_POINT('',(0.006544428465406,0.0116,0.001129492463534));
#6221=CARTESIAN_POINT('',(0.006544428465406,0.0116,0.001129492463534));
#6222=CARTESIAN_POINT('',(0.00654442846540602,0.0089,0.00112949246353387));
#6223=CARTESIAN_POINT('',(0.006467243856595,0.0116,0.001616816904325));
#6224=CARTESIAN_POINT('',(0.006467243856595,0.0116,0.001616816904325));
#6225=CARTESIAN_POINT('',(0.006467243856595,0.0089,0.001616816904325));
#6226=CARTESIAN_POINT('',(0.00646724385659496,0.0089,0.00161681690432467));
#6227=CARTESIAN_POINT('',(0.00668824659895345,0.0089,0.000221460505010893));
#6228=CARTESIAN_POINT('',(0.00529,0.0089,0.));
#6229=CARTESIAN_POINT('',(0.00529,0.0089,0.));
#6230=CARTESIAN_POINT('',(0.00702101530337366,0.0089,0.00100179140517709));
#6231=CARTESIAN_POINT('',(0.0056564038894504,0.0089,0.00136743793151989));
#6232=CARTESIAN_POINT('',(0.008317944067831,0.0116,0.0006542803900999));
#6233=CARTESIAN_POINT('',(0.007021015303374,0.0089,0.001001791405177));
#6234=CARTESIAN_POINT('',(0.007021015303374,0.0116,0.001001791405177));
#6235=CARTESIAN_POINT('',(0.007021015303374,0.0116,0.001001791405177));
#6236=CARTESIAN_POINT('',(0.006895383399506,0.0116,0.0005216206865049));
#6237=CARTESIAN_POINT('',(0.006895383399506,0.0116,0.0005216206865049));
#6238=CARTESIAN_POINT('',(0.006895383399506,0.0116,0.0005216206865049));
#6239=CARTESIAN_POINT('',(0.006895383399506,0.0089,0.0005216206865049));
#6240=CARTESIAN_POINT('',(0.007023084457863,0.0116,0.0009982075244726));
#6241=CARTESIAN_POINT('',(0.007023084457863,0.0116,0.0009982075244726));
#6242=CARTESIAN_POINT('',(0.007023084457863,0.0089,0.0009982075244726));
#6243=CARTESIAN_POINT('',(0.007023084457863,0.0089,0.0009982075244726));
#6244=CARTESIAN_POINT('',(0.006895383399506,0.0089,0.0005216206865049));
#6245=CARTESIAN_POINT('',(0.00529,0.0089,0.));
#6246=CARTESIAN_POINT('',(0.00529,0.0089,0.));
#6247=CARTESIAN_POINT('',(0.007278826440711,0.0089,0.0002111146340978));
#6248=CARTESIAN_POINT('',(0.007278826440711,0.0089,0.0002111146340978));
#6249=CARTESIAN_POINT('',(0.008322284358663,0.0116,-0.0006338609271706));
#6250=CARTESIAN_POINT('',(0.007278826440711,0.0089,0.0002111146340978));
#6251=CARTESIAN_POINT('',(0.007278826440711,0.0116,0.0002111146340978));
#6252=CARTESIAN_POINT('',(0.007278826440711,0.0116,0.0002111146340978));
#6253=CARTESIAN_POINT('',(0.006968752959382,0.0116,-0.0001764440459958));
#6254=CARTESIAN_POINT('',(0.006968752959382,0.0116,-0.0001764440459958));
#6255=CARTESIAN_POINT('',(0.006968752959382,0.0116,-0.0001764440459958));
#6256=CARTESIAN_POINT('',(0.00696875295938193,0.0089,-0.000176444045995886));
#6257=CARTESIAN_POINT('',(0.007279259011789,0.0116,0.0002069989952086));
#6258=CARTESIAN_POINT('',(0.007279259011789,0.0116,0.0002069989952086));
#6259=CARTESIAN_POINT('',(0.007279259011789,0.0089,0.0002069989952086));
#6260=CARTESIAN_POINT('',(0.00727925901178884,0.0089,0.000206998995208374));
#6261=CARTESIAN_POINT('',(0.00639018682294357,0.0089,-0.000890913722751158));
#6262=CARTESIAN_POINT('',(0.00529,0.0089,0.));
#6263=CARTESIAN_POINT('',(0.00529,0.0089,0.));
#6264=CARTESIAN_POINT('',(0.00719275141852793,0.0089,-0.000616065775132961));
#6265=CARTESIAN_POINT('',(0.00655137647969106,0.0089,0.000642703417796199));
#6266=CARTESIAN_POINT('',(0.007802315136443,0.0116,-0.001812401931688));
#6267=CARTESIAN_POINT('',(0.007192751418528,0.0089,-0.0006160657751331));
#6268=CARTESIAN_POINT('',(0.007192751418528,0.0116,-0.0006160657751331));
#6269=CARTESIAN_POINT('',(0.007192751418528,0.0116,-0.0006160657751331));
#6270=CARTESIAN_POINT('',(0.006751850881588,0.0116,-0.000844));
#6271=CARTESIAN_POINT('',(0.006751850881588,0.0116,-0.000844));
#6272=CARTESIAN_POINT('',(0.006751850881588,0.0116,-0.000844));
#6273=CARTESIAN_POINT('',(0.00675185088158834,0.0089,-0.00084399999999983));
#6274=CARTESIAN_POINT('',(0.007191472610725,0.0116,-0.0006200015408538));
#6275=CARTESIAN_POINT('',(0.007191472610725,0.0116,-0.0006200015408538));
#6276=CARTESIAN_POINT('',(0.007191472610725,0.0089,-0.0006200015408538));
#6277=CARTESIAN_POINT('',(0.00719147261072528,0.0089,-0.000620001540853779));
#6278=CARTESIAN_POINT('',(0.00593270341779605,0.0089,-0.00126137647969076));
#6279=CARTESIAN_POINT('',(0.00529,0.0089,0.));
#6280=CARTESIAN_POINT('',(0.00529,0.0089,0.));
#6281=CARTESIAN_POINT('',(0.00677767339012797,0.0089,-0.00133672281506148));
#6282=CARTESIAN_POINT('',(0.00670373578404626,0.0089,7.40907529348262E-5));
#6283=CARTESIAN_POINT('',(0.006847943803465,0.0116,-0.002677562177061));
#6284=CARTESIAN_POINT('',(0.006777673390128,0.0089,-0.001336722815062));
#6285=CARTESIAN_POINT('',(0.006777673390128,0.0116,-0.001336722815062));
#6286=CARTESIAN_POINT('',(0.006777673390128,0.0116,-0.001336722815062));
#6287=CARTESIAN_POINT('',(0.0062821815058697,0.0116,-0.001365620686505));
#6288=CARTESIAN_POINT('',(0.0062821815058697,0.0116,-0.001365620686505));
#6289=CARTESIAN_POINT('',(0.0062821815058697,0.0116,-0.001365620686505));
#6290=CARTESIAN_POINT('',(0.00628218150586952,0.0089,-0.00136562068650501));
#6291=CARTESIAN_POINT('',(0.006774904320931,0.0116,-0.001339798177965));
#6292=CARTESIAN_POINT('',(0.006774904320931,0.0116,-0.001339798177965));
#6293=CARTESIAN_POINT('',(0.006774904320931,0.0089,-0.001339798177965));
#6294=CARTESIAN_POINT('',(0.00677490432093114,0.0089,-0.0013397981779653));
#6295=CARTESIAN_POINT('',(0.00536409075293485,0.0089,-0.00141373578404661));
#6296=CARTESIAN_POINT('',(0.00529,0.0089,0.));
#6297=CARTESIAN_POINT('',(0.00529,0.0089,0.));
#6298=CARTESIAN_POINT('',(0.00610536311748565,0.0089,-0.00182624833652039));
#6299=CARTESIAN_POINT('',(0.00661164732795419,0.0089,-0.000507332876202271));
#6300=CARTESIAN_POINT('',(0.0056241898333936,0.0116,-0.003079747597132));
#6301=CARTESIAN_POINT('',(0.0061053631174858,0.0089,-0.00182624833652));
#6302=CARTESIAN_POINT('',(0.0061053631174858,0.0116,-0.00182624833652));
#6303=CARTESIAN_POINT('',(0.0061053631174858,0.0116,-0.00182624833652));
#6304=CARTESIAN_POINT('',(0.0056409549341004,0.0116,-0.001651113150039));
#6305=CARTESIAN_POINT('',(0.0056409549341004,0.0116,-0.001651113150039));
#6306=CARTESIAN_POINT('',(0.0056409549341004,0.0116,-0.001651113150039));
#6307=CARTESIAN_POINT('',(0.0056409549341004,0.0089,-0.001651113150039));
#6308=CARTESIAN_POINT('',(0.0061015825841159,0.0116,-0.001827931538423));
#6309=CARTESIAN_POINT('',(0.0061015825841159,0.0116,-0.001827931538423));
#6310=CARTESIAN_POINT('',(0.0061015825841159,0.0089,-0.001827931538423));
#6311=CARTESIAN_POINT('',(0.00610158258411566,0.0089,-0.0018279315384228));
#6312=CARTESIAN_POINT('',(0.00478266712379762,0.0089,-0.00132164732795446));
#6313=CARTESIAN_POINT('',(0.00529,0.0089,0.));
#6314=CARTESIAN_POINT('',(0.00529,0.0089,0.));
#6315=CARTESIAN_POINT('',(0.00529206915448965,0.0089,-0.00199999892964976));
#6316=CARTESIAN_POINT('',(0.00629103404206945,0.0089,-0.00100103404206945));
#6317=CARTESIAN_POINT('',(0.0043426514051089,0.0116,-0.00294941667903));
#6318=CARTESIAN_POINT('',(0.0052920691544894,0.0089,-0.00199999892965));
#6319=CARTESIAN_POINT('',(0.0052920691544894,0.0116,-0.00199999892965));
#6320=CARTESIAN_POINT('',(0.0052920691544894,0.0116,-0.00199999892965));
#6321=CARTESIAN_POINT('',(0.0049390450658996,0.0116,-0.001651113150039));
#6322=CARTESIAN_POINT('',(0.0049390450658996,0.0116,-0.001651113150039));
#6323=CARTESIAN_POINT('',(0.0049390450658996,0.0116,-0.001651113150039));
#6324=CARTESIAN_POINT('',(0.00493904506589968,0.0089,-0.00165111315003908));
#6325=CARTESIAN_POINT('',(0.0052879308455106,0.0116,-0.00199999892965));
#6326=CARTESIAN_POINT('',(0.0052879308455106,0.0116,-0.00199999892965));
#6327=CARTESIAN_POINT('',(0.0052879308455106,0.0089,-0.00199999892965));
#6328=CARTESIAN_POINT('',(0.00528793084551042,0.0089,-0.00199999892964982));
#6329=CARTESIAN_POINT('',(0.0042889659579303,0.0089,-0.0010010340420697));
#6330=CARTESIAN_POINT('',(0.00529,0.0089,0.));
#6331=CARTESIAN_POINT('',(0.00529,0.0089,0.));
#6332=CARTESIAN_POINT('',(0.00447841741588448,0.0089,-0.00182793153842285));
#6333=CARTESIAN_POINT('',(0.00579733287620241,0.0089,-0.00132164732795453));
#6334=CARTESIAN_POINT('',(0.003224918155273,0.0116,-0.002309104822515));
#6335=CARTESIAN_POINT('',(0.0044784174158841,0.0089,-0.001827931538423));
#6336=CARTESIAN_POINT('',(0.0044784174158841,0.0116,-0.001827931538423));
#6337=CARTESIAN_POINT('',(0.0044784174158841,0.0116,-0.001827931538423));
#6338=CARTESIAN_POINT('',(0.0042978184941303,0.0116,-0.001365620686505));
#6339=CARTESIAN_POINT('',(0.0042978184941303,0.0116,-0.001365620686505));
#6340=CARTESIAN_POINT('',(0.0042978184941303,0.0116,-0.001365620686505));
#6341=CARTESIAN_POINT('',(0.00429781849413016,0.0089,-0.00136562068650462));
#6342=CARTESIAN_POINT('',(0.0044746368825142,0.0116,-0.00182624833652));
#6343=CARTESIAN_POINT('',(0.0044746368825142,0.0116,-0.00182624833652));
#6344=CARTESIAN_POINT('',(0.0044746368825142,0.0089,-0.00182624833652));
#6345=CARTESIAN_POINT('',(0.00447463688251414,0.0089,-0.00182624833652029));
#6346=CARTESIAN_POINT('',(0.00396835267204578,0.0089,-0.000507332876202281));
#6347=CARTESIAN_POINT('',(0.00529,0.0089,0.));
#6348=CARTESIAN_POINT('',(0.00529,0.0089,0.));
#6349=CARTESIAN_POINT('',(0.00380509567906851,0.0089,-0.00133979817796497));
#6350=CARTESIAN_POINT('',(0.00521590924706515,0.0089,-0.00141373578404676));
#6351=CARTESIAN_POINT('',(0.002464256317069,0.0116,-0.001269527764628));
#6352=CARTESIAN_POINT('',(0.003805095679069,0.0089,-0.001339798177965));
#6353=CARTESIAN_POINT('',(0.003805095679069,0.0116,-0.001339798177965));
#6354=CARTESIAN_POINT('',(0.003805095679069,0.0116,-0.001339798177965));
#6355=CARTESIAN_POINT('',(0.003828149118412,0.0116,-0.000844));
#6356=CARTESIAN_POINT('',(0.003828149118412,0.0116,-0.000844));
#6357=CARTESIAN_POINT('',(0.003828149118412,0.0116,-0.000844));
#6358=CARTESIAN_POINT('',(0.003828149118412,0.0089,-0.000843999999999881));
#6359=CARTESIAN_POINT('',(0.003802326609872,0.0116,-0.001336722815062));
#6360=CARTESIAN_POINT('',(0.003802326609872,0.0116,-0.001336722815062));
#6361=CARTESIAN_POINT('',(0.003802326609872,0.0089,-0.001336722815062));
#6362=CARTESIAN_POINT('',(0.00380232660987231,0.0089,-0.00133672281506189));
#6363=CARTESIAN_POINT('',(0.0038762642159536,0.0089,7.40907529348333E-5));
#6364=CARTESIAN_POINT('',(0.00529,0.0089,0.));
#6365=CARTESIAN_POINT('',(0.00529,0.0089,0.));
#6366=CARTESIAN_POINT('',(0.00338852738927467,0.0089,-0.000620001540853632));
#6367=CARTESIAN_POINT('',(0.00464729658220395,0.0089,-0.00126137647969078));
#6368=CARTESIAN_POINT('',(0.00219219123272,0.0116,-1.043782293897E-5));
#6369=CARTESIAN_POINT('',(0.003388527389275,0.0089,-0.0006200015408538));
#6370=CARTESIAN_POINT('',(0.003388527389275,0.0116,-0.0006200015408538));
#6371=CARTESIAN_POINT('',(0.003388527389275,0.0116,-0.0006200015408538));
#6372=CARTESIAN_POINT('',(0.003611247040618,0.0116,-0.0001764440459958));
#6373=CARTESIAN_POINT('',(0.003611247040618,0.0116,-0.0001764440459958));
#6374=CARTESIAN_POINT('',(0.003611247040618,0.0116,-0.0001764440459958));
#6375=CARTESIAN_POINT('',(0.00361124704061801,0.0089,-0.000176444045995785));
#6376=CARTESIAN_POINT('',(0.003387248581472,0.0116,-0.0006160657751331));
#6377=CARTESIAN_POINT('',(0.003387248581472,0.0116,-0.0006160657751331));
#6378=CARTESIAN_POINT('',(0.003387248581472,0.0089,-0.0006160657751331));
#6379=CARTESIAN_POINT('',(0.00338724858147203,0.0089,-0.000616065775132825));
#6380=CARTESIAN_POINT('',(0.00402862352030881,0.0089,0.000642703417796263));
#6381=CARTESIAN_POINT('',(0.00529,0.0089,0.));
#6382=CARTESIAN_POINT('',(0.00529,0.0089,0.));
#6383=CARTESIAN_POINT('',(0.00330074098821116,0.0089,0.000206998995208395));
#6384=CARTESIAN_POINT('',(0.00418981317705686,0.0089,-0.000890913722750813));
#6385=CARTESIAN_POINT('',(0.002455765426943,0.0116,0.001250456913161));
#6386=CARTESIAN_POINT('',(0.003300740988211,0.0089,0.0002069989952086));
#6387=CARTESIAN_POINT('',(0.003300740988211,0.0116,0.0002069989952086));
#6388=CARTESIAN_POINT('',(0.003300740988211,0.0116,0.0002069989952086));
#6389=CARTESIAN_POINT('',(0.003684616600494,0.0116,0.0005216206865049));
#6390=CARTESIAN_POINT('',(0.003684616600494,0.0116,0.0005216206865049));
#6391=CARTESIAN_POINT('',(0.003684616600494,0.0116,0.0005216206865049));
#6392=CARTESIAN_POINT('',(0.00368461660049386,0.0089,0.000521620686504782));
#6393=CARTESIAN_POINT('',(0.003301173559289,0.0116,0.0002111146340978));
#6394=CARTESIAN_POINT('',(0.003301173559289,0.0116,0.0002111146340978));
#6395=CARTESIAN_POINT('',(0.003301173559289,0.0089,0.0002111146340978));
#6396=CARTESIAN_POINT('',(0.00330117355928918,0.0089,0.000211114634097704));
#6397=CARTESIAN_POINT('',(0.00439908627724916,0.0089,0.00110018682294317));
#6398=CARTESIAN_POINT('',(0.00529,0.0089,0.));
#6399=CARTESIAN_POINT('',(0.00529,0.0089,0.));
#6400=CARTESIAN_POINT('',(0.003556915542137,0.0089,0.000998207524472599));
#6401=CARTESIAN_POINT('',(0.00392256206847994,0.0089,-0.000366403889450442));
#6402=CARTESIAN_POINT('',(0.00320940452706,0.0116,0.00229513628893));
#6403=CARTESIAN_POINT('',(0.003556915542137,0.0089,0.0009982075244726));
#6404=CARTESIAN_POINT('',(0.003556915542137,0.0116,0.0009982075244726));
#6405=CARTESIAN_POINT('',(0.003556915542137,0.0116,0.0009982075244726));
#6406=CARTESIAN_POINT('',(0.004035571534594,0.0116,0.001129492463534));
#6407=CARTESIAN_POINT('',(0.004035571534594,0.0116,0.001129492463534));
#6408=CARTESIAN_POINT('',(0.004035571534594,0.0116,0.001129492463534));
#6409=CARTESIAN_POINT('',(0.0040355715345939,0.0089,0.00112949246353397));
#6410=CARTESIAN_POINT('',(0.003558984696626,0.0116,0.001001791405177));
#6411=CARTESIAN_POINT('',(0.003558984696626,0.0116,0.001001791405177));
#6412=CARTESIAN_POINT('',(0.003558984696626,0.0089,0.001001791405177));
#6413=CARTESIAN_POINT('',(0.00355898469662643,0.0089,0.00100179140517724));
#6414=CARTESIAN_POINT('',(0.00492359611054951,0.0089,0.00136743793152024));
#6415=CARTESIAN_POINT('',(0.00529,0.0089,0.));
#6416=CARTESIAN_POINT('',(0.00529,0.0089,0.));
#6417=CARTESIAN_POINT('',(0.00411275614340494,0.0089,0.00161681690432459));
#6418=CARTESIAN_POINT('',(0.00389175340104686,0.0089,0.000221460505010844));
#6419=CARTESIAN_POINT('',(0.0043227974860648,0.0116,0.002942965749685));
#6420=CARTESIAN_POINT('',(0.004112756143405,0.0089,0.001616816904325));
#6421=CARTESIAN_POINT('',(0.004112756143405,0.0116,0.001616816904325));
#6422=CARTESIAN_POINT('',(0.004112756143405,0.0116,0.001616816904325));
#6423=CARTESIAN_POINT('',(0.005603428546488,0.0116,0.003081929696315));
#6424=CARTESIAN_POINT('',(0.0048721529024035,0.0089,0.001955863953099));
#6425=CARTESIAN_POINT('',(0.00487215290240326,0.0089,0.00195586395309863));
#6426=CARTESIAN_POINT('',(0.0048721529024035,0.0116,0.001955863953099));
#6427=CARTESIAN_POINT('',(0.0048721529024035,0.0116,0.001955863953099));
#6428=CARTESIAN_POINT('',(0.004603428546488,0.0116,0.001542064732501));
#6429=CARTESIAN_POINT('',(0.004603428546488,0.0116,0.001542064732501));
#6430=CARTESIAN_POINT('',(0.00460342854648797,0.0089,0.00154206473250101));
#6431=CARTESIAN_POINT('',(0.00410271427324414,0.0089,0.000771032366250265));
#6432=CARTESIAN_POINT('',(0.00529,0.0089,0.));
#6433=CARTESIAN_POINT('',(0.00529,0.0089,0.));
#6434=CARTESIAN_POINT('',(0.00411610410569729,0.0089,0.00161924934131205));
#6435=CARTESIAN_POINT('',(0.00551146050501091,0.0089,0.00139824659895358));
#6436=CARTESIAN_POINT('',(0.004603428546488,0.0116,0.001542064732501));
#6437=CARTESIAN_POINT('',(0.004116104105697,0.0116,0.001619249341312));
#6438=CARTESIAN_POINT('',(0.004116104105697,0.0116,0.001619249341312));
#6439=CARTESIAN_POINT('',(0.004116104105697,0.0089,0.001619249341312));
#6440=CARTESIAN_POINT('',(0.00529,0.011500008333938,0.));
#6441=CARTESIAN_POINT('',(0.00529,0.011600006779467,0.));
#6442=CARTESIAN_POINT('',(0.00529,0.011600006779467,0.0008499885164074));
#6443=CARTESIAN_POINT('',(0.00529,0.0116,0.));
#6444=CARTESIAN_POINT('',(0.00529,0.0116,0.));
#6445=CARTESIAN_POINT('',(0.00529,0.0116,0.));
#6446=CARTESIAN_POINT('',(0.00529,0.0116,0.));
#6447=CARTESIAN_POINT('',(0.00529,0.0116,0.));
#6448=CARTESIAN_POINT('',(0.00529,0.0116,0.));
#6449=CARTESIAN_POINT('',(0.00529,0.0116,0.));
#6450=CARTESIAN_POINT('',(0.00529,0.0116,0.));
#6451=CARTESIAN_POINT('',(0.00529,0.0116,0.));
#6452=CARTESIAN_POINT('',(0.00529,0.0116,0.));
#6453=CARTESIAN_POINT('',(0.00529,0.0116,0.));
#6454=CARTESIAN_POINT('',(0.00529,0.0116,0.));
#6455=CARTESIAN_POINT('',(0.00529,0.0116,0.));
#6456=CARTESIAN_POINT('',(0.00529,0.0116,0.));
#6457=CARTESIAN_POINT('',(0.00529,0.0116,0.));
#6458=CARTESIAN_POINT('',(0.00529,0.0116,0.));
#6459=CARTESIAN_POINT('',(0.00529,0.0069,0.));
#6460=CARTESIAN_POINT('',(0.,0.0083,0.));
#6461=MECHANICAL_DESIGN_GEOMETRIC_PRESENTATION_REPRESENTATION('',(#3510),
#6462);
#6462=(
GEOMETRIC_REPRESENTATION_CONTEXT(3)
GLOBAL_UNCERTAINTY_ASSIGNED_CONTEXT((#6463))
GLOBAL_UNIT_ASSIGNED_CONTEXT((#6466,#6465,#6464))
REPRESENTATION_CONTEXT('HS-53','TOP_LEVEL_ASSEMBLY_PART')
);
#6463=UNCERTAINTY_MEASURE_WITH_UNIT(LENGTH_MEASURE(2.E-5),#6466,
'DISTANCE_ACCURACY_VALUE','Maximum Tolerance applied to model');
#6464=(
NAMED_UNIT(*)
SI_UNIT($,.STERADIAN.)
SOLID_ANGLE_UNIT()
);
#6465=(
NAMED_UNIT(*)
PLANE_ANGLE_UNIT()
SI_UNIT($,.RADIAN.)
);
#6466=(
LENGTH_UNIT()
NAMED_UNIT(*)
SI_UNIT($,.METRE.)
);
#6467=PRODUCT_DEFINITION_SHAPE('','',#6468);
#6468=PRODUCT_DEFINITION('','',#6470,#6469);
#6469=PRODUCT_DEFINITION_CONTEXT('',#6476,'design');
#6470=PRODUCT_DEFINITION_FORMATION_WITH_SPECIFIED_SOURCE('','',#6472,
 .NOT_KNOWN.);
#6471=PRODUCT_RELATED_PRODUCT_CATEGORY('','',(#6472));
#6472=PRODUCT('HS-53','HS-53','HS-53',(#6474));
#6473=PRODUCT_CATEGORY('','');
#6474=PRODUCT_CONTEXT('',#6476,'mechanical');
#6475=APPLICATION_PROTOCOL_DEFINITION('international standard',
'ap242_managed_model_based_3d_engineering',2011,#6476);
#6476=APPLICATION_CONTEXT('managed model based 3d engineering');
ENDSEC;
END-ISO-10303-21;
